The following module labels are either not assigned to any path,
or they have been assigned to ignored path(s):
  opdigi10ppm
  sipmAr10ppm
  sipmAr10ppmExt
  sipmXe10ppm
  sipmXe10ppmExt
Info in <TGeoManager::Import>: Reading geometry from file: /exp/dune/app/users/dbrailsf/10kt/vd/localProducts_larsoft_v10_14_00_e26_prof/dunecore/v10_14_00d00/gdml/dunevd10kt_3view_30deg_v5_refactored_1x8x14ref.gdml
Info in <TGeoManager::TGeoManager>: Geometry GDMLImport, Geometry imported from GDML created
Error: Unsupported GDML Tag Used :gdml_simple_extension. Please Check Geometry/Schema.
Error: Unsupported GDML Tag Used :extension. Please Check Geometry/Schema.
Error: Unsupported GDML Tag Used :color. Please Check Geometry/Schema.
Error: Unsupported GDML Tag Used :color. Please Check Geometry/Schema.
Error: Unsupported GDML Tag Used :color. Please Check Geometry/Schema.
Error: Unsupported GDML Tag Used :color. Please Check Geometry/Schema.
Error: Unsupported GDML Tag Used :color. Please Check Geometry/Schema.
Info in <TGeoManager::SetTopVolume>: Top volume is volWorld. Master volume is volWorld
Info in <TGeoNavigator::BuildCache>: --- Maximum geometry depth set to 100
Info in <TGeoManager::CheckGeometry>: Fixing runtime shapes...
Info in <TGeoManager::CheckGeometry>: ...Nothing to fix
Info in <TGeoManager::CloseGeometry>: Counting nodes...
Info in <TGeoManager::Voxelize>: Voxelizing...
Info in <TGeoManager::CloseGeometry>: Building cache...
Info in <TGeoManager::CountLevels>: max level = 5, max placements = 462
Info in <TGeoManager::CloseGeometry>: 98051 nodes/ 598 volume UID's in Geometry imported from GDML
Info in <TGeoManager::CloseGeometry>: ----------------modeler ready----------------
registering to  primaryGeneratorActionsMap_
registering to   eventActionsMap_
registering to   trackingActionsMap_
registering to  steppingActionsMap_
Warning in <TFile::Append>: Replacing existing TH1: FieldResponse_U (Potential memory leak).
Warning in <TFile::Append>: Replacing existing TH1: FieldResponse_V (Potential memory leak).
Warning in <TFile::Append>: Replacing existing TH1: FieldResponse_Y (Potential memory leak).
[09:12:30.217] D [  main  ] configuring component: "wclsSimDepoSetSource":""
[09:12:30.219] D [  main  ] configuring component: "Random":""
[09:12:30.219] D [  main  ] configuring component: "Drifter":""
[09:12:30.219] D [  gen   ] <Drifter:> time offset: 0 ms, drift speed: 1.60563 mm/us 
[09:12:30.219] D [  main  ] configuring component: "DepoSetDrifter":""
[09:12:30.219] D [  main  ] configuring component: "WireSchemaFile":""
[09:12:30.220] I [  wct   ] loading compressed json file: /exp/dune/app/users/dbrailsf/10kt/vd/localProducts_larsoft_v10_14_00_e26_prof/dunereco/v10_14_00d00/wire-cell-cfg/dunevd10kt_3view_30deg_v7_refactored_1x8x14.json.bz2
[09:12:45.095] D [  main  ] configuring component: "AnodePlane":"crm0"
[09:12:45.095] D [  geom  ] <AnodePlane:crm0> X planes: "cathode"@ -3.25m, "response"@3.0608m, "anode"@3.25m, dirx=-1 
[09:12:45.095] D [  geom  ] <AnodePlane:crm0> face:0, plane:0, origin:(3060.8 -5911.5 753.099) mm 
[09:12:45.096] D [  geom  ] <AnodePlane:crm0> face:0, plane:1, origin:(3060.8 -5911.5 753.099) mm 
[09:12:45.096] D [  geom  ] <AnodePlane:crm0> face:0, plane:2, origin:(3060.8 -5911.5 753.1) mm 
[09:12:45.096] D [  geom  ] <AnodePlane:crm0> face:0 with 3 planes and sensvol: [(-3250 -6750.68 8.5) --> (3250 -5072.32 1497.7)] 
[09:12:45.096] D [  main  ] configuring component: "AnodePlane":"crm1"
[09:12:45.096] D [  geom  ] <AnodePlane:crm1> X planes: "cathode"@ -3.25m, "response"@3.0608m, "anode"@3.25m, dirx=-1 
[09:12:45.096] D [  geom  ] <AnodePlane:crm1> face:0, plane:0, origin:(3060.8 -4232.5 753.099) mm 
[09:12:45.097] D [  geom  ] <AnodePlane:crm1> face:0, plane:1, origin:(3060.8 -4232.5 753.099) mm 
[09:12:45.097] D [  geom  ] <AnodePlane:crm1> face:0, plane:2, origin:(3060.8 -4232.5 753.1) mm 
[09:12:45.097] D [  geom  ] <AnodePlane:crm1> face:0 with 3 planes and sensvol: [(-3250 -5071.68 8.5) --> (3250 -3393.32 1497.7)] 
[09:12:45.097] D [  main  ] configuring component: "AnodePlane":"crm2"
[09:12:45.097] D [  geom  ] <AnodePlane:crm2> X planes: "cathode"@ -3.25m, "response"@3.0608m, "anode"@3.25m, dirx=-1 
[09:12:45.097] D [  geom  ] <AnodePlane:crm2> face:0, plane:0, origin:(3060.8 -2536.5 753.099) mm 
[09:12:45.098] D [  geom  ] <AnodePlane:crm2> face:0, plane:1, origin:(3060.8 -2536.5 753.099) mm 
[09:12:45.098] D [  geom  ] <AnodePlane:crm2> face:0, plane:2, origin:(3060.8 -2536.5 753.1) mm 
[09:12:45.098] D [  geom  ] <AnodePlane:crm2> face:0 with 3 planes and sensvol: [(-3250 -3375.68 8.5) --> (3250 -1697.32 1497.7)] 
[09:12:45.098] D [  main  ] configuring component: "AnodePlane":"crm3"
[09:12:45.098] D [  geom  ] <AnodePlane:crm3> X planes: "cathode"@ -3.25m, "response"@3.0608m, "anode"@3.25m, dirx=-1 
[09:12:45.098] D [  geom  ] <AnodePlane:crm3> face:0, plane:0, origin:(3060.8 -857.501 753.099) mm 
[09:12:45.099] D [  geom  ] <AnodePlane:crm3> face:0, plane:1, origin:(3060.8 -857.499 753.099) mm 
[09:12:45.099] D [  geom  ] <AnodePlane:crm3> face:0, plane:2, origin:(3060.8 -857.5 753.1) mm 
[09:12:45.099] D [  geom  ] <AnodePlane:crm3> face:0 with 3 planes and sensvol: [(-3250 -1696.68 8.5) --> (3250 -18.322 1497.7)] 
[09:12:45.099] D [  main  ] configuring component: "AnodePlane":"crm4"
[09:12:45.099] D [  geom  ] <AnodePlane:crm4> X planes: "cathode"@ -3.25m, "response"@3.0608m, "anode"@3.25m, dirx=-1 
[09:12:45.099] D [  geom  ] <AnodePlane:crm4> face:0, plane:0, origin:(3060.8 857.499 753.099) mm 
[09:12:45.099] D [  geom  ] <AnodePlane:crm4> face:0, plane:1, origin:(3060.8 857.501 753.099) mm 
[09:12:45.100] D [  geom  ] <AnodePlane:crm4> face:0, plane:2, origin:(3060.8 857.5 753.1) mm 
[09:12:45.100] D [  geom  ] <AnodePlane:crm4> face:0 with 3 planes and sensvol: [(-3250 18.322 8.5) --> (3250 1696.68 1497.7)] 
[09:12:45.100] D [  main  ] configuring component: "AnodePlane":"crm5"
[09:12:45.100] D [  geom  ] <AnodePlane:crm5> X planes: "cathode"@ -3.25m, "response"@3.0608m, "anode"@3.25m, dirx=-1 
[09:12:45.100] D [  geom  ] <AnodePlane:crm5> face:0, plane:0, origin:(3060.8 2536.5 753.099) mm 
[09:12:45.100] D [  geom  ] <AnodePlane:crm5> face:0, plane:1, origin:(3060.8 2536.5 753.099) mm 
[09:12:45.101] D [  geom  ] <AnodePlane:crm5> face:0, plane:2, origin:(3060.8 2536.5 753.1) mm 
[09:12:45.101] D [  geom  ] <AnodePlane:crm5> face:0 with 3 planes and sensvol: [(-3250 1697.32 8.5) --> (3250 3375.68 1497.7)] 
[09:12:45.101] D [  main  ] configuring component: "AnodePlane":"crm6"
[09:12:45.101] D [  geom  ] <AnodePlane:crm6> X planes: "cathode"@ -3.25m, "response"@3.0608m, "anode"@3.25m, dirx=-1 
[09:12:45.101] D [  geom  ] <AnodePlane:crm6> face:0, plane:0, origin:(3060.8 4232.5 753.099) mm 
[09:12:45.101] D [  geom  ] <AnodePlane:crm6> face:0, plane:1, origin:(3060.8 4232.5 753.099) mm 
[09:12:45.101] D [  geom  ] <AnodePlane:crm6> face:0, plane:2, origin:(3060.8 4232.5 753.1) mm 
[09:12:45.102] D [  geom  ] <AnodePlane:crm6> face:0 with 3 planes and sensvol: [(-3250 3393.32 8.5) --> (3250 5071.68 1497.7)] 
[09:12:45.102] D [  main  ] configuring component: "AnodePlane":"crm7"
[09:12:45.102] D [  geom  ] <AnodePlane:crm7> X planes: "cathode"@ -3.25m, "response"@3.0608m, "anode"@3.25m, dirx=-1 
[09:12:45.102] D [  geom  ] <AnodePlane:crm7> face:0, plane:0, origin:(3060.8 5911.5 753.099) mm 
[09:12:45.102] D [  geom  ] <AnodePlane:crm7> face:0, plane:1, origin:(3060.8 5911.5 753.099) mm 
[09:12:45.102] D [  geom  ] <AnodePlane:crm7> face:0, plane:2, origin:(3060.8 5911.5 753.1) mm 
[09:12:45.102] D [  geom  ] <AnodePlane:crm7> face:0 with 3 planes and sensvol: [(-3250 5072.32 8.5) --> (3250 6750.68 1497.7)] 
[09:12:45.103] D [  main  ] configuring component: "AnodePlane":"crm8"
[09:12:45.103] D [  geom  ] <AnodePlane:crm8> X planes: "cathode"@ -3.25m, "response"@3.0608m, "anode"@3.25m, dirx=-1 
[09:12:45.103] D [  geom  ] <AnodePlane:crm8> face:0, plane:0, origin:(3060.8 -5911.5 2242.3) mm 
[09:12:45.103] D [  geom  ] <AnodePlane:crm8> face:0, plane:1, origin:(3060.8 -5911.5 2242.3) mm 
[09:12:45.103] D [  geom  ] <AnodePlane:crm8> face:0, plane:2, origin:(3060.8 -5911.5 2242.3) mm 
[09:12:45.103] D [  geom  ] <AnodePlane:crm8> face:0 with 3 planes and sensvol: [(-3250 -6750.68 1497.7) --> (3250 -5072.32 2986.9)] 
[09:12:45.103] D [  main  ] configuring component: "AnodePlane":"crm9"
[09:12:45.104] D [  geom  ] <AnodePlane:crm9> X planes: "cathode"@ -3.25m, "response"@3.0608m, "anode"@3.25m, dirx=-1 
[09:12:45.104] D [  geom  ] <AnodePlane:crm9> face:0, plane:0, origin:(3060.8 -4232.5 2242.3) mm 
[09:12:45.104] D [  geom  ] <AnodePlane:crm9> face:0, plane:1, origin:(3060.8 -4232.5 2242.3) mm 
[09:12:45.104] D [  geom  ] <AnodePlane:crm9> face:0, plane:2, origin:(3060.8 -4232.5 2242.3) mm 
[09:12:45.104] D [  geom  ] <AnodePlane:crm9> face:0 with 3 planes and sensvol: [(-3250 -5071.68 1497.7) --> (3250 -3393.32 2986.9)] 
[09:12:45.104] D [  main  ] configuring component: "AnodePlane":"crm10"
[09:12:45.104] D [  geom  ] <AnodePlane:crm10> X planes: "cathode"@ -3.25m, "response"@3.0608m, "anode"@3.25m, dirx=-1 
[09:12:45.105] D [  geom  ] <AnodePlane:crm10> face:0, plane:0, origin:(3060.8 -2536.5 2242.3) mm 
[09:12:45.105] D [  geom  ] <AnodePlane:crm10> face:0, plane:1, origin:(3060.8 -2536.5 2242.3) mm 
[09:12:45.105] D [  geom  ] <AnodePlane:crm10> face:0, plane:2, origin:(3060.8 -2536.5 2242.3) mm 
[09:12:45.105] D [  geom  ] <AnodePlane:crm10> face:0 with 3 planes and sensvol: [(-3250 -3375.68 1497.7) --> (3250 -1697.32 2986.9)] 
[09:12:45.105] D [  main  ] configuring component: "AnodePlane":"crm11"
[09:12:45.105] D [  geom  ] <AnodePlane:crm11> X planes: "cathode"@ -3.25m, "response"@3.0608m, "anode"@3.25m, dirx=-1 
[09:12:45.106] D [  geom  ] <AnodePlane:crm11> face:0, plane:0, origin:(3060.8 -857.501 2242.3) mm 
[09:12:45.106] D [  geom  ] <AnodePlane:crm11> face:0, plane:1, origin:(3060.8 -857.499 2242.3) mm 
[09:12:45.106] D [  geom  ] <AnodePlane:crm11> face:0, plane:2, origin:(3060.8 -857.5 2242.3) mm 
[09:12:45.106] D [  geom  ] <AnodePlane:crm11> face:0 with 3 planes and sensvol: [(-3250 -1696.68 1497.7) --> (3250 -18.322 2986.9)] 
[09:12:45.106] D [  main  ] configuring component: "AnodePlane":"crm12"
[09:12:45.106] D [  geom  ] <AnodePlane:crm12> X planes: "cathode"@ -3.25m, "response"@3.0608m, "anode"@3.25m, dirx=-1 
[09:12:45.106] D [  geom  ] <AnodePlane:crm12> face:0, plane:0, origin:(3060.8 857.499 2242.3) mm 
[09:12:45.107] D [  geom  ] <AnodePlane:crm12> face:0, plane:1, origin:(3060.8 857.501 2242.3) mm 
[09:12:45.107] D [  geom  ] <AnodePlane:crm12> face:0, plane:2, origin:(3060.8 857.5 2242.3) mm 
[09:12:45.107] D [  geom  ] <AnodePlane:crm12> face:0 with 3 planes and sensvol: [(-3250 18.322 1497.7) --> (3250 1696.68 2986.9)] 
[09:12:45.107] D [  main  ] configuring component: "AnodePlane":"crm13"
[09:12:45.107] D [  geom  ] <AnodePlane:crm13> X planes: "cathode"@ -3.25m, "response"@3.0608m, "anode"@3.25m, dirx=-1 
[09:12:45.107] D [  geom  ] <AnodePlane:crm13> face:0, plane:0, origin:(3060.8 2536.5 2242.3) mm 
[09:12:45.108] D [  geom  ] <AnodePlane:crm13> face:0, plane:1, origin:(3060.8 2536.5 2242.3) mm 
[09:12:45.108] D [  geom  ] <AnodePlane:crm13> face:0, plane:2, origin:(3060.8 2536.5 2242.3) mm 
[09:12:45.108] D [  geom  ] <AnodePlane:crm13> face:0 with 3 planes and sensvol: [(-3250 1697.32 1497.7) --> (3250 3375.68 2986.9)] 
[09:12:45.108] D [  main  ] configuring component: "AnodePlane":"crm14"
[09:12:45.108] D [  geom  ] <AnodePlane:crm14> X planes: "cathode"@ -3.25m, "response"@3.0608m, "anode"@3.25m, dirx=-1 
[09:12:45.108] D [  geom  ] <AnodePlane:crm14> face:0, plane:0, origin:(3060.8 4232.5 2242.3) mm 
[09:12:45.109] D [  geom  ] <AnodePlane:crm14> face:0, plane:1, origin:(3060.8 4232.5 2242.3) mm 
[09:12:45.109] D [  geom  ] <AnodePlane:crm14> face:0, plane:2, origin:(3060.8 4232.5 2242.3) mm 
[09:12:45.109] D [  geom  ] <AnodePlane:crm14> face:0 with 3 planes and sensvol: [(-3250 3393.32 1497.7) --> (3250 5071.68 2986.9)] 
[09:12:45.109] D [  main  ] configuring component: "AnodePlane":"crm15"
[09:12:45.109] D [  geom  ] <AnodePlane:crm15> X planes: "cathode"@ -3.25m, "response"@3.0608m, "anode"@3.25m, dirx=-1 
[09:12:45.109] D [  geom  ] <AnodePlane:crm15> face:0, plane:0, origin:(3060.8 5911.5 2242.3) mm 
[09:12:45.109] D [  geom  ] <AnodePlane:crm15> face:0, plane:1, origin:(3060.8 5911.5 2242.3) mm 
[09:12:45.110] D [  geom  ] <AnodePlane:crm15> face:0, plane:2, origin:(3060.8 5911.5 2242.3) mm 
[09:12:45.110] D [  geom  ] <AnodePlane:crm15> face:0 with 3 planes and sensvol: [(-3250 5072.32 1497.7) --> (3250 6750.68 2986.9)] 
[09:12:45.110] D [  main  ] configuring component: "AnodePlane":"crm16"
[09:12:45.110] D [  geom  ] <AnodePlane:crm16> X planes: "cathode"@ -3.25m, "response"@3.0608m, "anode"@3.25m, dirx=-1 
[09:12:45.110] D [  geom  ] <AnodePlane:crm16> face:0, plane:0, origin:(3060.8 -5911.5 3767.5) mm 
[09:12:45.110] D [  geom  ] <AnodePlane:crm16> face:0, plane:1, origin:(3060.8 -5911.5 3767.5) mm 
[09:12:45.111] D [  geom  ] <AnodePlane:crm16> face:0, plane:2, origin:(3060.8 -5911.5 3767.5) mm 
[09:12:45.111] D [  geom  ] <AnodePlane:crm16> face:0 with 3 planes and sensvol: [(-3250 -6750.68 3022.9) --> (3250 -5072.32 4512.1)] 
[09:12:45.111] D [  main  ] configuring component: "AnodePlane":"crm17"
[09:12:45.111] D [  geom  ] <AnodePlane:crm17> X planes: "cathode"@ -3.25m, "response"@3.0608m, "anode"@3.25m, dirx=-1 
[09:12:45.111] D [  geom  ] <AnodePlane:crm17> face:0, plane:0, origin:(3060.8 -4232.5 3767.5) mm 
[09:12:45.111] D [  geom  ] <AnodePlane:crm17> face:0, plane:1, origin:(3060.8 -4232.5 3767.5) mm 
[09:12:45.111] D [  geom  ] <AnodePlane:crm17> face:0, plane:2, origin:(3060.8 -4232.5 3767.5) mm 
[09:12:45.111] D [  geom  ] <AnodePlane:crm17> face:0 with 3 planes and sensvol: [(-3250 -5071.68 3022.9) --> (3250 -3393.32 4512.1)] 
[09:12:45.112] D [  main  ] configuring component: "AnodePlane":"crm18"
[09:12:45.112] D [  geom  ] <AnodePlane:crm18> X planes: "cathode"@ -3.25m, "response"@3.0608m, "anode"@3.25m, dirx=-1 
[09:12:45.112] D [  geom  ] <AnodePlane:crm18> face:0, plane:0, origin:(3060.8 -2536.5 3767.5) mm 
[09:12:45.112] D [  geom  ] <AnodePlane:crm18> face:0, plane:1, origin:(3060.8 -2536.5 3767.5) mm 
[09:12:45.112] D [  geom  ] <AnodePlane:crm18> face:0, plane:2, origin:(3060.8 -2536.5 3767.5) mm 
[09:12:45.112] D [  geom  ] <AnodePlane:crm18> face:0 with 3 planes and sensvol: [(-3250 -3375.68 3022.9) --> (3250 -1697.32 4512.1)] 
[09:12:45.112] D [  main  ] configuring component: "AnodePlane":"crm19"
[09:12:45.113] D [  geom  ] <AnodePlane:crm19> X planes: "cathode"@ -3.25m, "response"@3.0608m, "anode"@3.25m, dirx=-1 
[09:12:45.113] D [  geom  ] <AnodePlane:crm19> face:0, plane:0, origin:(3060.8 -857.501 3767.5) mm 
[09:12:45.113] D [  geom  ] <AnodePlane:crm19> face:0, plane:1, origin:(3060.8 -857.499 3767.5) mm 
[09:12:45.113] D [  geom  ] <AnodePlane:crm19> face:0, plane:2, origin:(3060.8 -857.5 3767.5) mm 
[09:12:45.113] D [  geom  ] <AnodePlane:crm19> face:0 with 3 planes and sensvol: [(-3250 -1696.68 3022.9) --> (3250 -18.322 4512.1)] 
[09:12:45.113] D [  main  ] configuring component: "AnodePlane":"crm20"
[09:12:45.113] D [  geom  ] <AnodePlane:crm20> X planes: "cathode"@ -3.25m, "response"@3.0608m, "anode"@3.25m, dirx=-1 
[09:12:45.114] D [  geom  ] <AnodePlane:crm20> face:0, plane:0, origin:(3060.8 857.499 3767.5) mm 
[09:12:45.114] D [  geom  ] <AnodePlane:crm20> face:0, plane:1, origin:(3060.8 857.501 3767.5) mm 
[09:12:45.114] D [  geom  ] <AnodePlane:crm20> face:0, plane:2, origin:(3060.8 857.5 3767.5) mm 
[09:12:45.114] D [  geom  ] <AnodePlane:crm20> face:0 with 3 planes and sensvol: [(-3250 18.322 3022.9) --> (3250 1696.68 4512.1)] 
[09:12:45.114] D [  main  ] configuring component: "AnodePlane":"crm21"
[09:12:45.114] D [  geom  ] <AnodePlane:crm21> X planes: "cathode"@ -3.25m, "response"@3.0608m, "anode"@3.25m, dirx=-1 
[09:12:45.115] D [  geom  ] <AnodePlane:crm21> face:0, plane:0, origin:(3060.8 2536.5 3767.5) mm 
[09:12:45.115] D [  geom  ] <AnodePlane:crm21> face:0, plane:1, origin:(3060.8 2536.5 3767.5) mm 
[09:12:45.115] D [  geom  ] <AnodePlane:crm21> face:0, plane:2, origin:(3060.8 2536.5 3767.5) mm 
[09:12:45.115] D [  geom  ] <AnodePlane:crm21> face:0 with 3 planes and sensvol: [(-3250 1697.32 3022.9) --> (3250 3375.68 4512.1)] 
[09:12:45.115] D [  main  ] configuring component: "AnodePlane":"crm22"
[09:12:45.115] D [  geom  ] <AnodePlane:crm22> X planes: "cathode"@ -3.25m, "response"@3.0608m, "anode"@3.25m, dirx=-1 
[09:12:45.115] D [  geom  ] <AnodePlane:crm22> face:0, plane:0, origin:(3060.8 4232.5 3767.5) mm 
[09:12:45.116] D [  geom  ] <AnodePlane:crm22> face:0, plane:1, origin:(3060.8 4232.5 3767.5) mm 
[09:12:45.116] D [  geom  ] <AnodePlane:crm22> face:0, plane:2, origin:(3060.8 4232.5 3767.5) mm 
[09:12:45.116] D [  geom  ] <AnodePlane:crm22> face:0 with 3 planes and sensvol: [(-3250 3393.32 3022.9) --> (3250 5071.68 4512.1)] 
[09:12:45.116] D [  main  ] configuring component: "AnodePlane":"crm23"
[09:12:45.116] D [  geom  ] <AnodePlane:crm23> X planes: "cathode"@ -3.25m, "response"@3.0608m, "anode"@3.25m, dirx=-1 
[09:12:45.116] D [  geom  ] <AnodePlane:crm23> face:0, plane:0, origin:(3060.8 5911.5 3767.5) mm 
[09:12:45.117] D [  geom  ] <AnodePlane:crm23> face:0, plane:1, origin:(3060.8 5911.5 3767.5) mm 
[09:12:45.117] D [  geom  ] <AnodePlane:crm23> face:0, plane:2, origin:(3060.8 5911.5 3767.5) mm 
[09:12:45.117] D [  geom  ] <AnodePlane:crm23> face:0 with 3 planes and sensvol: [(-3250 5072.32 3022.9) --> (3250 6750.68 4512.1)] 
[09:12:45.117] D [  main  ] configuring component: "AnodePlane":"crm24"
[09:12:45.117] D [  geom  ] <AnodePlane:crm24> X planes: "cathode"@ -3.25m, "response"@3.0608m, "anode"@3.25m, dirx=-1 
[09:12:45.117] D [  geom  ] <AnodePlane:crm24> face:0, plane:0, origin:(3060.8 -5911.5 5256.7) mm 
[09:12:45.117] D [  geom  ] <AnodePlane:crm24> face:0, plane:1, origin:(3060.8 -5911.5 5256.7) mm 
[09:12:45.118] D [  geom  ] <AnodePlane:crm24> face:0, plane:2, origin:(3060.8 -5911.5 5256.7) mm 
[09:12:45.118] D [  geom  ] <AnodePlane:crm24> face:0 with 3 planes and sensvol: [(-3250 -6750.68 4512.1) --> (3250 -5072.32 6001.3)] 
[09:12:45.118] D [  main  ] configuring component: "AnodePlane":"crm25"
[09:12:45.118] D [  geom  ] <AnodePlane:crm25> X planes: "cathode"@ -3.25m, "response"@3.0608m, "anode"@3.25m, dirx=-1 
[09:12:45.118] D [  geom  ] <AnodePlane:crm25> face:0, plane:0, origin:(3060.8 -4232.5 5256.7) mm 
[09:12:45.118] D [  geom  ] <AnodePlane:crm25> face:0, plane:1, origin:(3060.8 -4232.5 5256.7) mm 
[09:12:45.119] D [  geom  ] <AnodePlane:crm25> face:0, plane:2, origin:(3060.8 -4232.5 5256.7) mm 
[09:12:45.119] D [  geom  ] <AnodePlane:crm25> face:0 with 3 planes and sensvol: [(-3250 -5071.68 4512.1) --> (3250 -3393.32 6001.3)] 
[09:12:45.119] D [  main  ] configuring component: "AnodePlane":"crm26"
[09:12:45.119] D [  geom  ] <AnodePlane:crm26> X planes: "cathode"@ -3.25m, "response"@3.0608m, "anode"@3.25m, dirx=-1 
[09:12:45.119] D [  geom  ] <AnodePlane:crm26> face:0, plane:0, origin:(3060.8 -2536.5 5256.7) mm 
[09:12:45.119] D [  geom  ] <AnodePlane:crm26> face:0, plane:1, origin:(3060.8 -2536.5 5256.7) mm 
[09:12:45.119] D [  geom  ] <AnodePlane:crm26> face:0, plane:2, origin:(3060.8 -2536.5 5256.7) mm 
[09:12:45.120] D [  geom  ] <AnodePlane:crm26> face:0 with 3 planes and sensvol: [(-3250 -3375.68 4512.1) --> (3250 -1697.32 6001.3)] 
[09:12:45.120] D [  main  ] configuring component: "AnodePlane":"crm27"
[09:12:45.120] D [  geom  ] <AnodePlane:crm27> X planes: "cathode"@ -3.25m, "response"@3.0608m, "anode"@3.25m, dirx=-1 
[09:12:45.120] D [  geom  ] <AnodePlane:crm27> face:0, plane:0, origin:(3060.8 -857.501 5256.7) mm 
[09:12:45.120] D [  geom  ] <AnodePlane:crm27> face:0, plane:1, origin:(3060.8 -857.499 5256.7) mm 
[09:12:45.120] D [  geom  ] <AnodePlane:crm27> face:0, plane:2, origin:(3060.8 -857.5 5256.7) mm 
[09:12:45.120] D [  geom  ] <AnodePlane:crm27> face:0 with 3 planes and sensvol: [(-3250 -1696.68 4512.1) --> (3250 -18.322 6001.3)] 
[09:12:45.121] D [  main  ] configuring component: "AnodePlane":"crm28"
[09:12:45.121] D [  geom  ] <AnodePlane:crm28> X planes: "cathode"@ -3.25m, "response"@3.0608m, "anode"@3.25m, dirx=-1 
[09:12:45.121] D [  geom  ] <AnodePlane:crm28> face:0, plane:0, origin:(3060.8 857.499 5256.7) mm 
[09:12:45.121] D [  geom  ] <AnodePlane:crm28> face:0, plane:1, origin:(3060.8 857.501 5256.7) mm 
[09:12:45.121] D [  geom  ] <AnodePlane:crm28> face:0, plane:2, origin:(3060.8 857.5 5256.7) mm 
[09:12:45.121] D [  geom  ] <AnodePlane:crm28> face:0 with 3 planes and sensvol: [(-3250 18.322 4512.1) --> (3250 1696.68 6001.3)] 
[09:12:45.121] D [  main  ] configuring component: "AnodePlane":"crm29"
[09:12:45.122] D [  geom  ] <AnodePlane:crm29> X planes: "cathode"@ -3.25m, "response"@3.0608m, "anode"@3.25m, dirx=-1 
[09:12:45.122] D [  geom  ] <AnodePlane:crm29> face:0, plane:0, origin:(3060.8 2536.5 5256.7) mm 
[09:12:45.122] D [  geom  ] <AnodePlane:crm29> face:0, plane:1, origin:(3060.8 2536.5 5256.7) mm 
[09:12:45.122] D [  geom  ] <AnodePlane:crm29> face:0, plane:2, origin:(3060.8 2536.5 5256.7) mm 
[09:12:45.122] D [  geom  ] <AnodePlane:crm29> face:0 with 3 planes and sensvol: [(-3250 1697.32 4512.1) --> (3250 3375.68 6001.3)] 
[09:12:45.122] D [  main  ] configuring component: "AnodePlane":"crm30"
[09:12:45.122] D [  geom  ] <AnodePlane:crm30> X planes: "cathode"@ -3.25m, "response"@3.0608m, "anode"@3.25m, dirx=-1 
[09:12:45.123] D [  geom  ] <AnodePlane:crm30> face:0, plane:0, origin:(3060.8 4232.5 5256.7) mm 
[09:12:45.123] D [  geom  ] <AnodePlane:crm30> face:0, plane:1, origin:(3060.8 4232.5 5256.7) mm 
[09:12:45.123] D [  geom  ] <AnodePlane:crm30> face:0, plane:2, origin:(3060.8 4232.5 5256.7) mm 
[09:12:45.123] D [  geom  ] <AnodePlane:crm30> face:0 with 3 planes and sensvol: [(-3250 3393.32 4512.1) --> (3250 5071.68 6001.3)] 
[09:12:45.123] D [  main  ] configuring component: "AnodePlane":"crm31"
[09:12:45.123] D [  geom  ] <AnodePlane:crm31> X planes: "cathode"@ -3.25m, "response"@3.0608m, "anode"@3.25m, dirx=-1 
[09:12:45.124] D [  geom  ] <AnodePlane:crm31> face:0, plane:0, origin:(3060.8 5911.5 5256.7) mm 
[09:12:45.124] D [  geom  ] <AnodePlane:crm31> face:0, plane:1, origin:(3060.8 5911.5 5256.7) mm 
[09:12:45.124] D [  geom  ] <AnodePlane:crm31> face:0, plane:2, origin:(3060.8 5911.5 5256.7) mm 
[09:12:45.124] D [  geom  ] <AnodePlane:crm31> face:0 with 3 planes and sensvol: [(-3250 5072.32 4512.1) --> (3250 6750.68 6001.3)] 
[09:12:45.124] D [  main  ] configuring component: "AnodePlane":"crm32"
[09:12:45.124] D [  geom  ] <AnodePlane:crm32> X planes: "cathode"@ -3.25m, "response"@3.0608m, "anode"@3.25m, dirx=-1 
[09:12:45.124] D [  geom  ] <AnodePlane:crm32> face:0, plane:0, origin:(3060.8 -5911.5 6762.9) mm 
[09:12:45.125] D [  geom  ] <AnodePlane:crm32> face:0, plane:1, origin:(3060.8 -5911.5 6762.9) mm 
[09:12:45.125] D [  geom  ] <AnodePlane:crm32> face:0, plane:2, origin:(3060.8 -5911.5 6762.9) mm 
[09:12:45.125] D [  geom  ] <AnodePlane:crm32> face:0 with 3 planes and sensvol: [(-3250 -6750.68 6018.3) --> (3250 -5072.32 7507.5)] 
[09:12:45.125] D [  main  ] configuring component: "AnodePlane":"crm33"
[09:12:45.125] D [  geom  ] <AnodePlane:crm33> X planes: "cathode"@ -3.25m, "response"@3.0608m, "anode"@3.25m, dirx=-1 
[09:12:45.125] D [  geom  ] <AnodePlane:crm33> face:0, plane:0, origin:(3060.8 -4232.5 6762.9) mm 
[09:12:45.126] D [  geom  ] <AnodePlane:crm33> face:0, plane:1, origin:(3060.8 -4232.5 6762.9) mm 
[09:12:45.126] D [  geom  ] <AnodePlane:crm33> face:0, plane:2, origin:(3060.8 -4232.5 6762.9) mm 
[09:12:45.126] D [  geom  ] <AnodePlane:crm33> face:0 with 3 planes and sensvol: [(-3250 -5071.68 6018.3) --> (3250 -3393.32 7507.5)] 
[09:12:45.126] D [  main  ] configuring component: "AnodePlane":"crm34"
[09:12:45.126] D [  geom  ] <AnodePlane:crm34> X planes: "cathode"@ -3.25m, "response"@3.0608m, "anode"@3.25m, dirx=-1 
[09:12:45.126] D [  geom  ] <AnodePlane:crm34> face:0, plane:0, origin:(3060.8 -2536.5 6762.9) mm 
[09:12:45.127] D [  geom  ] <AnodePlane:crm34> face:0, plane:1, origin:(3060.8 -2536.5 6762.9) mm 
[09:12:45.127] D [  geom  ] <AnodePlane:crm34> face:0, plane:2, origin:(3060.8 -2536.5 6762.9) mm 
[09:12:45.127] D [  geom  ] <AnodePlane:crm34> face:0 with 3 planes and sensvol: [(-3250 -3375.68 6018.3) --> (3250 -1697.32 7507.5)] 
[09:12:45.127] D [  main  ] configuring component: "AnodePlane":"crm35"
[09:12:45.127] D [  geom  ] <AnodePlane:crm35> X planes: "cathode"@ -3.25m, "response"@3.0608m, "anode"@3.25m, dirx=-1 
[09:12:45.127] D [  geom  ] <AnodePlane:crm35> face:0, plane:0, origin:(3060.8 -857.501 6762.9) mm 
[09:12:45.127] D [  geom  ] <AnodePlane:crm35> face:0, plane:1, origin:(3060.8 -857.499 6762.9) mm 
[09:12:45.128] D [  geom  ] <AnodePlane:crm35> face:0, plane:2, origin:(3060.8 -857.5 6762.9) mm 
[09:12:45.128] D [  geom  ] <AnodePlane:crm35> face:0 with 3 planes and sensvol: [(-3250 -1696.68 6018.3) --> (3250 -18.322 7507.5)] 
[09:12:45.128] D [  main  ] configuring component: "AnodePlane":"crm36"
[09:12:45.128] D [  geom  ] <AnodePlane:crm36> X planes: "cathode"@ -3.25m, "response"@3.0608m, "anode"@3.25m, dirx=-1 
[09:12:45.128] D [  geom  ] <AnodePlane:crm36> face:0, plane:0, origin:(3060.8 857.499 6762.9) mm 
[09:12:45.128] D [  geom  ] <AnodePlane:crm36> face:0, plane:1, origin:(3060.8 857.501 6762.9) mm 
[09:12:45.129] D [  geom  ] <AnodePlane:crm36> face:0, plane:2, origin:(3060.8 857.5 6762.9) mm 
[09:12:45.129] D [  geom  ] <AnodePlane:crm36> face:0 with 3 planes and sensvol: [(-3250 18.322 6018.3) --> (3250 1696.68 7507.5)] 
[09:12:45.129] D [  main  ] configuring component: "AnodePlane":"crm37"
[09:12:45.129] D [  geom  ] <AnodePlane:crm37> X planes: "cathode"@ -3.25m, "response"@3.0608m, "anode"@3.25m, dirx=-1 
[09:12:45.129] D [  geom  ] <AnodePlane:crm37> face:0, plane:0, origin:(3060.8 2536.5 6762.9) mm 
[09:12:45.129] D [  geom  ] <AnodePlane:crm37> face:0, plane:1, origin:(3060.8 2536.5 6762.9) mm 
[09:12:45.130] D [  geom  ] <AnodePlane:crm37> face:0, plane:2, origin:(3060.8 2536.5 6762.9) mm 
[09:12:45.130] D [  geom  ] <AnodePlane:crm37> face:0 with 3 planes and sensvol: [(-3250 1697.32 6018.3) --> (3250 3375.68 7507.5)] 
[09:12:45.130] D [  main  ] configuring component: "AnodePlane":"crm38"
[09:12:45.130] D [  geom  ] <AnodePlane:crm38> X planes: "cathode"@ -3.25m, "response"@3.0608m, "anode"@3.25m, dirx=-1 
[09:12:45.130] D [  geom  ] <AnodePlane:crm38> face:0, plane:0, origin:(3060.8 4232.5 6762.9) mm 
[09:12:45.130] D [  geom  ] <AnodePlane:crm38> face:0, plane:1, origin:(3060.8 4232.5 6762.9) mm 
[09:12:45.130] D [  geom  ] <AnodePlane:crm38> face:0, plane:2, origin:(3060.8 4232.5 6762.9) mm 
[09:12:45.131] D [  geom  ] <AnodePlane:crm38> face:0 with 3 planes and sensvol: [(-3250 3393.32 6018.3) --> (3250 5071.68 7507.5)] 
[09:12:45.131] D [  main  ] configuring component: "AnodePlane":"crm39"
[09:12:45.131] D [  geom  ] <AnodePlane:crm39> X planes: "cathode"@ -3.25m, "response"@3.0608m, "anode"@3.25m, dirx=-1 
[09:12:45.131] D [  geom  ] <AnodePlane:crm39> face:0, plane:0, origin:(3060.8 5911.5 6762.9) mm 
[09:12:45.131] D [  geom  ] <AnodePlane:crm39> face:0, plane:1, origin:(3060.8 5911.5 6762.9) mm 
[09:12:45.131] D [  geom  ] <AnodePlane:crm39> face:0, plane:2, origin:(3060.8 5911.5 6762.9) mm 
[09:12:45.131] D [  geom  ] <AnodePlane:crm39> face:0 with 3 planes and sensvol: [(-3250 5072.32 6018.3) --> (3250 6750.68 7507.5)] 
[09:12:45.132] D [  main  ] configuring component: "AnodePlane":"crm40"
[09:12:45.132] D [  geom  ] <AnodePlane:crm40> X planes: "cathode"@ -3.25m, "response"@3.0608m, "anode"@3.25m, dirx=-1 
[09:12:45.132] D [  geom  ] <AnodePlane:crm40> face:0, plane:0, origin:(3060.8 -5911.5 8252.1) mm 
[09:12:45.132] D [  geom  ] <AnodePlane:crm40> face:0, plane:1, origin:(3060.8 -5911.5 8252.1) mm 
[09:12:45.132] D [  geom  ] <AnodePlane:crm40> face:0, plane:2, origin:(3060.8 -5911.5 8252.1) mm 
[09:12:45.132] D [  geom  ] <AnodePlane:crm40> face:0 with 3 planes and sensvol: [(-3250 -6750.68 7507.5) --> (3250 -5072.32 8996.7)] 
[09:12:45.132] D [  main  ] configuring component: "AnodePlane":"crm41"
[09:12:45.133] D [  geom  ] <AnodePlane:crm41> X planes: "cathode"@ -3.25m, "response"@3.0608m, "anode"@3.25m, dirx=-1 
[09:12:45.133] D [  geom  ] <AnodePlane:crm41> face:0, plane:0, origin:(3060.8 -4232.5 8252.1) mm 
[09:12:45.133] D [  geom  ] <AnodePlane:crm41> face:0, plane:1, origin:(3060.8 -4232.5 8252.1) mm 
[09:12:45.133] D [  geom  ] <AnodePlane:crm41> face:0, plane:2, origin:(3060.8 -4232.5 8252.1) mm 
[09:12:45.133] D [  geom  ] <AnodePlane:crm41> face:0 with 3 planes and sensvol: [(-3250 -5071.68 7507.5) --> (3250 -3393.32 8996.7)] 
[09:12:45.133] D [  main  ] configuring component: "AnodePlane":"crm42"
[09:12:45.133] D [  geom  ] <AnodePlane:crm42> X planes: "cathode"@ -3.25m, "response"@3.0608m, "anode"@3.25m, dirx=-1 
[09:12:45.134] D [  geom  ] <AnodePlane:crm42> face:0, plane:0, origin:(3060.8 -2536.5 8252.1) mm 
[09:12:45.134] D [  geom  ] <AnodePlane:crm42> face:0, plane:1, origin:(3060.8 -2536.5 8252.1) mm 
[09:12:45.134] D [  geom  ] <AnodePlane:crm42> face:0, plane:2, origin:(3060.8 -2536.5 8252.1) mm 
[09:12:45.134] D [  geom  ] <AnodePlane:crm42> face:0 with 3 planes and sensvol: [(-3250 -3375.68 7507.5) --> (3250 -1697.32 8996.7)] 
[09:12:45.134] D [  main  ] configuring component: "AnodePlane":"crm43"
[09:12:45.134] D [  geom  ] <AnodePlane:crm43> X planes: "cathode"@ -3.25m, "response"@3.0608m, "anode"@3.25m, dirx=-1 
[09:12:45.135] D [  geom  ] <AnodePlane:crm43> face:0, plane:0, origin:(3060.8 -857.501 8252.1) mm 
[09:12:45.135] D [  geom  ] <AnodePlane:crm43> face:0, plane:1, origin:(3060.8 -857.499 8252.1) mm 
[09:12:45.135] D [  geom  ] <AnodePlane:crm43> face:0, plane:2, origin:(3060.8 -857.5 8252.1) mm 
[09:12:45.135] D [  geom  ] <AnodePlane:crm43> face:0 with 3 planes and sensvol: [(-3250 -1696.68 7507.5) --> (3250 -18.322 8996.7)] 
[09:12:45.135] D [  main  ] configuring component: "AnodePlane":"crm44"
[09:12:45.135] D [  geom  ] <AnodePlane:crm44> X planes: "cathode"@ -3.25m, "response"@3.0608m, "anode"@3.25m, dirx=-1 
[09:12:45.135] D [  geom  ] <AnodePlane:crm44> face:0, plane:0, origin:(3060.8 857.499 8252.1) mm 
[09:12:45.136] D [  geom  ] <AnodePlane:crm44> face:0, plane:1, origin:(3060.8 857.501 8252.1) mm 
[09:12:45.136] D [  geom  ] <AnodePlane:crm44> face:0, plane:2, origin:(3060.8 857.5 8252.1) mm 
[09:12:45.136] D [  geom  ] <AnodePlane:crm44> face:0 with 3 planes and sensvol: [(-3250 18.322 7507.5) --> (3250 1696.68 8996.7)] 
[09:12:45.136] D [  main  ] configuring component: "AnodePlane":"crm45"
[09:12:45.136] D [  geom  ] <AnodePlane:crm45> X planes: "cathode"@ -3.25m, "response"@3.0608m, "anode"@3.25m, dirx=-1 
[09:12:45.136] D [  geom  ] <AnodePlane:crm45> face:0, plane:0, origin:(3060.8 2536.5 8252.1) mm 
[09:12:45.137] D [  geom  ] <AnodePlane:crm45> face:0, plane:1, origin:(3060.8 2536.5 8252.1) mm 
[09:12:45.137] D [  geom  ] <AnodePlane:crm45> face:0, plane:2, origin:(3060.8 2536.5 8252.1) mm 
[09:12:45.137] D [  geom  ] <AnodePlane:crm45> face:0 with 3 planes and sensvol: [(-3250 1697.32 7507.5) --> (3250 3375.68 8996.7)] 
[09:12:45.137] D [  main  ] configuring component: "AnodePlane":"crm46"
[09:12:45.137] D [  geom  ] <AnodePlane:crm46> X planes: "cathode"@ -3.25m, "response"@3.0608m, "anode"@3.25m, dirx=-1 
[09:12:45.137] D [  geom  ] <AnodePlane:crm46> face:0, plane:0, origin:(3060.8 4232.5 8252.1) mm 
[09:12:45.138] D [  geom  ] <AnodePlane:crm46> face:0, plane:1, origin:(3060.8 4232.5 8252.1) mm 
[09:12:45.138] D [  geom  ] <AnodePlane:crm46> face:0, plane:2, origin:(3060.8 4232.5 8252.1) mm 
[09:12:45.138] D [  geom  ] <AnodePlane:crm46> face:0 with 3 planes and sensvol: [(-3250 3393.32 7507.5) --> (3250 5071.68 8996.7)] 
[09:12:45.138] D [  main  ] configuring component: "AnodePlane":"crm47"
[09:12:45.138] D [  geom  ] <AnodePlane:crm47> X planes: "cathode"@ -3.25m, "response"@3.0608m, "anode"@3.25m, dirx=-1 
[09:12:45.138] D [  geom  ] <AnodePlane:crm47> face:0, plane:0, origin:(3060.8 5911.5 8252.1) mm 
[09:12:45.138] D [  geom  ] <AnodePlane:crm47> face:0, plane:1, origin:(3060.8 5911.5 8252.1) mm 
[09:12:45.139] D [  geom  ] <AnodePlane:crm47> face:0, plane:2, origin:(3060.8 5911.5 8252.1) mm 
[09:12:45.139] D [  geom  ] <AnodePlane:crm47> face:0 with 3 planes and sensvol: [(-3250 5072.32 7507.5) --> (3250 6750.68 8996.7)] 
[09:12:45.139] D [  main  ] configuring component: "AnodePlane":"crm48"
[09:12:45.139] D [  geom  ] <AnodePlane:crm48> X planes: "cathode"@ -3.25m, "response"@3.0608m, "anode"@3.25m, dirx=-1 
[09:12:45.139] D [  geom  ] <AnodePlane:crm48> face:0, plane:0, origin:(3060.8 -5911.5 9758.3) mm 
[09:12:45.139] D [  geom  ] <AnodePlane:crm48> face:0, plane:1, origin:(3060.8 -5911.5 9758.3) mm 
[09:12:45.140] D [  geom  ] <AnodePlane:crm48> face:0, plane:2, origin:(3060.8 -5911.5 9758.3) mm 
[09:12:45.140] D [  geom  ] <AnodePlane:crm48> face:0 with 3 planes and sensvol: [(-3250 -6750.69 9013.73) --> (3250 -5072.31 10502.9)] 
[09:12:45.140] D [  main  ] configuring component: "AnodePlane":"crm49"
[09:12:45.140] D [  geom  ] <AnodePlane:crm49> X planes: "cathode"@ -3.25m, "response"@3.0608m, "anode"@3.25m, dirx=-1 
[09:12:45.140] D [  geom  ] <AnodePlane:crm49> face:0, plane:0, origin:(3060.8 -4232.5 9758.3) mm 
[09:12:45.140] D [  geom  ] <AnodePlane:crm49> face:0, plane:1, origin:(3060.8 -4232.5 9758.3) mm 
[09:12:45.141] D [  geom  ] <AnodePlane:crm49> face:0, plane:2, origin:(3060.8 -4232.5 9758.3) mm 
[09:12:45.141] D [  geom  ] <AnodePlane:crm49> face:0 with 3 planes and sensvol: [(-3250 -5071.69 9013.73) --> (3250 -3393.31 10502.9)] 
[09:12:45.141] D [  main  ] configuring component: "AnodePlane":"crm50"
[09:12:45.141] D [  geom  ] <AnodePlane:crm50> X planes: "cathode"@ -3.25m, "response"@3.0608m, "anode"@3.25m, dirx=-1 
[09:12:45.141] D [  geom  ] <AnodePlane:crm50> face:0, plane:0, origin:(3060.8 -2536.5 9758.3) mm 
[09:12:45.141] D [  geom  ] <AnodePlane:crm50> face:0, plane:1, origin:(3060.8 -2536.5 9758.3) mm 
[09:12:45.141] D [  geom  ] <AnodePlane:crm50> face:0, plane:2, origin:(3060.8 -2536.5 9758.3) mm 
[09:12:45.141] D [  geom  ] <AnodePlane:crm50> face:0 with 3 planes and sensvol: [(-3250 -3375.69 9013.73) --> (3250 -1697.31 10502.9)] 
[09:12:45.142] D [  main  ] configuring component: "AnodePlane":"crm51"
[09:12:45.142] D [  geom  ] <AnodePlane:crm51> X planes: "cathode"@ -3.25m, "response"@3.0608m, "anode"@3.25m, dirx=-1 
[09:12:45.142] D [  geom  ] <AnodePlane:crm51> face:0, plane:0, origin:(3060.8 -857.502 9758.3) mm 
[09:12:45.142] D [  geom  ] <AnodePlane:crm51> face:0, plane:1, origin:(3060.8 -857.499 9758.3) mm 
[09:12:45.142] D [  geom  ] <AnodePlane:crm51> face:0, plane:2, origin:(3060.8 -857.5 9758.3) mm 
[09:12:45.142] D [  geom  ] <AnodePlane:crm51> face:0 with 3 planes and sensvol: [(-3250 -1696.69 9013.73) --> (3250 -18.3059 10502.9)] 
[09:12:45.142] D [  main  ] configuring component: "AnodePlane":"crm52"
[09:12:45.143] D [  geom  ] <AnodePlane:crm52> X planes: "cathode"@ -3.25m, "response"@3.0608m, "anode"@3.25m, dirx=-1 
[09:12:45.143] D [  geom  ] <AnodePlane:crm52> face:0, plane:0, origin:(3060.8 857.499 9758.3) mm 
[09:12:45.143] D [  geom  ] <AnodePlane:crm52> face:0, plane:1, origin:(3060.8 857.502 9758.3) mm 
[09:12:45.143] D [  geom  ] <AnodePlane:crm52> face:0, plane:2, origin:(3060.8 857.5 9758.3) mm 
[09:12:45.143] D [  geom  ] <AnodePlane:crm52> face:0 with 3 planes and sensvol: [(-3250 18.3059 9013.73) --> (3250 1696.69 10502.9)] 
[09:12:45.143] D [  main  ] configuring component: "AnodePlane":"crm53"
[09:12:45.143] D [  geom  ] <AnodePlane:crm53> X planes: "cathode"@ -3.25m, "response"@3.0608m, "anode"@3.25m, dirx=-1 
[09:12:45.144] D [  geom  ] <AnodePlane:crm53> face:0, plane:0, origin:(3060.8 2536.5 9758.3) mm 
[09:12:45.144] D [  geom  ] <AnodePlane:crm53> face:0, plane:1, origin:(3060.8 2536.5 9758.3) mm 
[09:12:45.144] D [  geom  ] <AnodePlane:crm53> face:0, plane:2, origin:(3060.8 2536.5 9758.3) mm 
[09:12:45.144] D [  geom  ] <AnodePlane:crm53> face:0 with 3 planes and sensvol: [(-3250 1697.31 9013.73) --> (3250 3375.69 10502.9)] 
[09:12:45.144] D [  main  ] configuring component: "AnodePlane":"crm54"
[09:12:45.144] D [  geom  ] <AnodePlane:crm54> X planes: "cathode"@ -3.25m, "response"@3.0608m, "anode"@3.25m, dirx=-1 
[09:12:45.145] D [  geom  ] <AnodePlane:crm54> face:0, plane:0, origin:(3060.8 4232.5 9758.3) mm 
[09:12:45.145] D [  geom  ] <AnodePlane:crm54> face:0, plane:1, origin:(3060.8 4232.5 9758.3) mm 
[09:12:45.145] D [  geom  ] <AnodePlane:crm54> face:0, plane:2, origin:(3060.8 4232.5 9758.3) mm 
[09:12:45.145] D [  geom  ] <AnodePlane:crm54> face:0 with 3 planes and sensvol: [(-3250 3393.31 9013.73) --> (3250 5071.69 10502.9)] 
[09:12:45.145] D [  main  ] configuring component: "AnodePlane":"crm55"
[09:12:45.145] D [  geom  ] <AnodePlane:crm55> X planes: "cathode"@ -3.25m, "response"@3.0608m, "anode"@3.25m, dirx=-1 
[09:12:45.145] D [  geom  ] <AnodePlane:crm55> face:0, plane:0, origin:(3060.8 5911.5 9758.3) mm 
[09:12:45.146] D [  geom  ] <AnodePlane:crm55> face:0, plane:1, origin:(3060.8 5911.5 9758.3) mm 
[09:12:45.146] D [  geom  ] <AnodePlane:crm55> face:0, plane:2, origin:(3060.8 5911.5 9758.3) mm 
[09:12:45.146] D [  geom  ] <AnodePlane:crm55> face:0 with 3 planes and sensvol: [(-3250 5072.31 9013.73) --> (3250 6750.69 10502.9)] 
[09:12:45.146] D [  main  ] configuring component: "AnodePlane":"crm56"
[09:12:45.146] D [  geom  ] <AnodePlane:crm56> X planes: "cathode"@ -3.25m, "response"@3.0608m, "anode"@3.25m, dirx=-1 
[09:12:45.146] D [  geom  ] <AnodePlane:crm56> face:0, plane:0, origin:(3060.8 -5911.5 11247.5) mm 
[09:12:45.147] D [  geom  ] <AnodePlane:crm56> face:0, plane:1, origin:(3060.8 -5911.5 11247.5) mm 
[09:12:45.147] D [  geom  ] <AnodePlane:crm56> face:0, plane:2, origin:(3060.8 -5911.5 11247.6) mm 
[09:12:45.147] D [  geom  ] <AnodePlane:crm56> face:0 with 3 planes and sensvol: [(-3250 -6750.7 10503) --> (3250 -5072.3 11992.1)] 
[09:12:45.147] D [  main  ] configuring component: "AnodePlane":"crm57"
[09:12:45.147] D [  geom  ] <AnodePlane:crm57> X planes: "cathode"@ -3.25m, "response"@3.0608m, "anode"@3.25m, dirx=-1 
[09:12:45.147] D [  geom  ] <AnodePlane:crm57> face:0, plane:0, origin:(3060.8 -4232.5 11247.5) mm 
[09:12:45.148] D [  geom  ] <AnodePlane:crm57> face:0, plane:1, origin:(3060.8 -4232.5 11247.5) mm 
[09:12:45.148] D [  geom  ] <AnodePlane:crm57> face:0, plane:2, origin:(3060.8 -4232.5 11247.6) mm 
[09:12:45.148] D [  geom  ] <AnodePlane:crm57> face:0 with 3 planes and sensvol: [(-3250 -5071.7 10503) --> (3250 -3393.3 11992.1)] 
[09:12:45.148] D [  main  ] configuring component: "AnodePlane":"crm58"
[09:12:45.148] D [  geom  ] <AnodePlane:crm58> X planes: "cathode"@ -3.25m, "response"@3.0608m, "anode"@3.25m, dirx=-1 
[09:12:45.148] D [  geom  ] <AnodePlane:crm58> face:0, plane:0, origin:(3060.8 -2536.5 11247.5) mm 
[09:12:45.148] D [  geom  ] <AnodePlane:crm58> face:0, plane:1, origin:(3060.8 -2536.5 11247.5) mm 
[09:12:45.149] D [  geom  ] <AnodePlane:crm58> face:0, plane:2, origin:(3060.8 -2536.5 11247.6) mm 
[09:12:45.149] D [  geom  ] <AnodePlane:crm58> face:0 with 3 planes and sensvol: [(-3250 -3375.7 10503) --> (3250 -1697.3 11992.1)] 
[09:12:45.149] D [  main  ] configuring component: "AnodePlane":"crm59"
[09:12:45.149] D [  geom  ] <AnodePlane:crm59> X planes: "cathode"@ -3.25m, "response"@3.0608m, "anode"@3.25m, dirx=-1 
[09:12:45.149] D [  geom  ] <AnodePlane:crm59> face:0, plane:0, origin:(3060.8 -857.501 11247.5) mm 
[09:12:45.149] D [  geom  ] <AnodePlane:crm59> face:0, plane:1, origin:(3060.8 -857.499 11247.5) mm 
[09:12:45.150] D [  geom  ] <AnodePlane:crm59> face:0, plane:2, origin:(3060.8 -857.5 11247.6) mm 
[09:12:45.150] D [  geom  ] <AnodePlane:crm59> face:0 with 3 planes and sensvol: [(-3250 -1696.7 10503) --> (3250 -18.3009 11992.1)] 
[09:12:45.150] D [  main  ] configuring component: "AnodePlane":"crm60"
[09:12:45.150] D [  geom  ] <AnodePlane:crm60> X planes: "cathode"@ -3.25m, "response"@3.0608m, "anode"@3.25m, dirx=-1 
[09:12:45.150] D [  geom  ] <AnodePlane:crm60> face:0, plane:0, origin:(3060.8 857.499 11247.5) mm 
[09:12:45.150] D [  geom  ] <AnodePlane:crm60> face:0, plane:1, origin:(3060.8 857.501 11247.5) mm 
[09:12:45.150] D [  geom  ] <AnodePlane:crm60> face:0, plane:2, origin:(3060.8 857.5 11247.6) mm 
[09:12:45.151] D [  geom  ] <AnodePlane:crm60> face:0 with 3 planes and sensvol: [(-3250 18.3009 10503) --> (3250 1696.7 11992.1)] 
[09:12:45.151] D [  main  ] configuring component: "AnodePlane":"crm61"
[09:12:45.151] D [  geom  ] <AnodePlane:crm61> X planes: "cathode"@ -3.25m, "response"@3.0608m, "anode"@3.25m, dirx=-1 
[09:12:45.151] D [  geom  ] <AnodePlane:crm61> face:0, plane:0, origin:(3060.8 2536.5 11247.5) mm 
[09:12:45.151] D [  geom  ] <AnodePlane:crm61> face:0, plane:1, origin:(3060.8 2536.5 11247.5) mm 
[09:12:45.151] D [  geom  ] <AnodePlane:crm61> face:0, plane:2, origin:(3060.8 2536.5 11247.6) mm 
[09:12:45.151] D [  geom  ] <AnodePlane:crm61> face:0 with 3 planes and sensvol: [(-3250 1697.3 10503) --> (3250 3375.7 11992.1)] 
[09:12:45.152] D [  main  ] configuring component: "AnodePlane":"crm62"
[09:12:45.152] D [  geom  ] <AnodePlane:crm62> X planes: "cathode"@ -3.25m, "response"@3.0608m, "anode"@3.25m, dirx=-1 
[09:12:45.152] D [  geom  ] <AnodePlane:crm62> face:0, plane:0, origin:(3060.8 4232.5 11247.5) mm 
[09:12:45.152] D [  geom  ] <AnodePlane:crm62> face:0, plane:1, origin:(3060.8 4232.5 11247.5) mm 
[09:12:45.152] D [  geom  ] <AnodePlane:crm62> face:0, plane:2, origin:(3060.8 4232.5 11247.6) mm 
[09:12:45.152] D [  geom  ] <AnodePlane:crm62> face:0 with 3 planes and sensvol: [(-3250 3393.3 10503) --> (3250 5071.7 11992.1)] 
[09:12:45.153] D [  main  ] configuring component: "AnodePlane":"crm63"
[09:12:45.153] D [  geom  ] <AnodePlane:crm63> X planes: "cathode"@ -3.25m, "response"@3.0608m, "anode"@3.25m, dirx=-1 
[09:12:45.153] D [  geom  ] <AnodePlane:crm63> face:0, plane:0, origin:(3060.8 5911.5 11247.5) mm 
[09:12:45.153] D [  geom  ] <AnodePlane:crm63> face:0, plane:1, origin:(3060.8 5911.5 11247.5) mm 
[09:12:45.153] D [  geom  ] <AnodePlane:crm63> face:0, plane:2, origin:(3060.8 5911.5 11247.6) mm 
[09:12:45.153] D [  geom  ] <AnodePlane:crm63> face:0 with 3 planes and sensvol: [(-3250 5072.3 10503) --> (3250 6750.7 11992.1)] 
[09:12:45.154] D [  main  ] configuring component: "AnodePlane":"crm64"
[09:12:45.154] D [  geom  ] <AnodePlane:crm64> X planes: "cathode"@ -3.25m, "response"@3.0608m, "anode"@3.25m, dirx=-1 
[09:12:45.154] D [  geom  ] <AnodePlane:crm64> face:0, plane:0, origin:(3060.8 -5911.5 12778.7) mm 
[09:12:45.154] D [  geom  ] <AnodePlane:crm64> face:0, plane:1, origin:(3060.8 -5911.5 12778.7) mm 
[09:12:45.154] D [  geom  ] <AnodePlane:crm64> face:0, plane:2, origin:(3060.8 -5911.5 12778.6) mm 
[09:12:45.154] D [  geom  ] <AnodePlane:crm64> face:0 with 3 planes and sensvol: [(-3250 -6750.7 12034.1) --> (3250 -5072.3 13523.2)] 
[09:12:45.154] D [  main  ] configuring component: "AnodePlane":"crm65"
[09:12:45.155] D [  geom  ] <AnodePlane:crm65> X planes: "cathode"@ -3.25m, "response"@3.0608m, "anode"@3.25m, dirx=-1 
[09:12:45.155] D [  geom  ] <AnodePlane:crm65> face:0, plane:0, origin:(3060.8 -4232.5 12778.7) mm 
[09:12:45.155] D [  geom  ] <AnodePlane:crm65> face:0, plane:1, origin:(3060.8 -4232.5 12778.7) mm 
[09:12:45.155] D [  geom  ] <AnodePlane:crm65> face:0, plane:2, origin:(3060.8 -4232.5 12778.6) mm 
[09:12:45.155] D [  geom  ] <AnodePlane:crm65> face:0 with 3 planes and sensvol: [(-3250 -5071.7 12034.1) --> (3250 -3393.3 13523.2)] 
[09:12:45.155] D [  main  ] configuring component: "AnodePlane":"crm66"
[09:12:45.155] D [  geom  ] <AnodePlane:crm66> X planes: "cathode"@ -3.25m, "response"@3.0608m, "anode"@3.25m, dirx=-1 
[09:12:45.156] D [  geom  ] <AnodePlane:crm66> face:0, plane:0, origin:(3060.8 -2536.5 12778.7) mm 
[09:12:45.156] D [  geom  ] <AnodePlane:crm66> face:0, plane:1, origin:(3060.8 -2536.5 12778.7) mm 
[09:12:45.156] D [  geom  ] <AnodePlane:crm66> face:0, plane:2, origin:(3060.8 -2536.5 12778.6) mm 
[09:12:45.156] D [  geom  ] <AnodePlane:crm66> face:0 with 3 planes and sensvol: [(-3250 -3375.7 12034.1) --> (3250 -1697.3 13523.2)] 
[09:12:45.156] D [  main  ] configuring component: "AnodePlane":"crm67"
[09:12:45.156] D [  geom  ] <AnodePlane:crm67> X planes: "cathode"@ -3.25m, "response"@3.0608m, "anode"@3.25m, dirx=-1 
[09:12:45.157] D [  geom  ] <AnodePlane:crm67> face:0, plane:0, origin:(3060.8 -857.501 12778.7) mm 
[09:12:45.157] D [  geom  ] <AnodePlane:crm67> face:0, plane:1, origin:(3060.8 -857.499 12778.7) mm 
[09:12:45.157] D [  geom  ] <AnodePlane:crm67> face:0, plane:2, origin:(3060.8 -857.5 12778.6) mm 
[09:12:45.157] D [  geom  ] <AnodePlane:crm67> face:0 with 3 planes and sensvol: [(-3250 -1696.7 12034.1) --> (3250 -18.3008 13523.2)] 
[09:12:45.157] D [  main  ] configuring component: "AnodePlane":"crm68"
[09:12:45.157] D [  geom  ] <AnodePlane:crm68> X planes: "cathode"@ -3.25m, "response"@3.0608m, "anode"@3.25m, dirx=-1 
[09:12:45.158] D [  geom  ] <AnodePlane:crm68> face:0, plane:0, origin:(3060.8 857.499 12778.7) mm 
[09:12:45.158] D [  geom  ] <AnodePlane:crm68> face:0, plane:1, origin:(3060.8 857.501 12778.7) mm 
[09:12:45.158] D [  geom  ] <AnodePlane:crm68> face:0, plane:2, origin:(3060.8 857.5 12778.6) mm 
[09:12:45.158] D [  geom  ] <AnodePlane:crm68> face:0 with 3 planes and sensvol: [(-3250 18.3009 12034.1) --> (3250 1696.7 13523.2)] 
[09:12:45.158] D [  main  ] configuring component: "AnodePlane":"crm69"
[09:12:45.158] D [  geom  ] <AnodePlane:crm69> X planes: "cathode"@ -3.25m, "response"@3.0608m, "anode"@3.25m, dirx=-1 
[09:12:45.158] D [  geom  ] <AnodePlane:crm69> face:0, plane:0, origin:(3060.8 2536.5 12778.7) mm 
[09:12:45.159] D [  geom  ] <AnodePlane:crm69> face:0, plane:1, origin:(3060.8 2536.5 12778.7) mm 
[09:12:45.159] D [  geom  ] <AnodePlane:crm69> face:0, plane:2, origin:(3060.8 2536.5 12778.6) mm 
[09:12:45.159] D [  geom  ] <AnodePlane:crm69> face:0 with 3 planes and sensvol: [(-3250 1697.3 12034.1) --> (3250 3375.7 13523.2)] 
[09:12:45.159] D [  main  ] configuring component: "AnodePlane":"crm70"
[09:12:45.159] D [  geom  ] <AnodePlane:crm70> X planes: "cathode"@ -3.25m, "response"@3.0608m, "anode"@3.25m, dirx=-1 
[09:12:45.159] D [  geom  ] <AnodePlane:crm70> face:0, plane:0, origin:(3060.8 4232.5 12778.7) mm 
[09:12:45.160] D [  geom  ] <AnodePlane:crm70> face:0, plane:1, origin:(3060.8 4232.5 12778.7) mm 
[09:12:45.160] D [  geom  ] <AnodePlane:crm70> face:0, plane:2, origin:(3060.8 4232.5 12778.6) mm 
[09:12:45.160] D [  geom  ] <AnodePlane:crm70> face:0 with 3 planes and sensvol: [(-3250 3393.3 12034.1) --> (3250 5071.7 13523.2)] 
[09:12:45.160] D [  main  ] configuring component: "AnodePlane":"crm71"
[09:12:45.160] D [  geom  ] <AnodePlane:crm71> X planes: "cathode"@ -3.25m, "response"@3.0608m, "anode"@3.25m, dirx=-1 
[09:12:45.160] D [  geom  ] <AnodePlane:crm71> face:0, plane:0, origin:(3060.8 5911.5 12778.7) mm 
[09:12:45.161] D [  geom  ] <AnodePlane:crm71> face:0, plane:1, origin:(3060.8 5911.5 12778.7) mm 
[09:12:45.161] D [  geom  ] <AnodePlane:crm71> face:0, plane:2, origin:(3060.8 5911.5 12778.6) mm 
[09:12:45.161] D [  geom  ] <AnodePlane:crm71> face:0 with 3 planes and sensvol: [(-3250 5072.3 12034.1) --> (3250 6750.7 13523.2)] 
[09:12:45.161] D [  main  ] configuring component: "AnodePlane":"crm72"
[09:12:45.161] D [  geom  ] <AnodePlane:crm72> X planes: "cathode"@ -3.25m, "response"@3.0608m, "anode"@3.25m, dirx=-1 
[09:12:45.161] D [  geom  ] <AnodePlane:crm72> face:0, plane:0, origin:(3060.8 -5911.5 14267.9) mm 
[09:12:45.161] D [  geom  ] <AnodePlane:crm72> face:0, plane:1, origin:(3060.8 -5911.5 14267.9) mm 
[09:12:45.162] D [  geom  ] <AnodePlane:crm72> face:0, plane:2, origin:(3060.8 -5911.5 14268) mm 
[09:12:45.162] D [  geom  ] <AnodePlane:crm72> face:0 with 3 planes and sensvol: [(-3250 -6750.7 13523.4) --> (3250 -5072.3 15012.5)] 
[09:12:45.162] D [  main  ] configuring component: "AnodePlane":"crm73"
[09:12:45.162] D [  geom  ] <AnodePlane:crm73> X planes: "cathode"@ -3.25m, "response"@3.0608m, "anode"@3.25m, dirx=-1 
[09:12:45.162] D [  geom  ] <AnodePlane:crm73> face:0, plane:0, origin:(3060.8 -4232.5 14267.9) mm 
[09:12:45.162] D [  geom  ] <AnodePlane:crm73> face:0, plane:1, origin:(3060.8 -4232.5 14267.9) mm 
[09:12:45.163] D [  geom  ] <AnodePlane:crm73> face:0, plane:2, origin:(3060.8 -4232.5 14268) mm 
[09:12:45.163] D [  geom  ] <AnodePlane:crm73> face:0 with 3 planes and sensvol: [(-3250 -5071.7 13523.4) --> (3250 -3393.3 15012.5)] 
[09:12:45.163] D [  main  ] configuring component: "AnodePlane":"crm74"
[09:12:45.163] D [  geom  ] <AnodePlane:crm74> X planes: "cathode"@ -3.25m, "response"@3.0608m, "anode"@3.25m, dirx=-1 
[09:12:45.163] D [  geom  ] <AnodePlane:crm74> face:0, plane:0, origin:(3060.8 -2536.5 14267.9) mm 
[09:12:45.163] D [  geom  ] <AnodePlane:crm74> face:0, plane:1, origin:(3060.8 -2536.5 14267.9) mm 
[09:12:45.163] D [  geom  ] <AnodePlane:crm74> face:0, plane:2, origin:(3060.8 -2536.5 14268) mm 
[09:12:45.164] D [  geom  ] <AnodePlane:crm74> face:0 with 3 planes and sensvol: [(-3250 -3375.7 13523.4) --> (3250 -1697.3 15012.5)] 
[09:12:45.164] D [  main  ] configuring component: "AnodePlane":"crm75"
[09:12:45.164] D [  geom  ] <AnodePlane:crm75> X planes: "cathode"@ -3.25m, "response"@3.0608m, "anode"@3.25m, dirx=-1 
[09:12:45.164] D [  geom  ] <AnodePlane:crm75> face:0, plane:0, origin:(3060.8 -857.501 14267.9) mm 
[09:12:45.164] D [  geom  ] <AnodePlane:crm75> face:0, plane:1, origin:(3060.8 -857.499 14267.9) mm 
[09:12:45.164] D [  geom  ] <AnodePlane:crm75> face:0, plane:2, origin:(3060.8 -857.5 14268) mm 
[09:12:45.164] D [  geom  ] <AnodePlane:crm75> face:0 with 3 planes and sensvol: [(-3250 -1696.7 13523.4) --> (3250 -18.3009 15012.5)] 
[09:12:45.165] D [  main  ] configuring component: "AnodePlane":"crm76"
[09:12:45.165] D [  geom  ] <AnodePlane:crm76> X planes: "cathode"@ -3.25m, "response"@3.0608m, "anode"@3.25m, dirx=-1 
[09:12:45.165] D [  geom  ] <AnodePlane:crm76> face:0, plane:0, origin:(3060.8 857.499 14267.9) mm 
[09:12:45.165] D [  geom  ] <AnodePlane:crm76> face:0, plane:1, origin:(3060.8 857.501 14267.9) mm 
[09:12:45.165] D [  geom  ] <AnodePlane:crm76> face:0, plane:2, origin:(3060.8 857.5 14268) mm 
[09:12:45.165] D [  geom  ] <AnodePlane:crm76> face:0 with 3 planes and sensvol: [(-3250 18.3009 13523.4) --> (3250 1696.7 15012.5)] 
[09:12:45.165] D [  main  ] configuring component: "AnodePlane":"crm77"
[09:12:45.166] D [  geom  ] <AnodePlane:crm77> X planes: "cathode"@ -3.25m, "response"@3.0608m, "anode"@3.25m, dirx=-1 
[09:12:45.166] D [  geom  ] <AnodePlane:crm77> face:0, plane:0, origin:(3060.8 2536.5 14267.9) mm 
[09:12:45.166] D [  geom  ] <AnodePlane:crm77> face:0, plane:1, origin:(3060.8 2536.5 14267.9) mm 
[09:12:45.166] D [  geom  ] <AnodePlane:crm77> face:0, plane:2, origin:(3060.8 2536.5 14268) mm 
[09:12:45.166] D [  geom  ] <AnodePlane:crm77> face:0 with 3 planes and sensvol: [(-3250 1697.3 13523.4) --> (3250 3375.7 15012.5)] 
[09:12:45.166] D [  main  ] configuring component: "AnodePlane":"crm78"
[09:12:45.166] D [  geom  ] <AnodePlane:crm78> X planes: "cathode"@ -3.25m, "response"@3.0608m, "anode"@3.25m, dirx=-1 
[09:12:45.167] D [  geom  ] <AnodePlane:crm78> face:0, plane:0, origin:(3060.8 4232.5 14267.9) mm 
[09:12:45.167] D [  geom  ] <AnodePlane:crm78> face:0, plane:1, origin:(3060.8 4232.5 14267.9) mm 
[09:12:45.167] D [  geom  ] <AnodePlane:crm78> face:0, plane:2, origin:(3060.8 4232.5 14268) mm 
[09:12:45.167] D [  geom  ] <AnodePlane:crm78> face:0 with 3 planes and sensvol: [(-3250 3393.3 13523.4) --> (3250 5071.7 15012.5)] 
[09:12:45.167] D [  main  ] configuring component: "AnodePlane":"crm79"
[09:12:45.167] D [  geom  ] <AnodePlane:crm79> X planes: "cathode"@ -3.25m, "response"@3.0608m, "anode"@3.25m, dirx=-1 
[09:12:45.168] D [  geom  ] <AnodePlane:crm79> face:0, plane:0, origin:(3060.8 5911.5 14267.9) mm 
[09:12:45.168] D [  geom  ] <AnodePlane:crm79> face:0, plane:1, origin:(3060.8 5911.5 14267.9) mm 
[09:12:45.168] D [  geom  ] <AnodePlane:crm79> face:0, plane:2, origin:(3060.8 5911.5 14268) mm 
[09:12:45.168] D [  geom  ] <AnodePlane:crm79> face:0 with 3 planes and sensvol: [(-3250 5072.3 13523.4) --> (3250 6750.7 15012.5)] 
[09:12:45.168] D [  main  ] configuring component: "AnodePlane":"crm80"
[09:12:45.168] D [  geom  ] <AnodePlane:crm80> X planes: "cathode"@ -3.25m, "response"@3.0608m, "anode"@3.25m, dirx=-1 
[09:12:45.168] D [  geom  ] <AnodePlane:crm80> face:0, plane:0, origin:(3060.8 -5911.5 15774.1) mm 
[09:12:45.169] D [  geom  ] <AnodePlane:crm80> face:0, plane:1, origin:(3060.8 -5911.5 15774.1) mm 
[09:12:45.169] D [  geom  ] <AnodePlane:crm80> face:0, plane:2, origin:(3060.8 -5911.5 15774) mm 
[09:12:45.169] D [  geom  ] <AnodePlane:crm80> face:0 with 3 planes and sensvol: [(-3250 -6750.7 15029.5) --> (3250 -5072.3 16518.6)] 
[09:12:45.169] D [  main  ] configuring component: "AnodePlane":"crm81"
[09:12:45.169] D [  geom  ] <AnodePlane:crm81> X planes: "cathode"@ -3.25m, "response"@3.0608m, "anode"@3.25m, dirx=-1 
[09:12:45.169] D [  geom  ] <AnodePlane:crm81> face:0, plane:0, origin:(3060.8 -4232.5 15774.1) mm 
[09:12:45.170] D [  geom  ] <AnodePlane:crm81> face:0, plane:1, origin:(3060.8 -4232.5 15774.1) mm 
[09:12:45.170] D [  geom  ] <AnodePlane:crm81> face:0, plane:2, origin:(3060.8 -4232.5 15774) mm 
[09:12:45.170] D [  geom  ] <AnodePlane:crm81> face:0 with 3 planes and sensvol: [(-3250 -5071.7 15029.5) --> (3250 -3393.3 16518.6)] 
[09:12:45.170] D [  main  ] configuring component: "AnodePlane":"crm82"
[09:12:45.170] D [  geom  ] <AnodePlane:crm82> X planes: "cathode"@ -3.25m, "response"@3.0608m, "anode"@3.25m, dirx=-1 
[09:12:45.170] D [  geom  ] <AnodePlane:crm82> face:0, plane:0, origin:(3060.8 -2536.5 15774.1) mm 
[09:12:45.171] D [  geom  ] <AnodePlane:crm82> face:0, plane:1, origin:(3060.8 -2536.5 15774.1) mm 
[09:12:45.171] D [  geom  ] <AnodePlane:crm82> face:0, plane:2, origin:(3060.8 -2536.5 15774) mm 
[09:12:45.171] D [  geom  ] <AnodePlane:crm82> face:0 with 3 planes and sensvol: [(-3250 -3375.7 15029.5) --> (3250 -1697.3 16518.6)] 
[09:12:45.171] D [  main  ] configuring component: "AnodePlane":"crm83"
[09:12:45.171] D [  geom  ] <AnodePlane:crm83> X planes: "cathode"@ -3.25m, "response"@3.0608m, "anode"@3.25m, dirx=-1 
[09:12:45.171] D [  geom  ] <AnodePlane:crm83> face:0, plane:0, origin:(3060.8 -857.501 15774.1) mm 
[09:12:45.171] D [  geom  ] <AnodePlane:crm83> face:0, plane:1, origin:(3060.8 -857.499 15774.1) mm 
[09:12:45.172] D [  geom  ] <AnodePlane:crm83> face:0, plane:2, origin:(3060.8 -857.5 15774) mm 
[09:12:45.172] D [  geom  ] <AnodePlane:crm83> face:0 with 3 planes and sensvol: [(-3250 -1696.7 15029.5) --> (3250 -18.3008 16518.6)] 
[09:12:45.172] D [  main  ] configuring component: "AnodePlane":"crm84"
[09:12:45.172] D [  geom  ] <AnodePlane:crm84> X planes: "cathode"@ -3.25m, "response"@3.0608m, "anode"@3.25m, dirx=-1 
[09:12:45.172] D [  geom  ] <AnodePlane:crm84> face:0, plane:0, origin:(3060.8 857.499 15774.1) mm 
[09:12:45.172] D [  geom  ] <AnodePlane:crm84> face:0, plane:1, origin:(3060.8 857.501 15774.1) mm 
[09:12:45.173] D [  geom  ] <AnodePlane:crm84> face:0, plane:2, origin:(3060.8 857.5 15774) mm 
[09:12:45.173] D [  geom  ] <AnodePlane:crm84> face:0 with 3 planes and sensvol: [(-3250 18.3008 15029.5) --> (3250 1696.7 16518.6)] 
[09:12:45.173] D [  main  ] configuring component: "AnodePlane":"crm85"
[09:12:45.173] D [  geom  ] <AnodePlane:crm85> X planes: "cathode"@ -3.25m, "response"@3.0608m, "anode"@3.25m, dirx=-1 
[09:12:45.173] D [  geom  ] <AnodePlane:crm85> face:0, plane:0, origin:(3060.8 2536.5 15774.1) mm 
[09:12:45.173] D [  geom  ] <AnodePlane:crm85> face:0, plane:1, origin:(3060.8 2536.5 15774.1) mm 
[09:12:45.174] D [  geom  ] <AnodePlane:crm85> face:0, plane:2, origin:(3060.8 2536.5 15774) mm 
[09:12:45.174] D [  geom  ] <AnodePlane:crm85> face:0 with 3 planes and sensvol: [(-3250 1697.3 15029.5) --> (3250 3375.7 16518.6)] 
[09:12:45.174] D [  main  ] configuring component: "AnodePlane":"crm86"
[09:12:45.174] D [  geom  ] <AnodePlane:crm86> X planes: "cathode"@ -3.25m, "response"@3.0608m, "anode"@3.25m, dirx=-1 
[09:12:45.174] D [  geom  ] <AnodePlane:crm86> face:0, plane:0, origin:(3060.8 4232.5 15774.1) mm 
[09:12:45.174] D [  geom  ] <AnodePlane:crm86> face:0, plane:1, origin:(3060.8 4232.5 15774.1) mm 
[09:12:45.174] D [  geom  ] <AnodePlane:crm86> face:0, plane:2, origin:(3060.8 4232.5 15774) mm 
[09:12:45.174] D [  geom  ] <AnodePlane:crm86> face:0 with 3 planes and sensvol: [(-3250 3393.3 15029.5) --> (3250 5071.7 16518.6)] 
[09:12:45.175] D [  main  ] configuring component: "AnodePlane":"crm87"
[09:12:45.175] D [  geom  ] <AnodePlane:crm87> X planes: "cathode"@ -3.25m, "response"@3.0608m, "anode"@3.25m, dirx=-1 
[09:12:45.175] D [  geom  ] <AnodePlane:crm87> face:0, plane:0, origin:(3060.8 5911.5 15774.1) mm 
[09:12:45.175] D [  geom  ] <AnodePlane:crm87> face:0, plane:1, origin:(3060.8 5911.5 15774.1) mm 
[09:12:45.175] D [  geom  ] <AnodePlane:crm87> face:0, plane:2, origin:(3060.8 5911.5 15774) mm 
[09:12:45.175] D [  geom  ] <AnodePlane:crm87> face:0 with 3 planes and sensvol: [(-3250 5072.3 15029.5) --> (3250 6750.7 16518.6)] 
[09:12:45.175] D [  main  ] configuring component: "AnodePlane":"crm88"
[09:12:45.176] D [  geom  ] <AnodePlane:crm88> X planes: "cathode"@ -3.25m, "response"@3.0608m, "anode"@3.25m, dirx=-1 
[09:12:45.176] D [  geom  ] <AnodePlane:crm88> face:0, plane:0, origin:(3060.8 -5911.5 17263.3) mm 
[09:12:45.176] D [  geom  ] <AnodePlane:crm88> face:0, plane:1, origin:(3060.8 -5911.5 17263.3) mm 
[09:12:45.176] D [  geom  ] <AnodePlane:crm88> face:0, plane:2, origin:(3060.8 -5911.5 17263.3) mm 
[09:12:45.176] D [  geom  ] <AnodePlane:crm88> face:0 with 3 planes and sensvol: [(-3250 -6750.7 16518.7) --> (3250 -5072.3 18007.9)] 
[09:12:45.176] D [  main  ] configuring component: "AnodePlane":"crm89"
[09:12:45.176] D [  geom  ] <AnodePlane:crm89> X planes: "cathode"@ -3.25m, "response"@3.0608m, "anode"@3.25m, dirx=-1 
[09:12:45.177] D [  geom  ] <AnodePlane:crm89> face:0, plane:0, origin:(3060.8 -4232.5 17263.3) mm 
[09:12:45.177] D [  geom  ] <AnodePlane:crm89> face:0, plane:1, origin:(3060.8 -4232.5 17263.3) mm 
[09:12:45.177] D [  geom  ] <AnodePlane:crm89> face:0, plane:2, origin:(3060.8 -4232.5 17263.3) mm 
[09:12:45.177] D [  geom  ] <AnodePlane:crm89> face:0 with 3 planes and sensvol: [(-3250 -5071.7 16518.7) --> (3250 -3393.3 18007.9)] 
[09:12:45.177] D [  main  ] configuring component: "AnodePlane":"crm90"
[09:12:45.177] D [  geom  ] <AnodePlane:crm90> X planes: "cathode"@ -3.25m, "response"@3.0608m, "anode"@3.25m, dirx=-1 
[09:12:45.178] D [  geom  ] <AnodePlane:crm90> face:0, plane:0, origin:(3060.8 -2536.5 17263.3) mm 
[09:12:45.178] D [  geom  ] <AnodePlane:crm90> face:0, plane:1, origin:(3060.8 -2536.5 17263.3) mm 
[09:12:45.178] D [  geom  ] <AnodePlane:crm90> face:0, plane:2, origin:(3060.8 -2536.5 17263.3) mm 
[09:12:45.178] D [  geom  ] <AnodePlane:crm90> face:0 with 3 planes and sensvol: [(-3250 -3375.7 16518.7) --> (3250 -1697.3 18007.9)] 
[09:12:45.178] D [  main  ] configuring component: "AnodePlane":"crm91"
[09:12:45.178] D [  geom  ] <AnodePlane:crm91> X planes: "cathode"@ -3.25m, "response"@3.0608m, "anode"@3.25m, dirx=-1 
[09:12:45.178] D [  geom  ] <AnodePlane:crm91> face:0, plane:0, origin:(3060.8 -857.501 17263.3) mm 
[09:12:45.179] D [  geom  ] <AnodePlane:crm91> face:0, plane:1, origin:(3060.8 -857.499 17263.3) mm 
[09:12:45.179] D [  geom  ] <AnodePlane:crm91> face:0, plane:2, origin:(3060.8 -857.5 17263.3) mm 
[09:12:45.179] D [  geom  ] <AnodePlane:crm91> face:0 with 3 planes and sensvol: [(-3250 -1696.7 16518.7) --> (3250 -18.3009 18007.9)] 
[09:12:45.179] D [  main  ] configuring component: "AnodePlane":"crm92"
[09:12:45.179] D [  geom  ] <AnodePlane:crm92> X planes: "cathode"@ -3.25m, "response"@3.0608m, "anode"@3.25m, dirx=-1 
[09:12:45.179] D [  geom  ] <AnodePlane:crm92> face:0, plane:0, origin:(3060.8 857.499 17263.3) mm 
[09:12:45.180] D [  geom  ] <AnodePlane:crm92> face:0, plane:1, origin:(3060.8 857.501 17263.3) mm 
[09:12:45.180] D [  geom  ] <AnodePlane:crm92> face:0, plane:2, origin:(3060.8 857.5 17263.3) mm 
[09:12:45.180] D [  geom  ] <AnodePlane:crm92> face:0 with 3 planes and sensvol: [(-3250 18.3009 16518.7) --> (3250 1696.7 18007.9)] 
[09:12:45.180] D [  main  ] configuring component: "AnodePlane":"crm93"
[09:12:45.180] D [  geom  ] <AnodePlane:crm93> X planes: "cathode"@ -3.25m, "response"@3.0608m, "anode"@3.25m, dirx=-1 
[09:12:45.180] D [  geom  ] <AnodePlane:crm93> face:0, plane:0, origin:(3060.8 2536.5 17263.3) mm 
[09:12:45.180] D [  geom  ] <AnodePlane:crm93> face:0, plane:1, origin:(3060.8 2536.5 17263.3) mm 
[09:12:45.181] D [  geom  ] <AnodePlane:crm93> face:0, plane:2, origin:(3060.8 2536.5 17263.3) mm 
[09:12:45.181] D [  geom  ] <AnodePlane:crm93> face:0 with 3 planes and sensvol: [(-3250 1697.3 16518.7) --> (3250 3375.7 18007.9)] 
[09:12:45.181] D [  main  ] configuring component: "AnodePlane":"crm94"
[09:12:45.181] D [  geom  ] <AnodePlane:crm94> X planes: "cathode"@ -3.25m, "response"@3.0608m, "anode"@3.25m, dirx=-1 
[09:12:45.181] D [  geom  ] <AnodePlane:crm94> face:0, plane:0, origin:(3060.8 4232.5 17263.3) mm 
[09:12:45.181] D [  geom  ] <AnodePlane:crm94> face:0, plane:1, origin:(3060.8 4232.5 17263.3) mm 
[09:12:45.182] D [  geom  ] <AnodePlane:crm94> face:0, plane:2, origin:(3060.8 4232.5 17263.3) mm 
[09:12:45.182] D [  geom  ] <AnodePlane:crm94> face:0 with 3 planes and sensvol: [(-3250 3393.3 16518.7) --> (3250 5071.7 18007.9)] 
[09:12:45.182] D [  main  ] configuring component: "AnodePlane":"crm95"
[09:12:45.182] D [  geom  ] <AnodePlane:crm95> X planes: "cathode"@ -3.25m, "response"@3.0608m, "anode"@3.25m, dirx=-1 
[09:12:45.182] D [  geom  ] <AnodePlane:crm95> face:0, plane:0, origin:(3060.8 5911.5 17263.3) mm 
[09:12:45.182] D [  geom  ] <AnodePlane:crm95> face:0, plane:1, origin:(3060.8 5911.5 17263.3) mm 
[09:12:45.182] D [  geom  ] <AnodePlane:crm95> face:0, plane:2, origin:(3060.8 5911.5 17263.3) mm 
[09:12:45.183] D [  geom  ] <AnodePlane:crm95> face:0 with 3 planes and sensvol: [(-3250 5072.3 16518.7) --> (3250 6750.7 18007.9)] 
[09:12:45.183] D [  main  ] configuring component: "AnodePlane":"crm96"
[09:12:45.183] D [  geom  ] <AnodePlane:crm96> X planes: "cathode"@ -3.25m, "response"@3.0608m, "anode"@3.25m, dirx=-1 
[09:12:45.183] D [  geom  ] <AnodePlane:crm96> face:0, plane:0, origin:(3060.8 -5911.5 18769.5) mm 
[09:12:45.183] D [  geom  ] <AnodePlane:crm96> face:0, plane:1, origin:(3060.8 -5911.5 18769.5) mm 
[09:12:45.183] D [  geom  ] <AnodePlane:crm96> face:0, plane:2, origin:(3060.8 -5911.5 18769.5) mm 
[09:12:45.183] D [  geom  ] <AnodePlane:crm96> face:0 with 3 planes and sensvol: [(-3250 -6750.7 18024.9) --> (3250 -5072.3 19514)] 
[09:12:45.184] D [  main  ] configuring component: "AnodePlane":"crm97"
[09:12:45.184] D [  geom  ] <AnodePlane:crm97> X planes: "cathode"@ -3.25m, "response"@3.0608m, "anode"@3.25m, dirx=-1 
[09:12:45.184] D [  geom  ] <AnodePlane:crm97> face:0, plane:0, origin:(3060.8 -4232.5 18769.5) mm 
[09:12:45.184] D [  geom  ] <AnodePlane:crm97> face:0, plane:1, origin:(3060.8 -4232.5 18769.5) mm 
[09:12:45.184] D [  geom  ] <AnodePlane:crm97> face:0, plane:2, origin:(3060.8 -4232.5 18769.5) mm 
[09:12:45.184] D [  geom  ] <AnodePlane:crm97> face:0 with 3 planes and sensvol: [(-3250 -5071.7 18024.9) --> (3250 -3393.3 19514)] 
[09:12:45.184] D [  main  ] configuring component: "AnodePlane":"crm98"
[09:12:45.185] D [  geom  ] <AnodePlane:crm98> X planes: "cathode"@ -3.25m, "response"@3.0608m, "anode"@3.25m, dirx=-1 
[09:12:45.185] D [  geom  ] <AnodePlane:crm98> face:0, plane:0, origin:(3060.8 -2536.5 18769.5) mm 
[09:12:45.185] D [  geom  ] <AnodePlane:crm98> face:0, plane:1, origin:(3060.8 -2536.5 18769.5) mm 
[09:12:45.185] D [  geom  ] <AnodePlane:crm98> face:0, plane:2, origin:(3060.8 -2536.5 18769.5) mm 
[09:12:45.185] D [  geom  ] <AnodePlane:crm98> face:0 with 3 planes and sensvol: [(-3250 -3375.7 18024.9) --> (3250 -1697.3 19514)] 
[09:12:45.185] D [  main  ] configuring component: "AnodePlane":"crm99"
[09:12:45.186] D [  geom  ] <AnodePlane:crm99> X planes: "cathode"@ -3.25m, "response"@3.0608m, "anode"@3.25m, dirx=-1 
[09:12:45.186] D [  geom  ] <AnodePlane:crm99> face:0, plane:0, origin:(3060.8 -857.501 18769.5) mm 
[09:12:45.186] D [  geom  ] <AnodePlane:crm99> face:0, plane:1, origin:(3060.8 -857.499 18769.5) mm 
[09:12:45.186] D [  geom  ] <AnodePlane:crm99> face:0, plane:2, origin:(3060.8 -857.5 18769.5) mm 
[09:12:45.186] D [  geom  ] <AnodePlane:crm99> face:0 with 3 planes and sensvol: [(-3250 -1696.7 18024.9) --> (3250 -18.3008 19514)] 
[09:12:45.186] D [  main  ] configuring component: "AnodePlane":"crm100"
[09:12:45.186] D [  geom  ] <AnodePlane:crm100> X planes: "cathode"@ -3.25m, "response"@3.0608m, "anode"@3.25m, dirx=-1 
[09:12:45.187] D [  geom  ] <AnodePlane:crm100> face:0, plane:0, origin:(3060.8 857.499 18769.5) mm 
[09:12:45.187] D [  geom  ] <AnodePlane:crm100> face:0, plane:1, origin:(3060.8 857.501 18769.5) mm 
[09:12:45.187] D [  geom  ] <AnodePlane:crm100> face:0, plane:2, origin:(3060.8 857.5 18769.5) mm 
[09:12:45.187] D [  geom  ] <AnodePlane:crm100> face:0 with 3 planes and sensvol: [(-3250 18.3008 18024.9) --> (3250 1696.7 19514)] 
[09:12:45.187] D [  main  ] configuring component: "AnodePlane":"crm101"
[09:12:45.187] D [  geom  ] <AnodePlane:crm101> X planes: "cathode"@ -3.25m, "response"@3.0608m, "anode"@3.25m, dirx=-1 
[09:12:45.188] D [  geom  ] <AnodePlane:crm101> face:0, plane:0, origin:(3060.8 2536.5 18769.5) mm 
[09:12:45.188] D [  geom  ] <AnodePlane:crm101> face:0, plane:1, origin:(3060.8 2536.5 18769.5) mm 
[09:12:45.188] D [  geom  ] <AnodePlane:crm101> face:0, plane:2, origin:(3060.8 2536.5 18769.5) mm 
[09:12:45.188] D [  geom  ] <AnodePlane:crm101> face:0 with 3 planes and sensvol: [(-3250 1697.3 18024.9) --> (3250 3375.7 19514)] 
[09:12:45.188] D [  main  ] configuring component: "AnodePlane":"crm102"
[09:12:45.188] D [  geom  ] <AnodePlane:crm102> X planes: "cathode"@ -3.25m, "response"@3.0608m, "anode"@3.25m, dirx=-1 
[09:12:45.188] D [  geom  ] <AnodePlane:crm102> face:0, plane:0, origin:(3060.8 4232.5 18769.5) mm 
[09:12:45.189] D [  geom  ] <AnodePlane:crm102> face:0, plane:1, origin:(3060.8 4232.5 18769.5) mm 
[09:12:45.189] D [  geom  ] <AnodePlane:crm102> face:0, plane:2, origin:(3060.8 4232.5 18769.5) mm 
[09:12:45.189] D [  geom  ] <AnodePlane:crm102> face:0 with 3 planes and sensvol: [(-3250 3393.3 18024.9) --> (3250 5071.7 19514)] 
[09:12:45.189] D [  main  ] configuring component: "AnodePlane":"crm103"
[09:12:45.189] D [  geom  ] <AnodePlane:crm103> X planes: "cathode"@ -3.25m, "response"@3.0608m, "anode"@3.25m, dirx=-1 
[09:12:45.189] D [  geom  ] <AnodePlane:crm103> face:0, plane:0, origin:(3060.8 5911.5 18769.5) mm 
[09:12:45.190] D [  geom  ] <AnodePlane:crm103> face:0, plane:1, origin:(3060.8 5911.5 18769.5) mm 
[09:12:45.190] D [  geom  ] <AnodePlane:crm103> face:0, plane:2, origin:(3060.8 5911.5 18769.5) mm 
[09:12:45.190] D [  geom  ] <AnodePlane:crm103> face:0 with 3 planes and sensvol: [(-3250 5072.3 18024.9) --> (3250 6750.7 19514)] 
[09:12:45.190] D [  main  ] configuring component: "AnodePlane":"crm104"
[09:12:45.190] D [  geom  ] <AnodePlane:crm104> X planes: "cathode"@ -3.25m, "response"@3.0608m, "anode"@3.25m, dirx=-1 
[09:12:45.190] D [  geom  ] <AnodePlane:crm104> face:0, plane:0, origin:(3060.8 -5911.5 20258.7) mm 
[09:12:45.190] D [  geom  ] <AnodePlane:crm104> face:0, plane:1, origin:(3060.8 -5911.5 20258.7) mm 
[09:12:45.191] D [  geom  ] <AnodePlane:crm104> face:0, plane:2, origin:(3060.8 -5911.5 20258.6) mm 
[09:12:45.191] D [  geom  ] <AnodePlane:crm104> face:0 with 3 planes and sensvol: [(-3250 -6750.7 19514.1) --> (3250 -5072.3 21003.2)] 
[09:12:45.191] D [  main  ] configuring component: "AnodePlane":"crm105"
[09:12:45.191] D [  geom  ] <AnodePlane:crm105> X planes: "cathode"@ -3.25m, "response"@3.0608m, "anode"@3.25m, dirx=-1 
[09:12:45.191] D [  geom  ] <AnodePlane:crm105> face:0, plane:0, origin:(3060.8 -4232.5 20258.7) mm 
[09:12:45.191] D [  geom  ] <AnodePlane:crm105> face:0, plane:1, origin:(3060.8 -4232.5 20258.7) mm 
[09:12:45.192] D [  geom  ] <AnodePlane:crm105> face:0, plane:2, origin:(3060.8 -4232.5 20258.6) mm 
[09:12:45.192] D [  geom  ] <AnodePlane:crm105> face:0 with 3 planes and sensvol: [(-3250 -5071.7 19514.1) --> (3250 -3393.3 21003.2)] 
[09:12:45.192] D [  main  ] configuring component: "AnodePlane":"crm106"
[09:12:45.192] D [  geom  ] <AnodePlane:crm106> X planes: "cathode"@ -3.25m, "response"@3.0608m, "anode"@3.25m, dirx=-1 
[09:12:45.192] D [  geom  ] <AnodePlane:crm106> face:0, plane:0, origin:(3060.8 -2536.5 20258.7) mm 
[09:12:45.192] D [  geom  ] <AnodePlane:crm106> face:0, plane:1, origin:(3060.8 -2536.5 20258.7) mm 
[09:12:45.193] D [  geom  ] <AnodePlane:crm106> face:0, plane:2, origin:(3060.8 -2536.5 20258.6) mm 
[09:12:45.193] D [  geom  ] <AnodePlane:crm106> face:0 with 3 planes and sensvol: [(-3250 -3375.7 19514.1) --> (3250 -1697.3 21003.2)] 
[09:12:45.193] D [  main  ] configuring component: "AnodePlane":"crm107"
[09:12:45.193] D [  geom  ] <AnodePlane:crm107> X planes: "cathode"@ -3.25m, "response"@3.0608m, "anode"@3.25m, dirx=-1 
[09:12:45.193] D [  geom  ] <AnodePlane:crm107> face:0, plane:0, origin:(3060.8 -857.501 20258.7) mm 
[09:12:45.193] D [  geom  ] <AnodePlane:crm107> face:0, plane:1, origin:(3060.8 -857.499 20258.7) mm 
[09:12:45.193] D [  geom  ] <AnodePlane:crm107> face:0, plane:2, origin:(3060.8 -857.5 20258.6) mm 
[09:12:45.194] D [  geom  ] <AnodePlane:crm107> face:0 with 3 planes and sensvol: [(-3250 -1696.7 19514.1) --> (3250 -18.3008 21003.2)] 
[09:12:45.194] D [  main  ] configuring component: "AnodePlane":"crm108"
[09:12:45.194] D [  geom  ] <AnodePlane:crm108> X planes: "cathode"@ -3.25m, "response"@3.0608m, "anode"@3.25m, dirx=-1 
[09:12:45.194] D [  geom  ] <AnodePlane:crm108> face:0, plane:0, origin:(3060.8 857.499 20258.7) mm 
[09:12:45.194] D [  geom  ] <AnodePlane:crm108> face:0, plane:1, origin:(3060.8 857.501 20258.7) mm 
[09:12:45.194] D [  geom  ] <AnodePlane:crm108> face:0, plane:2, origin:(3060.8 857.5 20258.6) mm 
[09:12:45.194] D [  geom  ] <AnodePlane:crm108> face:0 with 3 planes and sensvol: [(-3250 18.3008 19514.1) --> (3250 1696.7 21003.2)] 
[09:12:45.195] D [  main  ] configuring component: "AnodePlane":"crm109"
[09:12:45.195] D [  geom  ] <AnodePlane:crm109> X planes: "cathode"@ -3.25m, "response"@3.0608m, "anode"@3.25m, dirx=-1 
[09:12:45.195] D [  geom  ] <AnodePlane:crm109> face:0, plane:0, origin:(3060.8 2536.5 20258.7) mm 
[09:12:45.195] D [  geom  ] <AnodePlane:crm109> face:0, plane:1, origin:(3060.8 2536.5 20258.7) mm 
[09:12:45.195] D [  geom  ] <AnodePlane:crm109> face:0, plane:2, origin:(3060.8 2536.5 20258.6) mm 
[09:12:45.195] D [  geom  ] <AnodePlane:crm109> face:0 with 3 planes and sensvol: [(-3250 1697.3 19514.1) --> (3250 3375.7 21003.2)] 
[09:12:45.195] D [  main  ] configuring component: "AnodePlane":"crm110"
[09:12:45.196] D [  geom  ] <AnodePlane:crm110> X planes: "cathode"@ -3.25m, "response"@3.0608m, "anode"@3.25m, dirx=-1 
[09:12:45.196] D [  geom  ] <AnodePlane:crm110> face:0, plane:0, origin:(3060.8 4232.5 20258.7) mm 
[09:12:45.196] D [  geom  ] <AnodePlane:crm110> face:0, plane:1, origin:(3060.8 4232.5 20258.7) mm 
[09:12:45.196] D [  geom  ] <AnodePlane:crm110> face:0, plane:2, origin:(3060.8 4232.5 20258.6) mm 
[09:12:45.196] D [  geom  ] <AnodePlane:crm110> face:0 with 3 planes and sensvol: [(-3250 3393.3 19514.1) --> (3250 5071.7 21003.2)] 
[09:12:45.196] D [  main  ] configuring component: "AnodePlane":"crm111"
[09:12:45.196] D [  geom  ] <AnodePlane:crm111> X planes: "cathode"@ -3.25m, "response"@3.0608m, "anode"@3.25m, dirx=-1 
[09:12:45.197] D [  geom  ] <AnodePlane:crm111> face:0, plane:0, origin:(3060.8 5911.5 20258.7) mm 
[09:12:45.197] D [  geom  ] <AnodePlane:crm111> face:0, plane:1, origin:(3060.8 5911.5 20258.7) mm 
[09:12:45.197] D [  geom  ] <AnodePlane:crm111> face:0, plane:2, origin:(3060.8 5911.5 20258.6) mm 
[09:12:45.197] D [  geom  ] <AnodePlane:crm111> face:0 with 3 planes and sensvol: [(-3250 5072.3 19514.1) --> (3250 6750.7 21003.2)] 
[09:12:45.197] D [  main  ] configuring component: "FieldResponse":"field0"
[09:12:45.197] I [  wct   ] loading compressed json file: /exp/dune/app/users/dbrailsf/10kt/vd/localProducts_larsoft_v10_14_00_e26_prof/dunereco/v10_14_00d00/wire-cell-cfg/dunevd-resp-isoc3views-18d92.json.bz2
[09:12:46.812] D [  main  ] configuring component: "wclsDepoFluxWriter":"postdrift"
[09:12:46.814] D [  main  ] configuring component: "DepoSetFanout":"sn_mag_fout_0_0"
[09:12:46.814] D [  main  ] configuring component: "DepoSetFanout":"sn_mag_fout_2_0"
[09:12:46.814] D [  main  ] configuring component: "DepoSetFanout":"sn_mag_fout_2_1"
[09:12:46.815] D [  main  ] configuring component: "DepoSetFanout":"sn_mag_fout_2_2"
[09:12:46.815] D [  main  ] configuring component: "DepoSetFanout":"sn_mag_fout_2_3"
[09:12:46.815] D [  main  ] configuring component: "DepoSetFanout":"sn_mag_fout_2_4"
[09:12:46.815] D [  main  ] configuring component: "DepoSetFanout":"sn_mag_fout_2_5"
[09:12:46.815] D [  main  ] configuring component: "DepoSetFanout":"sn_mag_fout_2_6"
[09:12:46.815] D [  main  ] configuring component: "DepoSetFanout":"sn_mag_fout_2_7"
[09:12:46.815] D [  main  ] configuring component: "DepoSetFanout":"sn_mag_fout_2_8"
[09:12:46.815] D [  main  ] configuring component: "DepoSetFanout":"sn_mag_fout_2_9"
[09:12:46.815] D [  main  ] configuring component: "DepoSetFanout":"sn_mag_fout_2_10"
[09:12:46.815] D [  main  ] configuring component: "DepoSetFanout":"sn_mag_fout_2_11"
[09:12:46.815] D [  main  ] configuring component: "DepoSetFanout":"sn_mag_fout_2_12"
[09:12:46.815] D [  main  ] configuring component: "DepoSetFanout":"sn_mag_fout_2_13"
[09:12:46.815] D [  main  ] configuring component: "DepoSetFanout":"sn_mag_fout_2_14"
[09:12:46.815] D [  main  ] configuring component: "DepoSetFanout":"sn_mag_fout_2_15"
[09:12:46.815] D [  main  ] configuring component: "DepoSetFanout":"sn_mag_fout_1_0"
[09:12:46.815] D [  main  ] configuring component: "DepoSetFanout":"sn_mag_fout_1_1"
[09:12:46.815] D [  main  ] configuring component: "DepoSetFanout":"sn_mag_fout_1_2"
[09:12:46.815] D [  main  ] configuring component: "DepoSetFanout":"sn_mag_fout_1_3"
[09:12:46.815] D [  main  ] configuring component: "DepoSetFanout":"sn_mag_fout_1_4"
[09:12:46.815] D [  main  ] configuring component: "DepoSetFanout":"sn_mag_fout_1_5"
[09:12:46.815] D [  main  ] configuring component: "DepoSetFanout":"sn_mag_fout_1_6"
[09:12:46.815] D [  main  ] configuring component: "DepoSetFanout":"sn_mag_fout_1_7"
[09:12:46.834] D [  main  ] configuring component: "FrameFanin":"sn_mag_fin_2_0"
[09:12:46.881] D [  main  ] configuring component: "FrameFanin":"sn_mag_fin_2_1"
[09:12:46.928] D [  main  ] configuring component: "FrameFanin":"sn_mag_fin_2_2"
[09:12:46.976] D [  main  ] configuring component: "FrameFanin":"sn_mag_fin_2_3"
[09:12:47.026] D [  main  ] configuring component: "FrameFanin":"sn_mag_fin_2_4"
[09:12:47.072] D [  main  ] configuring component: "FrameFanin":"sn_mag_fin_2_5"
[09:12:47.120] D [  main  ] configuring component: "FrameFanin":"sn_mag_fin_2_6"
[09:12:47.168] D [  main  ] configuring component: "FrameFanin":"sn_mag_fin_2_7"
[09:12:47.217] D [  main  ] configuring component: "FrameFanin":"sn_mag_fin_2_8"
[09:12:47.267] D [  main  ] configuring component: "FrameFanin":"sn_mag_fin_2_9"
[09:12:47.319] D [  main  ] configuring component: "FrameFanin":"sn_mag_fin_2_10"
[09:12:47.368] D [  main  ] configuring component: "FrameFanin":"sn_mag_fin_2_11"
[09:12:47.421] D [  main  ] configuring component: "FrameFanin":"sn_mag_fin_2_12"
[09:12:47.472] D [  main  ] configuring component: "FrameFanin":"sn_mag_fin_2_13"
[09:12:47.525] D [  main  ] configuring component: "FrameFanin":"sn_mag_fin_2_14"
[09:12:47.577] D [  main  ] configuring component: "FrameFanin":"sn_mag_fin_2_15"
[09:12:47.633] D [  main  ] configuring component: "FrameFanin":"sn_mag_fin_0_0"
[09:12:47.675] D [  main  ] configuring component: "FrameFanin":"sn_mag_fin_1_0"
[09:12:47.689] D [  main  ] configuring component: "FrameFanin":"sn_mag_fin_1_1"
[09:12:47.705] D [  main  ] configuring component: "FrameFanin":"sn_mag_fin_1_2"
[09:12:47.720] D [  main  ] configuring component: "FrameFanin":"sn_mag_fin_1_3"
[09:12:47.736] D [  main  ] configuring component: "FrameFanin":"sn_mag_fin_1_4"
[09:12:47.752] D [  main  ] configuring component: "FrameFanin":"sn_mag_fin_1_5"
[09:12:47.767] D [  main  ] configuring component: "FrameFanin":"sn_mag_fin_1_6"
[09:12:47.782] D [  main  ] configuring component: "FrameFanin":"sn_mag_fin_1_7"
[09:12:47.791] D [  main  ] configuring component: "DepoSetFilter":"ds-filter-switch-0"
[09:12:47.791] D [  gen   ] <DepoSetFilter:ds-filter-switch-0> face=0 bounds=[(-3250 -6750.68 8.5) --> (3250 -5072.32 1497.7)] 
[09:12:47.791] D [  main  ] configuring component: "FrameSync":"frame-sync-switch-0"
[09:12:47.791] D [  main  ] configuring component: "DeposOrBust":"dorb-switch-0"
[09:12:47.792] D [  main  ] configuring component: "FftwDFT":""
[09:12:47.792] D [  main  ] configuring component: "ColdElecResponse":"elecresp0"
[09:12:47.792] D [  main  ] configuring component: "RCResponse":""
[09:12:47.792] D [  main  ] configuring component: "ResponseSys":""
[09:12:47.793] D [  main  ] configuring component: "PlaneImpactResponse":"PIRfield0plane0"
[09:12:47.793] D [  gen   ] <PlaneImpactResponse:PIRfield0plane0> short response ColdElecResponse:elecresp0 has different number of samples (8736) than expected (400) 
[09:12:47.794] D [  gen   ] <PlaneImpactResponse:PIRfield0plane0> long response RCResponse has different number of samples (8736) than expected (8960) 
[09:12:47.795] D [  gen   ] <PlaneImpactResponse:PIRfield0plane0> long response RCResponse has different number of samples (8736) than expected (8960) 
[09:12:47.797] D [  gen   ] <PlaneImpactResponse:PIRfield0plane0> Nfr=1208 Nfr_slow=241 Nfr_ext=3205 Ner=400 Nfrxer=641 Tfr=100 Ter=500 FieldResponse:field0 
[09:12:47.813] D [  gen   ] <PlaneImpactResponse:PIRfield0plane0> fr=FieldResponse:field0 plane=0 short=200000 long=1500000 tick=500 nticks=8736 
[09:12:47.813] D [  main  ] configuring component: "PlaneImpactResponse":"PIRfield0plane1"
[09:12:47.813] D [  gen   ] <PlaneImpactResponse:PIRfield0plane1> short response ColdElecResponse:elecresp0 has different number of samples (8736) than expected (400) 
[09:12:47.813] D [  gen   ] <PlaneImpactResponse:PIRfield0plane1> long response RCResponse has different number of samples (8736) than expected (8960) 
[09:12:47.813] D [  gen   ] <PlaneImpactResponse:PIRfield0plane1> long response RCResponse has different number of samples (8736) than expected (8960) 
[09:12:47.813] D [  gen   ] <PlaneImpactResponse:PIRfield0plane1> Nfr=1208 Nfr_slow=241 Nfr_ext=3205 Ner=400 Nfrxer=641 Tfr=100 Ter=500 FieldResponse:field0 
[09:12:47.828] D [  gen   ] <PlaneImpactResponse:PIRfield0plane1> fr=FieldResponse:field0 plane=1 short=200000 long=1500000 tick=500 nticks=8736 
[09:12:47.828] D [  main  ] configuring component: "PlaneImpactResponse":"PIRfield0plane2"
[09:12:47.828] D [  gen   ] <PlaneImpactResponse:PIRfield0plane2> short response ColdElecResponse:elecresp0 has different number of samples (8736) than expected (400) 
[09:12:47.828] D [  gen   ] <PlaneImpactResponse:PIRfield0plane2> long response RCResponse has different number of samples (8736) than expected (8960) 
[09:12:47.828] D [  gen   ] <PlaneImpactResponse:PIRfield0plane2> long response RCResponse has different number of samples (8736) than expected (8960) 
[09:12:47.828] D [  gen   ] <PlaneImpactResponse:PIRfield0plane2> Nfr=1205 Nfr_slow=241 Nfr_ext=3205 Ner=400 Nfrxer=641 Tfr=100 Ter=500 FieldResponse:field0 
[09:12:47.841] D [  gen   ] <PlaneImpactResponse:PIRfield0plane2> fr=FieldResponse:field0 plane=2 short=200000 long=1500000 tick=500 nticks=8736 
[09:12:47.842] D [  main  ] configuring component: "DepoTransform":"ductor0"
[09:12:47.842] D [  gen   ] <DepoTransform:ductor0> tick=0.5 us, start=-117.83536680306176 us, readin=4368 us, drift_speed=1.60563 mm/us 
[09:12:47.842] D [  main  ] configuring component: "Reframer":"reframer0"
[09:12:47.842] D [  gen   ] <Reframer:reframer0> using anode: "AnodePlane:crm0" 
[09:12:47.843] D [  main  ] configuring component: "MegaAnodePlane":"meganodes"
[09:12:47.843] D [  main  ] configuring component: "EmpiricalNoiseModel":"empericalnoisemeganodes"
[09:12:47.843] D [  gen   ] <EmpiricalNoiseModel:empericalnoisemeganodes> using anode MegaAnodePlane:meganodes, chanstat  
[09:12:47.843] I [  wct   ] loading compressed json file: /exp/dune/app/users/dbrailsf/10kt/vd/localProducts_larsoft_v10_14_00_e26_prof/dunereco/v10_14_00d00/wire-cell-cfg/dunevd10kt-1x6x6-3view30deg-noise-spectra-v1.json.bz2
[09:12:47.912] D [  main  ] configuring component: "AddNoise":"addnoisecrm0"
[09:12:47.912] D [  gen   ] <IncoherentAddNoise:addnoisecrm0> using noise model: "EmpiricalNoiseModel:empericalnoisemeganodes" 
[09:12:47.912] D [  main  ] configuring component: "Digitizer":"digitizer0"
[09:12:47.913] D [  gen   ] <Digitizer:digitizer0> tag="orig0", resolution=14 bits, maxvalue=16384 counts, gain=1, fullscale=[0,2000] mV, baselines=[900,900,200] mV round=0 
[09:12:47.913] D [  main  ] configuring component: "ColdElecResponse":""
[09:12:47.913] D [  main  ] configuring component: "LfFilter":"ROI_tight_lf"
[09:12:47.913] D [  main  ] configuring component: "LfFilter":"ROI_tighter_lf"
[09:12:47.913] D [  main  ] configuring component: "LfFilter":"ROI_loose_lf"
[09:12:47.913] D [  main  ] configuring component: "HfFilter":"Gaus_tight"
[09:12:47.913] D [  main  ] configuring component: "HfFilter":"Gaus_wide"
[09:12:47.913] D [  main  ] configuring component: "HfFilter":"Wiener_tight_U"
[09:12:47.913] D [  main  ] configuring component: "HfFilter":"Wiener_tight_V"
[09:12:47.913] D [  main  ] configuring component: "HfFilter":"Wiener_tight_W"
[09:12:47.913] D [  main  ] configuring component: "HfFilter":"Wiener_wide_U"
[09:12:47.913] D [  main  ] configuring component: "HfFilter":"Wiener_wide_V"
[09:12:47.913] D [  main  ] configuring component: "HfFilter":"Wiener_wide_W"
[09:12:47.914] D [  main  ] configuring component: "HfFilter":"Wire_ind"
[09:12:47.914] D [  main  ] configuring component: "HfFilter":"Wire_col"
[09:12:47.914] D [  main  ] configuring component: "OmnibusSigProc":"crm0sigproc0"
[09:12:47.917] W [sigproc ] <OmnibusSigProc:crm0sigproc0> The 'wiener_threshold_tag' is obsolete, thresholds in summary on 'wiener' tagged traces 
[09:12:47.919] D [sigproc ] <OmnibusSigProc:crm0sigproc0> config: internal channel map for tags: gauss:"gauss0", wiener:"wiener0", frame:"sigproc"
	pind0 lind0 aid0 fid0 pid0 cid0 -> cid285, cind0 -> cind285, (n=286)
	pind1 lind1 aid0 fid0 pid1 cid286 -> cid571, cind0 -> cind285, (n=286)
	pind2 lind2 aid0 fid0 pid2 cid572 -> cid863, cind0 -> cind291, (n=292)
 
[09:12:47.919] D [  main  ] configuring component: "DepoSetFilter":"ds-filter-switch-1"
[09:12:47.919] D [  gen   ] <DepoSetFilter:ds-filter-switch-1> face=0 bounds=[(-3250 -5071.68 8.5) --> (3250 -3393.32 1497.7)] 
[09:12:47.919] D [  main  ] configuring component: "FrameSync":"frame-sync-switch-1"
[09:12:47.919] D [  main  ] configuring component: "DeposOrBust":"dorb-switch-1"
[09:12:47.919] D [  main  ] configuring component: "DepoTransform":"ductor1"
[09:12:47.920] D [  gen   ] <DepoTransform:ductor1> tick=0.5 us, start=-117.83536680306176 us, readin=4368 us, drift_speed=1.60563 mm/us 
[09:12:47.920] D [  main  ] configuring component: "Reframer":"reframer1"
[09:12:47.920] D [  gen   ] <Reframer:reframer1> using anode: "AnodePlane:crm1" 
[09:12:47.920] D [  main  ] configuring component: "AddNoise":"addnoisecrm1"
[09:12:47.920] D [  gen   ] <IncoherentAddNoise:addnoisecrm1> using noise model: "EmpiricalNoiseModel:empericalnoisemeganodes" 
[09:12:47.920] D [  main  ] configuring component: "Digitizer":"digitizer1"
[09:12:47.920] D [  gen   ] <Digitizer:digitizer1> tag="orig1", resolution=14 bits, maxvalue=16384 counts, gain=1, fullscale=[0,2000] mV, baselines=[900,900,200] mV round=0 
[09:12:47.920] D [  main  ] configuring component: "OmnibusSigProc":"crm1sigproc1"
[09:12:47.924] W [sigproc ] <OmnibusSigProc:crm1sigproc1> The 'wiener_threshold_tag' is obsolete, thresholds in summary on 'wiener' tagged traces 
[09:12:47.925] D [sigproc ] <OmnibusSigProc:crm1sigproc1> config: internal channel map for tags: gauss:"gauss1", wiener:"wiener1", frame:"sigproc"
	pind0 lind0 aid1 fid0 pid0 cid864 -> cid1149, cind0 -> cind285, (n=286)
	pind1 lind1 aid1 fid0 pid1 cid1150 -> cid1435, cind0 -> cind285, (n=286)
	pind2 lind2 aid1 fid0 pid2 cid1436 -> cid1727, cind0 -> cind291, (n=292)
 
[09:12:47.926] D [  main  ] configuring component: "DepoSetFilter":"ds-filter-switch-2"
[09:12:47.926] D [  gen   ] <DepoSetFilter:ds-filter-switch-2> face=0 bounds=[(-3250 -3375.68 8.5) --> (3250 -1697.32 1497.7)] 
[09:12:47.926] D [  main  ] configuring component: "FrameSync":"frame-sync-switch-2"
[09:12:47.926] D [  main  ] configuring component: "DeposOrBust":"dorb-switch-2"
[09:12:47.926] D [  main  ] configuring component: "DepoTransform":"ductor2"
[09:12:47.926] D [  gen   ] <DepoTransform:ductor2> tick=0.5 us, start=-117.83536680306176 us, readin=4368 us, drift_speed=1.60563 mm/us 
[09:12:47.926] D [  main  ] configuring component: "Reframer":"reframer2"
[09:12:47.926] D [  gen   ] <Reframer:reframer2> using anode: "AnodePlane:crm2" 
[09:12:47.926] D [  main  ] configuring component: "AddNoise":"addnoisecrm2"
[09:12:47.926] D [  gen   ] <IncoherentAddNoise:addnoisecrm2> using noise model: "EmpiricalNoiseModel:empericalnoisemeganodes" 
[09:12:47.927] D [  main  ] configuring component: "Digitizer":"digitizer2"
[09:12:47.927] D [  gen   ] <Digitizer:digitizer2> tag="orig2", resolution=14 bits, maxvalue=16384 counts, gain=1, fullscale=[0,2000] mV, baselines=[900,900,200] mV round=0 
[09:12:47.927] D [  main  ] configuring component: "OmnibusSigProc":"crm2sigproc2"
[09:12:47.930] W [sigproc ] <OmnibusSigProc:crm2sigproc2> The 'wiener_threshold_tag' is obsolete, thresholds in summary on 'wiener' tagged traces 
[09:12:47.932] D [sigproc ] <OmnibusSigProc:crm2sigproc2> config: internal channel map for tags: gauss:"gauss2", wiener:"wiener2", frame:"sigproc"
	pind0 lind0 aid2 fid0 pid0 cid1728 -> cid2013, cind0 -> cind285, (n=286)
	pind1 lind1 aid2 fid0 pid1 cid2014 -> cid2299, cind0 -> cind285, (n=286)
	pind2 lind2 aid2 fid0 pid2 cid2300 -> cid2591, cind0 -> cind291, (n=292)
 
[09:12:47.932] D [  main  ] configuring component: "DepoSetFilter":"ds-filter-switch-3"
[09:12:47.932] D [  gen   ] <DepoSetFilter:ds-filter-switch-3> face=0 bounds=[(-3250 -1696.68 8.5) --> (3250 -18.322 1497.7)] 
[09:12:47.932] D [  main  ] configuring component: "FrameSync":"frame-sync-switch-3"
[09:12:47.932] D [  main  ] configuring component: "DeposOrBust":"dorb-switch-3"
[09:12:47.932] D [  main  ] configuring component: "DepoTransform":"ductor3"
[09:12:47.933] D [  gen   ] <DepoTransform:ductor3> tick=0.5 us, start=-117.83536680306176 us, readin=4368 us, drift_speed=1.60563 mm/us 
[09:12:47.933] D [  main  ] configuring component: "Reframer":"reframer3"
[09:12:47.933] D [  gen   ] <Reframer:reframer3> using anode: "AnodePlane:crm3" 
[09:12:47.933] D [  main  ] configuring component: "AddNoise":"addnoisecrm3"
[09:12:47.933] D [  gen   ] <IncoherentAddNoise:addnoisecrm3> using noise model: "EmpiricalNoiseModel:empericalnoisemeganodes" 
[09:12:47.933] D [  main  ] configuring component: "Digitizer":"digitizer3"
[09:12:47.933] D [  gen   ] <Digitizer:digitizer3> tag="orig3", resolution=14 bits, maxvalue=16384 counts, gain=1, fullscale=[0,2000] mV, baselines=[900,900,200] mV round=0 
[09:12:47.933] D [  main  ] configuring component: "OmnibusSigProc":"crm3sigproc3"
[09:12:47.937] W [sigproc ] <OmnibusSigProc:crm3sigproc3> The 'wiener_threshold_tag' is obsolete, thresholds in summary on 'wiener' tagged traces 
[09:12:47.938] D [sigproc ] <OmnibusSigProc:crm3sigproc3> config: internal channel map for tags: gauss:"gauss3", wiener:"wiener3", frame:"sigproc"
	pind0 lind0 aid3 fid0 pid0 cid2592 -> cid2877, cind0 -> cind285, (n=286)
	pind1 lind1 aid3 fid0 pid1 cid2878 -> cid3163, cind0 -> cind285, (n=286)
	pind2 lind2 aid3 fid0 pid2 cid3164 -> cid3455, cind0 -> cind291, (n=292)
 
[09:12:47.939] D [  main  ] configuring component: "DepoSetFilter":"ds-filter-switch-4"
[09:12:47.939] D [  gen   ] <DepoSetFilter:ds-filter-switch-4> face=0 bounds=[(-3250 18.322 8.5) --> (3250 1696.68 1497.7)] 
[09:12:47.939] D [  main  ] configuring component: "FrameSync":"frame-sync-switch-4"
[09:12:47.939] D [  main  ] configuring component: "DeposOrBust":"dorb-switch-4"
[09:12:47.939] D [  main  ] configuring component: "DepoTransform":"ductor4"
[09:12:47.939] D [  gen   ] <DepoTransform:ductor4> tick=0.5 us, start=-117.83536680306176 us, readin=4368 us, drift_speed=1.60563 mm/us 
[09:12:47.939] D [  main  ] configuring component: "Reframer":"reframer4"
[09:12:47.939] D [  gen   ] <Reframer:reframer4> using anode: "AnodePlane:crm4" 
[09:12:47.939] D [  main  ] configuring component: "AddNoise":"addnoisecrm4"
[09:12:47.939] D [  gen   ] <IncoherentAddNoise:addnoisecrm4> using noise model: "EmpiricalNoiseModel:empericalnoisemeganodes" 
[09:12:47.940] D [  main  ] configuring component: "Digitizer":"digitizer4"
[09:12:47.940] D [  gen   ] <Digitizer:digitizer4> tag="orig4", resolution=14 bits, maxvalue=16384 counts, gain=1, fullscale=[0,2000] mV, baselines=[900,900,200] mV round=0 
[09:12:47.940] D [  main  ] configuring component: "OmnibusSigProc":"crm4sigproc4"
[09:12:47.943] W [sigproc ] <OmnibusSigProc:crm4sigproc4> The 'wiener_threshold_tag' is obsolete, thresholds in summary on 'wiener' tagged traces 
[09:12:47.945] D [sigproc ] <OmnibusSigProc:crm4sigproc4> config: internal channel map for tags: gauss:"gauss4", wiener:"wiener4", frame:"sigproc"
	pind0 lind0 aid4 fid0 pid0 cid3456 -> cid3741, cind0 -> cind285, (n=286)
	pind1 lind1 aid4 fid0 pid1 cid3742 -> cid4027, cind0 -> cind285, (n=286)
	pind2 lind2 aid4 fid0 pid2 cid4028 -> cid4319, cind0 -> cind291, (n=292)
 
[09:12:47.945] D [  main  ] configuring component: "DepoSetFilter":"ds-filter-switch-5"
[09:12:47.945] D [  gen   ] <DepoSetFilter:ds-filter-switch-5> face=0 bounds=[(-3250 1697.32 8.5) --> (3250 3375.68 1497.7)] 
[09:12:47.945] D [  main  ] configuring component: "FrameSync":"frame-sync-switch-5"
[09:12:47.945] D [  main  ] configuring component: "DeposOrBust":"dorb-switch-5"
[09:12:47.945] D [  main  ] configuring component: "DepoTransform":"ductor5"
[09:12:47.946] D [  gen   ] <DepoTransform:ductor5> tick=0.5 us, start=-117.83536680306176 us, readin=4368 us, drift_speed=1.60563 mm/us 
[09:12:47.946] D [  main  ] configuring component: "Reframer":"reframer5"
[09:12:47.946] D [  gen   ] <Reframer:reframer5> using anode: "AnodePlane:crm5" 
[09:12:47.946] D [  main  ] configuring component: "AddNoise":"addnoisecrm5"
[09:12:47.946] D [  gen   ] <IncoherentAddNoise:addnoisecrm5> using noise model: "EmpiricalNoiseModel:empericalnoisemeganodes" 
[09:12:47.946] D [  main  ] configuring component: "Digitizer":"digitizer5"
[09:12:47.946] D [  gen   ] <Digitizer:digitizer5> tag="orig5", resolution=14 bits, maxvalue=16384 counts, gain=1, fullscale=[0,2000] mV, baselines=[900,900,200] mV round=0 
[09:12:47.946] D [  main  ] configuring component: "OmnibusSigProc":"crm5sigproc5"
[09:12:47.950] W [sigproc ] <OmnibusSigProc:crm5sigproc5> The 'wiener_threshold_tag' is obsolete, thresholds in summary on 'wiener' tagged traces 
[09:12:47.951] D [sigproc ] <OmnibusSigProc:crm5sigproc5> config: internal channel map for tags: gauss:"gauss5", wiener:"wiener5", frame:"sigproc"
	pind0 lind0 aid5 fid0 pid0 cid4320 -> cid4605, cind0 -> cind285, (n=286)
	pind1 lind1 aid5 fid0 pid1 cid4606 -> cid4891, cind0 -> cind285, (n=286)
	pind2 lind2 aid5 fid0 pid2 cid4892 -> cid5183, cind0 -> cind291, (n=292)
 
[09:12:47.952] D [  main  ] configuring component: "DepoSetFilter":"ds-filter-switch-6"
[09:12:47.952] D [  gen   ] <DepoSetFilter:ds-filter-switch-6> face=0 bounds=[(-3250 3393.32 8.5) --> (3250 5071.68 1497.7)] 
[09:12:47.952] D [  main  ] configuring component: "FrameSync":"frame-sync-switch-6"
[09:12:47.952] D [  main  ] configuring component: "DeposOrBust":"dorb-switch-6"
[09:12:47.952] D [  main  ] configuring component: "DepoTransform":"ductor6"
[09:12:47.952] D [  gen   ] <DepoTransform:ductor6> tick=0.5 us, start=-117.83536680306176 us, readin=4368 us, drift_speed=1.60563 mm/us 
[09:12:47.952] D [  main  ] configuring component: "Reframer":"reframer6"
[09:12:47.952] D [  gen   ] <Reframer:reframer6> using anode: "AnodePlane:crm6" 
[09:12:47.952] D [  main  ] configuring component: "AddNoise":"addnoisecrm6"
[09:12:47.952] D [  gen   ] <IncoherentAddNoise:addnoisecrm6> using noise model: "EmpiricalNoiseModel:empericalnoisemeganodes" 
[09:12:47.952] D [  main  ] configuring component: "Digitizer":"digitizer6"
[09:12:47.952] D [  gen   ] <Digitizer:digitizer6> tag="orig6", resolution=14 bits, maxvalue=16384 counts, gain=1, fullscale=[0,2000] mV, baselines=[900,900,200] mV round=0 
[09:12:47.953] D [  main  ] configuring component: "OmnibusSigProc":"crm6sigproc6"
[09:12:47.956] W [sigproc ] <OmnibusSigProc:crm6sigproc6> The 'wiener_threshold_tag' is obsolete, thresholds in summary on 'wiener' tagged traces 
[09:12:47.958] D [sigproc ] <OmnibusSigProc:crm6sigproc6> config: internal channel map for tags: gauss:"gauss6", wiener:"wiener6", frame:"sigproc"
	pind0 lind0 aid6 fid0 pid0 cid5184 -> cid5469, cind0 -> cind285, (n=286)
	pind1 lind1 aid6 fid0 pid1 cid5470 -> cid5755, cind0 -> cind285, (n=286)
	pind2 lind2 aid6 fid0 pid2 cid5756 -> cid6047, cind0 -> cind291, (n=292)
 
[09:12:47.958] D [  main  ] configuring component: "DepoSetFilter":"ds-filter-switch-7"
[09:12:47.958] D [  gen   ] <DepoSetFilter:ds-filter-switch-7> face=0 bounds=[(-3250 5072.32 8.5) --> (3250 6750.68 1497.7)] 
[09:12:47.958] D [  main  ] configuring component: "FrameSync":"frame-sync-switch-7"
[09:12:47.958] D [  main  ] configuring component: "DeposOrBust":"dorb-switch-7"
[09:12:47.958] D [  main  ] configuring component: "DepoTransform":"ductor7"
[09:12:47.958] D [  gen   ] <DepoTransform:ductor7> tick=0.5 us, start=-117.83536680306176 us, readin=4368 us, drift_speed=1.60563 mm/us 
[09:12:47.958] D [  main  ] configuring component: "Reframer":"reframer7"
[09:12:47.959] D [  gen   ] <Reframer:reframer7> using anode: "AnodePlane:crm7" 
[09:12:47.959] D [  main  ] configuring component: "AddNoise":"addnoisecrm7"
[09:12:47.959] D [  gen   ] <IncoherentAddNoise:addnoisecrm7> using noise model: "EmpiricalNoiseModel:empericalnoisemeganodes" 
[09:12:47.959] D [  main  ] configuring component: "Digitizer":"digitizer7"
[09:12:47.959] D [  gen   ] <Digitizer:digitizer7> tag="orig7", resolution=14 bits, maxvalue=16384 counts, gain=1, fullscale=[0,2000] mV, baselines=[900,900,200] mV round=0 
[09:12:47.959] D [  main  ] configuring component: "OmnibusSigProc":"crm7sigproc7"
[09:12:47.963] W [sigproc ] <OmnibusSigProc:crm7sigproc7> The 'wiener_threshold_tag' is obsolete, thresholds in summary on 'wiener' tagged traces 
[09:12:47.964] D [sigproc ] <OmnibusSigProc:crm7sigproc7> config: internal channel map for tags: gauss:"gauss7", wiener:"wiener7", frame:"sigproc"
	pind0 lind0 aid7 fid0 pid0 cid6048 -> cid6333, cind0 -> cind285, (n=286)
	pind1 lind1 aid7 fid0 pid1 cid6334 -> cid6619, cind0 -> cind285, (n=286)
	pind2 lind2 aid7 fid0 pid2 cid6620 -> cid6911, cind0 -> cind291, (n=292)
 
[09:12:47.965] D [  main  ] configuring component: "DepoSetFilter":"ds-filter-switch-8"
[09:12:47.965] D [  gen   ] <DepoSetFilter:ds-filter-switch-8> face=0 bounds=[(-3250 -6750.68 1497.7) --> (3250 -5072.32 2986.9)] 
[09:12:47.965] D [  main  ] configuring component: "FrameSync":"frame-sync-switch-8"
[09:12:47.965] D [  main  ] configuring component: "DeposOrBust":"dorb-switch-8"
[09:12:47.965] D [  main  ] configuring component: "DepoTransform":"ductor8"
[09:12:47.965] D [  gen   ] <DepoTransform:ductor8> tick=0.5 us, start=-117.83536680306176 us, readin=4368 us, drift_speed=1.60563 mm/us 
[09:12:47.965] D [  main  ] configuring component: "Reframer":"reframer8"
[09:12:47.965] D [  gen   ] <Reframer:reframer8> using anode: "AnodePlane:crm8" 
[09:12:47.965] D [  main  ] configuring component: "AddNoise":"addnoisecrm8"
[09:12:47.965] D [  gen   ] <IncoherentAddNoise:addnoisecrm8> using noise model: "EmpiricalNoiseModel:empericalnoisemeganodes" 
[09:12:47.965] D [  main  ] configuring component: "Digitizer":"digitizer8"
[09:12:47.966] D [  gen   ] <Digitizer:digitizer8> tag="orig8", resolution=14 bits, maxvalue=16384 counts, gain=1, fullscale=[0,2000] mV, baselines=[900,900,200] mV round=0 
[09:12:47.966] D [  main  ] configuring component: "OmnibusSigProc":"crm8sigproc8"
[09:12:47.969] W [sigproc ] <OmnibusSigProc:crm8sigproc8> The 'wiener_threshold_tag' is obsolete, thresholds in summary on 'wiener' tagged traces 
[09:12:47.971] D [sigproc ] <OmnibusSigProc:crm8sigproc8> config: internal channel map for tags: gauss:"gauss8", wiener:"wiener8", frame:"sigproc"
	pind0 lind0 aid8 fid0 pid0 cid6912 -> cid7197, cind0 -> cind285, (n=286)
	pind1 lind1 aid8 fid0 pid1 cid7198 -> cid7483, cind0 -> cind285, (n=286)
	pind2 lind2 aid8 fid0 pid2 cid7484 -> cid7775, cind0 -> cind291, (n=292)
 
[09:12:47.971] D [  main  ] configuring component: "DepoSetFilter":"ds-filter-switch-9"
[09:12:47.971] D [  gen   ] <DepoSetFilter:ds-filter-switch-9> face=0 bounds=[(-3250 -5071.68 1497.7) --> (3250 -3393.32 2986.9)] 
[09:12:47.971] D [  main  ] configuring component: "FrameSync":"frame-sync-switch-9"
[09:12:47.971] D [  main  ] configuring component: "DeposOrBust":"dorb-switch-9"
[09:12:47.971] D [  main  ] configuring component: "DepoTransform":"ductor9"
[09:12:47.972] D [  gen   ] <DepoTransform:ductor9> tick=0.5 us, start=-117.83536680306176 us, readin=4368 us, drift_speed=1.60563 mm/us 
[09:12:47.972] D [  main  ] configuring component: "Reframer":"reframer9"
[09:12:47.972] D [  gen   ] <Reframer:reframer9> using anode: "AnodePlane:crm9" 
[09:12:47.972] D [  main  ] configuring component: "AddNoise":"addnoisecrm9"
[09:12:47.972] D [  gen   ] <IncoherentAddNoise:addnoisecrm9> using noise model: "EmpiricalNoiseModel:empericalnoisemeganodes" 
[09:12:47.972] D [  main  ] configuring component: "Digitizer":"digitizer9"
[09:12:47.972] D [  gen   ] <Digitizer:digitizer9> tag="orig9", resolution=14 bits, maxvalue=16384 counts, gain=1, fullscale=[0,2000] mV, baselines=[900,900,200] mV round=0 
[09:12:47.972] D [  main  ] configuring component: "OmnibusSigProc":"crm9sigproc9"
[09:12:47.976] W [sigproc ] <OmnibusSigProc:crm9sigproc9> The 'wiener_threshold_tag' is obsolete, thresholds in summary on 'wiener' tagged traces 
[09:12:47.977] D [sigproc ] <OmnibusSigProc:crm9sigproc9> config: internal channel map for tags: gauss:"gauss9", wiener:"wiener9", frame:"sigproc"
	pind0 lind0 aid9 fid0 pid0 cid7776 -> cid8061, cind0 -> cind285, (n=286)
	pind1 lind1 aid9 fid0 pid1 cid8062 -> cid8347, cind0 -> cind285, (n=286)
	pind2 lind2 aid9 fid0 pid2 cid8348 -> cid8639, cind0 -> cind291, (n=292)
 
[09:12:47.978] D [  main  ] configuring component: "DepoSetFilter":"ds-filter-switch-10"
[09:12:47.978] D [  gen   ] <DepoSetFilter:ds-filter-switch-10> face=0 bounds=[(-3250 -3375.68 1497.7) --> (3250 -1697.32 2986.9)] 
[09:12:47.978] D [  main  ] configuring component: "FrameSync":"frame-sync-switch-10"
[09:12:47.978] D [  main  ] configuring component: "DeposOrBust":"dorb-switch-10"
[09:12:47.978] D [  main  ] configuring component: "DepoTransform":"ductor10"
[09:12:47.978] D [  gen   ] <DepoTransform:ductor10> tick=0.5 us, start=-117.83536680306176 us, readin=4368 us, drift_speed=1.60563 mm/us 
[09:12:47.978] D [  main  ] configuring component: "Reframer":"reframer10"
[09:12:47.978] D [  gen   ] <Reframer:reframer10> using anode: "AnodePlane:crm10" 
[09:12:47.978] D [  main  ] configuring component: "AddNoise":"addnoisecrm10"
[09:12:47.979] D [  gen   ] <IncoherentAddNoise:addnoisecrm10> using noise model: "EmpiricalNoiseModel:empericalnoisemeganodes" 
[09:12:47.979] D [  main  ] configuring component: "Digitizer":"digitizer10"
[09:12:47.979] D [  gen   ] <Digitizer:digitizer10> tag="orig10", resolution=14 bits, maxvalue=16384 counts, gain=1, fullscale=[0,2000] mV, baselines=[900,900,200] mV round=0 
[09:12:47.979] D [  main  ] configuring component: "OmnibusSigProc":"crm10sigproc10"
[09:12:47.982] W [sigproc ] <OmnibusSigProc:crm10sigproc10> The 'wiener_threshold_tag' is obsolete, thresholds in summary on 'wiener' tagged traces 
[09:12:47.984] D [sigproc ] <OmnibusSigProc:crm10sigproc10> config: internal channel map for tags: gauss:"gauss10", wiener:"wiener10", frame:"sigproc"
	pind0 lind0 aid10 fid0 pid0 cid8640 -> cid8925, cind0 -> cind285, (n=286)
	pind1 lind1 aid10 fid0 pid1 cid8926 -> cid9211, cind0 -> cind285, (n=286)
	pind2 lind2 aid10 fid0 pid2 cid9212 -> cid9503, cind0 -> cind291, (n=292)
 
[09:12:47.984] D [  main  ] configuring component: "DepoSetFilter":"ds-filter-switch-11"
[09:12:47.984] D [  gen   ] <DepoSetFilter:ds-filter-switch-11> face=0 bounds=[(-3250 -1696.68 1497.7) --> (3250 -18.322 2986.9)] 
[09:12:47.984] D [  main  ] configuring component: "FrameSync":"frame-sync-switch-11"
[09:12:47.984] D [  main  ] configuring component: "DeposOrBust":"dorb-switch-11"
[09:12:47.984] D [  main  ] configuring component: "DepoTransform":"ductor11"
[09:12:47.985] D [  gen   ] <DepoTransform:ductor11> tick=0.5 us, start=-117.83536680306176 us, readin=4368 us, drift_speed=1.60563 mm/us 
[09:12:47.985] D [  main  ] configuring component: "Reframer":"reframer11"
[09:12:47.985] D [  gen   ] <Reframer:reframer11> using anode: "AnodePlane:crm11" 
[09:12:47.985] D [  main  ] configuring component: "AddNoise":"addnoisecrm11"
[09:12:47.985] D [  gen   ] <IncoherentAddNoise:addnoisecrm11> using noise model: "EmpiricalNoiseModel:empericalnoisemeganodes" 
[09:12:47.985] D [  main  ] configuring component: "Digitizer":"digitizer11"
[09:12:47.985] D [  gen   ] <Digitizer:digitizer11> tag="orig11", resolution=14 bits, maxvalue=16384 counts, gain=1, fullscale=[0,2000] mV, baselines=[900,900,200] mV round=0 
[09:12:47.985] D [  main  ] configuring component: "OmnibusSigProc":"crm11sigproc11"
[09:12:47.989] W [sigproc ] <OmnibusSigProc:crm11sigproc11> The 'wiener_threshold_tag' is obsolete, thresholds in summary on 'wiener' tagged traces 
[09:12:47.990] D [sigproc ] <OmnibusSigProc:crm11sigproc11> config: internal channel map for tags: gauss:"gauss11", wiener:"wiener11", frame:"sigproc"
	pind0 lind0 aid11 fid0 pid0 cid9504 -> cid9789, cind0 -> cind285, (n=286)
	pind1 lind1 aid11 fid0 pid1 cid9790 -> cid10075, cind0 -> cind285, (n=286)
	pind2 lind2 aid11 fid0 pid2 cid10076 -> cid10367, cind0 -> cind291, (n=292)
 
[09:12:47.991] D [  main  ] configuring component: "DepoSetFilter":"ds-filter-switch-12"
[09:12:47.991] D [  gen   ] <DepoSetFilter:ds-filter-switch-12> face=0 bounds=[(-3250 18.322 1497.7) --> (3250 1696.68 2986.9)] 
[09:12:47.991] D [  main  ] configuring component: "FrameSync":"frame-sync-switch-12"
[09:12:47.991] D [  main  ] configuring component: "DeposOrBust":"dorb-switch-12"
[09:12:47.991] D [  main  ] configuring component: "DepoTransform":"ductor12"
[09:12:47.991] D [  gen   ] <DepoTransform:ductor12> tick=0.5 us, start=-117.83536680306176 us, readin=4368 us, drift_speed=1.60563 mm/us 
[09:12:47.991] D [  main  ] configuring component: "Reframer":"reframer12"
[09:12:47.991] D [  gen   ] <Reframer:reframer12> using anode: "AnodePlane:crm12" 
[09:12:47.991] D [  main  ] configuring component: "AddNoise":"addnoisecrm12"
[09:12:47.991] D [  gen   ] <IncoherentAddNoise:addnoisecrm12> using noise model: "EmpiricalNoiseModel:empericalnoisemeganodes" 
[09:12:47.992] D [  main  ] configuring component: "Digitizer":"digitizer12"
[09:12:47.992] D [  gen   ] <Digitizer:digitizer12> tag="orig12", resolution=14 bits, maxvalue=16384 counts, gain=1, fullscale=[0,2000] mV, baselines=[900,900,200] mV round=0 
[09:12:47.992] D [  main  ] configuring component: "OmnibusSigProc":"crm12sigproc12"
[09:12:47.995] W [sigproc ] <OmnibusSigProc:crm12sigproc12> The 'wiener_threshold_tag' is obsolete, thresholds in summary on 'wiener' tagged traces 
[09:12:47.997] D [sigproc ] <OmnibusSigProc:crm12sigproc12> config: internal channel map for tags: gauss:"gauss12", wiener:"wiener12", frame:"sigproc"
	pind0 lind0 aid12 fid0 pid0 cid10368 -> cid10653, cind0 -> cind285, (n=286)
	pind1 lind1 aid12 fid0 pid1 cid10654 -> cid10939, cind0 -> cind285, (n=286)
	pind2 lind2 aid12 fid0 pid2 cid10940 -> cid11231, cind0 -> cind291, (n=292)
 
[09:12:47.998] D [  main  ] configuring component: "DepoSetFilter":"ds-filter-switch-13"
[09:12:47.998] D [  gen   ] <DepoSetFilter:ds-filter-switch-13> face=0 bounds=[(-3250 1697.32 1497.7) --> (3250 3375.68 2986.9)] 
[09:12:47.998] D [  main  ] configuring component: "FrameSync":"frame-sync-switch-13"
[09:12:47.998] D [  main  ] configuring component: "DeposOrBust":"dorb-switch-13"
[09:12:47.998] D [  main  ] configuring component: "DepoTransform":"ductor13"
[09:12:47.998] D [  gen   ] <DepoTransform:ductor13> tick=0.5 us, start=-117.83536680306176 us, readin=4368 us, drift_speed=1.60563 mm/us 
[09:12:47.998] D [  main  ] configuring component: "Reframer":"reframer13"
[09:12:47.998] D [  gen   ] <Reframer:reframer13> using anode: "AnodePlane:crm13" 
[09:12:47.998] D [  main  ] configuring component: "AddNoise":"addnoisecrm13"
[09:12:47.998] D [  gen   ] <IncoherentAddNoise:addnoisecrm13> using noise model: "EmpiricalNoiseModel:empericalnoisemeganodes" 
[09:12:47.998] D [  main  ] configuring component: "Digitizer":"digitizer13"
[09:12:47.999] D [  gen   ] <Digitizer:digitizer13> tag="orig13", resolution=14 bits, maxvalue=16384 counts, gain=1, fullscale=[0,2000] mV, baselines=[900,900,200] mV round=0 
[09:12:47.999] D [  main  ] configuring component: "OmnibusSigProc":"crm13sigproc13"
[09:12:48.002] W [sigproc ] <OmnibusSigProc:crm13sigproc13> The 'wiener_threshold_tag' is obsolete, thresholds in summary on 'wiener' tagged traces 
[09:12:48.004] D [sigproc ] <OmnibusSigProc:crm13sigproc13> config: internal channel map for tags: gauss:"gauss13", wiener:"wiener13", frame:"sigproc"
	pind0 lind0 aid13 fid0 pid0 cid11232 -> cid11517, cind0 -> cind285, (n=286)
	pind1 lind1 aid13 fid0 pid1 cid11518 -> cid11803, cind0 -> cind285, (n=286)
	pind2 lind2 aid13 fid0 pid2 cid11804 -> cid12095, cind0 -> cind291, (n=292)
 
[09:12:48.004] D [  main  ] configuring component: "DepoSetFilter":"ds-filter-switch-14"
[09:12:48.004] D [  gen   ] <DepoSetFilter:ds-filter-switch-14> face=0 bounds=[(-3250 3393.32 1497.7) --> (3250 5071.68 2986.9)] 
[09:12:48.004] D [  main  ] configuring component: "FrameSync":"frame-sync-switch-14"
[09:12:48.004] D [  main  ] configuring component: "DeposOrBust":"dorb-switch-14"
[09:12:48.005] D [  main  ] configuring component: "DepoTransform":"ductor14"
[09:12:48.005] D [  gen   ] <DepoTransform:ductor14> tick=0.5 us, start=-117.83536680306176 us, readin=4368 us, drift_speed=1.60563 mm/us 
[09:12:48.005] D [  main  ] configuring component: "Reframer":"reframer14"
[09:12:48.005] D [  gen   ] <Reframer:reframer14> using anode: "AnodePlane:crm14" 
[09:12:48.005] D [  main  ] configuring component: "AddNoise":"addnoisecrm14"
[09:12:48.005] D [  gen   ] <IncoherentAddNoise:addnoisecrm14> using noise model: "EmpiricalNoiseModel:empericalnoisemeganodes" 
[09:12:48.005] D [  main  ] configuring component: "Digitizer":"digitizer14"
[09:12:48.005] D [  gen   ] <Digitizer:digitizer14> tag="orig14", resolution=14 bits, maxvalue=16384 counts, gain=1, fullscale=[0,2000] mV, baselines=[900,900,200] mV round=0 
[09:12:48.005] D [  main  ] configuring component: "OmnibusSigProc":"crm14sigproc14"
[09:12:48.009] W [sigproc ] <OmnibusSigProc:crm14sigproc14> The 'wiener_threshold_tag' is obsolete, thresholds in summary on 'wiener' tagged traces 
[09:12:48.011] D [sigproc ] <OmnibusSigProc:crm14sigproc14> config: internal channel map for tags: gauss:"gauss14", wiener:"wiener14", frame:"sigproc"
	pind0 lind0 aid14 fid0 pid0 cid12096 -> cid12381, cind0 -> cind285, (n=286)
	pind1 lind1 aid14 fid0 pid1 cid12382 -> cid12667, cind0 -> cind285, (n=286)
	pind2 lind2 aid14 fid0 pid2 cid12668 -> cid12959, cind0 -> cind291, (n=292)
 
[09:12:48.011] D [  main  ] configuring component: "DepoSetFilter":"ds-filter-switch-15"
[09:12:48.011] D [  gen   ] <DepoSetFilter:ds-filter-switch-15> face=0 bounds=[(-3250 5072.32 1497.7) --> (3250 6750.68 2986.9)] 
[09:12:48.011] D [  main  ] configuring component: "FrameSync":"frame-sync-switch-15"
[09:12:48.011] D [  main  ] configuring component: "DeposOrBust":"dorb-switch-15"
[09:12:48.011] D [  main  ] configuring component: "DepoTransform":"ductor15"
[09:12:48.011] D [  gen   ] <DepoTransform:ductor15> tick=0.5 us, start=-117.83536680306176 us, readin=4368 us, drift_speed=1.60563 mm/us 
[09:12:48.011] D [  main  ] configuring component: "Reframer":"reframer15"
[09:12:48.011] D [  gen   ] <Reframer:reframer15> using anode: "AnodePlane:crm15" 
[09:12:48.012] D [  main  ] configuring component: "AddNoise":"addnoisecrm15"
[09:12:48.012] D [  gen   ] <IncoherentAddNoise:addnoisecrm15> using noise model: "EmpiricalNoiseModel:empericalnoisemeganodes" 
[09:12:48.012] D [  main  ] configuring component: "Digitizer":"digitizer15"
[09:12:48.012] D [  gen   ] <Digitizer:digitizer15> tag="orig15", resolution=14 bits, maxvalue=16384 counts, gain=1, fullscale=[0,2000] mV, baselines=[900,900,200] mV round=0 
[09:12:48.012] D [  main  ] configuring component: "OmnibusSigProc":"crm15sigproc15"
[09:12:48.015] W [sigproc ] <OmnibusSigProc:crm15sigproc15> The 'wiener_threshold_tag' is obsolete, thresholds in summary on 'wiener' tagged traces 
[09:12:48.017] D [sigproc ] <OmnibusSigProc:crm15sigproc15> config: internal channel map for tags: gauss:"gauss15", wiener:"wiener15", frame:"sigproc"
	pind0 lind0 aid15 fid0 pid0 cid12960 -> cid13245, cind0 -> cind285, (n=286)
	pind1 lind1 aid15 fid0 pid1 cid13246 -> cid13531, cind0 -> cind285, (n=286)
	pind2 lind2 aid15 fid0 pid2 cid13532 -> cid13823, cind0 -> cind291, (n=292)
 
[09:12:48.017] D [  main  ] configuring component: "DepoSetFilter":"ds-filter-switch-16"
[09:12:48.017] D [  gen   ] <DepoSetFilter:ds-filter-switch-16> face=0 bounds=[(-3250 -6750.68 3022.9) --> (3250 -5072.32 4512.1)] 
[09:12:48.017] D [  main  ] configuring component: "FrameSync":"frame-sync-switch-16"
[09:12:48.017] D [  main  ] configuring component: "DeposOrBust":"dorb-switch-16"
[09:12:48.017] D [  main  ] configuring component: "DepoTransform":"ductor16"
[09:12:48.018] D [  gen   ] <DepoTransform:ductor16> tick=0.5 us, start=-117.83536680306176 us, readin=4368 us, drift_speed=1.60563 mm/us 
[09:12:48.018] D [  main  ] configuring component: "Reframer":"reframer16"
[09:12:48.018] D [  gen   ] <Reframer:reframer16> using anode: "AnodePlane:crm16" 
[09:12:48.018] D [  main  ] configuring component: "AddNoise":"addnoisecrm16"
[09:12:48.018] D [  gen   ] <IncoherentAddNoise:addnoisecrm16> using noise model: "EmpiricalNoiseModel:empericalnoisemeganodes" 
[09:12:48.018] D [  main  ] configuring component: "Digitizer":"digitizer16"
[09:12:48.018] D [  gen   ] <Digitizer:digitizer16> tag="orig16", resolution=14 bits, maxvalue=16384 counts, gain=1, fullscale=[0,2000] mV, baselines=[900,900,200] mV round=0 
[09:12:48.018] D [  main  ] configuring component: "OmnibusSigProc":"crm16sigproc16"
[09:12:48.022] W [sigproc ] <OmnibusSigProc:crm16sigproc16> The 'wiener_threshold_tag' is obsolete, thresholds in summary on 'wiener' tagged traces 
[09:12:48.023] D [sigproc ] <OmnibusSigProc:crm16sigproc16> config: internal channel map for tags: gauss:"gauss16", wiener:"wiener16", frame:"sigproc"
	pind0 lind0 aid16 fid0 pid0 cid13824 -> cid14109, cind0 -> cind285, (n=286)
	pind1 lind1 aid16 fid0 pid1 cid14110 -> cid14395, cind0 -> cind285, (n=286)
	pind2 lind2 aid16 fid0 pid2 cid14396 -> cid14687, cind0 -> cind291, (n=292)
 
[09:12:48.024] D [  main  ] configuring component: "DepoSetFilter":"ds-filter-switch-17"
[09:12:48.024] D [  gen   ] <DepoSetFilter:ds-filter-switch-17> face=0 bounds=[(-3250 -5071.68 3022.9) --> (3250 -3393.32 4512.1)] 
[09:12:48.024] D [  main  ] configuring component: "FrameSync":"frame-sync-switch-17"
[09:12:48.024] D [  main  ] configuring component: "DeposOrBust":"dorb-switch-17"
[09:12:48.024] D [  main  ] configuring component: "DepoTransform":"ductor17"
[09:12:48.024] D [  gen   ] <DepoTransform:ductor17> tick=0.5 us, start=-117.83536680306176 us, readin=4368 us, drift_speed=1.60563 mm/us 
[09:12:48.024] D [  main  ] configuring component: "Reframer":"reframer17"
[09:12:48.024] D [  gen   ] <Reframer:reframer17> using anode: "AnodePlane:crm17" 
[09:12:48.024] D [  main  ] configuring component: "AddNoise":"addnoisecrm17"
[09:12:48.024] D [  gen   ] <IncoherentAddNoise:addnoisecrm17> using noise model: "EmpiricalNoiseModel:empericalnoisemeganodes" 
[09:12:48.024] D [  main  ] configuring component: "Digitizer":"digitizer17"
[09:12:48.025] D [  gen   ] <Digitizer:digitizer17> tag="orig17", resolution=14 bits, maxvalue=16384 counts, gain=1, fullscale=[0,2000] mV, baselines=[900,900,200] mV round=0 
[09:12:48.025] D [  main  ] configuring component: "OmnibusSigProc":"crm17sigproc17"
[09:12:48.028] W [sigproc ] <OmnibusSigProc:crm17sigproc17> The 'wiener_threshold_tag' is obsolete, thresholds in summary on 'wiener' tagged traces 
[09:12:48.030] D [sigproc ] <OmnibusSigProc:crm17sigproc17> config: internal channel map for tags: gauss:"gauss17", wiener:"wiener17", frame:"sigproc"
	pind0 lind0 aid17 fid0 pid0 cid14688 -> cid14973, cind0 -> cind285, (n=286)
	pind1 lind1 aid17 fid0 pid1 cid14974 -> cid15259, cind0 -> cind285, (n=286)
	pind2 lind2 aid17 fid0 pid2 cid15260 -> cid15551, cind0 -> cind291, (n=292)
 
[09:12:48.030] D [  main  ] configuring component: "DepoSetFilter":"ds-filter-switch-18"
[09:12:48.030] D [  gen   ] <DepoSetFilter:ds-filter-switch-18> face=0 bounds=[(-3250 -3375.68 3022.9) --> (3250 -1697.32 4512.1)] 
[09:12:48.030] D [  main  ] configuring component: "FrameSync":"frame-sync-switch-18"
[09:12:48.030] D [  main  ] configuring component: "DeposOrBust":"dorb-switch-18"
[09:12:48.030] D [  main  ] configuring component: "DepoTransform":"ductor18"
[09:12:48.031] D [  gen   ] <DepoTransform:ductor18> tick=0.5 us, start=-117.83536680306176 us, readin=4368 us, drift_speed=1.60563 mm/us 
[09:12:48.031] D [  main  ] configuring component: "Reframer":"reframer18"
[09:12:48.031] D [  gen   ] <Reframer:reframer18> using anode: "AnodePlane:crm18" 
[09:12:48.031] D [  main  ] configuring component: "AddNoise":"addnoisecrm18"
[09:12:48.031] D [  gen   ] <IncoherentAddNoise:addnoisecrm18> using noise model: "EmpiricalNoiseModel:empericalnoisemeganodes" 
[09:12:48.031] D [  main  ] configuring component: "Digitizer":"digitizer18"
[09:12:48.031] D [  gen   ] <Digitizer:digitizer18> tag="orig18", resolution=14 bits, maxvalue=16384 counts, gain=1, fullscale=[0,2000] mV, baselines=[900,900,200] mV round=0 
[09:12:48.031] D [  main  ] configuring component: "OmnibusSigProc":"crm18sigproc18"
[09:12:48.035] W [sigproc ] <OmnibusSigProc:crm18sigproc18> The 'wiener_threshold_tag' is obsolete, thresholds in summary on 'wiener' tagged traces 
[09:12:48.036] D [sigproc ] <OmnibusSigProc:crm18sigproc18> config: internal channel map for tags: gauss:"gauss18", wiener:"wiener18", frame:"sigproc"
	pind0 lind0 aid18 fid0 pid0 cid15552 -> cid15837, cind0 -> cind285, (n=286)
	pind1 lind1 aid18 fid0 pid1 cid15838 -> cid16123, cind0 -> cind285, (n=286)
	pind2 lind2 aid18 fid0 pid2 cid16124 -> cid16415, cind0 -> cind291, (n=292)
 
[09:12:48.037] D [  main  ] configuring component: "DepoSetFilter":"ds-filter-switch-19"
[09:12:48.037] D [  gen   ] <DepoSetFilter:ds-filter-switch-19> face=0 bounds=[(-3250 -1696.68 3022.9) --> (3250 -18.322 4512.1)] 
[09:12:48.037] D [  main  ] configuring component: "FrameSync":"frame-sync-switch-19"
[09:12:48.037] D [  main  ] configuring component: "DeposOrBust":"dorb-switch-19"
[09:12:48.037] D [  main  ] configuring component: "DepoTransform":"ductor19"
[09:12:48.037] D [  gen   ] <DepoTransform:ductor19> tick=0.5 us, start=-117.83536680306176 us, readin=4368 us, drift_speed=1.60563 mm/us 
[09:12:48.037] D [  main  ] configuring component: "Reframer":"reframer19"
[09:12:48.037] D [  gen   ] <Reframer:reframer19> using anode: "AnodePlane:crm19" 
[09:12:48.037] D [  main  ] configuring component: "AddNoise":"addnoisecrm19"
[09:12:48.037] D [  gen   ] <IncoherentAddNoise:addnoisecrm19> using noise model: "EmpiricalNoiseModel:empericalnoisemeganodes" 
[09:12:48.038] D [  main  ] configuring component: "Digitizer":"digitizer19"
[09:12:48.038] D [  gen   ] <Digitizer:digitizer19> tag="orig19", resolution=14 bits, maxvalue=16384 counts, gain=1, fullscale=[0,2000] mV, baselines=[900,900,200] mV round=0 
[09:12:48.038] D [  main  ] configuring component: "OmnibusSigProc":"crm19sigproc19"
[09:12:48.041] W [sigproc ] <OmnibusSigProc:crm19sigproc19> The 'wiener_threshold_tag' is obsolete, thresholds in summary on 'wiener' tagged traces 
[09:12:48.043] D [sigproc ] <OmnibusSigProc:crm19sigproc19> config: internal channel map for tags: gauss:"gauss19", wiener:"wiener19", frame:"sigproc"
	pind0 lind0 aid19 fid0 pid0 cid16416 -> cid16701, cind0 -> cind285, (n=286)
	pind1 lind1 aid19 fid0 pid1 cid16702 -> cid16987, cind0 -> cind285, (n=286)
	pind2 lind2 aid19 fid0 pid2 cid16988 -> cid17279, cind0 -> cind291, (n=292)
 
[09:12:48.043] D [  main  ] configuring component: "DepoSetFilter":"ds-filter-switch-20"
[09:12:48.043] D [  gen   ] <DepoSetFilter:ds-filter-switch-20> face=0 bounds=[(-3250 18.322 3022.9) --> (3250 1696.68 4512.1)] 
[09:12:48.043] D [  main  ] configuring component: "FrameSync":"frame-sync-switch-20"
[09:12:48.043] D [  main  ] configuring component: "DeposOrBust":"dorb-switch-20"
[09:12:48.043] D [  main  ] configuring component: "DepoTransform":"ductor20"
[09:12:48.044] D [  gen   ] <DepoTransform:ductor20> tick=0.5 us, start=-117.83536680306176 us, readin=4368 us, drift_speed=1.60563 mm/us 
[09:12:48.044] D [  main  ] configuring component: "Reframer":"reframer20"
[09:12:48.044] D [  gen   ] <Reframer:reframer20> using anode: "AnodePlane:crm20" 
[09:12:48.044] D [  main  ] configuring component: "AddNoise":"addnoisecrm20"
[09:12:48.044] D [  gen   ] <IncoherentAddNoise:addnoisecrm20> using noise model: "EmpiricalNoiseModel:empericalnoisemeganodes" 
[09:12:48.044] D [  main  ] configuring component: "Digitizer":"digitizer20"
[09:12:48.044] D [  gen   ] <Digitizer:digitizer20> tag="orig20", resolution=14 bits, maxvalue=16384 counts, gain=1, fullscale=[0,2000] mV, baselines=[900,900,200] mV round=0 
[09:12:48.044] D [  main  ] configuring component: "OmnibusSigProc":"crm20sigproc20"
[09:12:48.048] W [sigproc ] <OmnibusSigProc:crm20sigproc20> The 'wiener_threshold_tag' is obsolete, thresholds in summary on 'wiener' tagged traces 
[09:12:48.049] D [sigproc ] <OmnibusSigProc:crm20sigproc20> config: internal channel map for tags: gauss:"gauss20", wiener:"wiener20", frame:"sigproc"
	pind0 lind0 aid20 fid0 pid0 cid17280 -> cid17565, cind0 -> cind285, (n=286)
	pind1 lind1 aid20 fid0 pid1 cid17566 -> cid17851, cind0 -> cind285, (n=286)
	pind2 lind2 aid20 fid0 pid2 cid17852 -> cid18143, cind0 -> cind291, (n=292)
 
[09:12:48.050] D [  main  ] configuring component: "DepoSetFilter":"ds-filter-switch-21"
[09:12:48.050] D [  gen   ] <DepoSetFilter:ds-filter-switch-21> face=0 bounds=[(-3250 1697.32 3022.9) --> (3250 3375.68 4512.1)] 
[09:12:48.050] D [  main  ] configuring component: "FrameSync":"frame-sync-switch-21"
[09:12:48.050] D [  main  ] configuring component: "DeposOrBust":"dorb-switch-21"
[09:12:48.050] D [  main  ] configuring component: "DepoTransform":"ductor21"
[09:12:48.050] D [  gen   ] <DepoTransform:ductor21> tick=0.5 us, start=-117.83536680306176 us, readin=4368 us, drift_speed=1.60563 mm/us 
[09:12:48.050] D [  main  ] configuring component: "Reframer":"reframer21"
[09:12:48.050] D [  gen   ] <Reframer:reframer21> using anode: "AnodePlane:crm21" 
[09:12:48.050] D [  main  ] configuring component: "AddNoise":"addnoisecrm21"
[09:12:48.050] D [  gen   ] <IncoherentAddNoise:addnoisecrm21> using noise model: "EmpiricalNoiseModel:empericalnoisemeganodes" 
[09:12:48.050] D [  main  ] configuring component: "Digitizer":"digitizer21"
[09:12:48.050] D [  gen   ] <Digitizer:digitizer21> tag="orig21", resolution=14 bits, maxvalue=16384 counts, gain=1, fullscale=[0,2000] mV, baselines=[900,900,200] mV round=0 
[09:12:48.051] D [  main  ] configuring component: "OmnibusSigProc":"crm21sigproc21"
[09:12:48.054] W [sigproc ] <OmnibusSigProc:crm21sigproc21> The 'wiener_threshold_tag' is obsolete, thresholds in summary on 'wiener' tagged traces 
[09:12:48.056] D [sigproc ] <OmnibusSigProc:crm21sigproc21> config: internal channel map for tags: gauss:"gauss21", wiener:"wiener21", frame:"sigproc"
	pind0 lind0 aid21 fid0 pid0 cid18144 -> cid18429, cind0 -> cind285, (n=286)
	pind1 lind1 aid21 fid0 pid1 cid18430 -> cid18715, cind0 -> cind285, (n=286)
	pind2 lind2 aid21 fid0 pid2 cid18716 -> cid19007, cind0 -> cind291, (n=292)
 
[09:12:48.056] D [  main  ] configuring component: "DepoSetFilter":"ds-filter-switch-22"
[09:12:48.056] D [  gen   ] <DepoSetFilter:ds-filter-switch-22> face=0 bounds=[(-3250 3393.32 3022.9) --> (3250 5071.68 4512.1)] 
[09:12:48.056] D [  main  ] configuring component: "FrameSync":"frame-sync-switch-22"
[09:12:48.056] D [  main  ] configuring component: "DeposOrBust":"dorb-switch-22"
[09:12:48.056] D [  main  ] configuring component: "DepoTransform":"ductor22"
[09:12:48.056] D [  gen   ] <DepoTransform:ductor22> tick=0.5 us, start=-117.83536680306176 us, readin=4368 us, drift_speed=1.60563 mm/us 
[09:12:48.056] D [  main  ] configuring component: "Reframer":"reframer22"
[09:12:48.056] D [  gen   ] <Reframer:reframer22> using anode: "AnodePlane:crm22" 
[09:12:48.057] D [  main  ] configuring component: "AddNoise":"addnoisecrm22"
[09:12:48.057] D [  gen   ] <IncoherentAddNoise:addnoisecrm22> using noise model: "EmpiricalNoiseModel:empericalnoisemeganodes" 
[09:12:48.057] D [  main  ] configuring component: "Digitizer":"digitizer22"
[09:12:48.057] D [  gen   ] <Digitizer:digitizer22> tag="orig22", resolution=14 bits, maxvalue=16384 counts, gain=1, fullscale=[0,2000] mV, baselines=[900,900,200] mV round=0 
[09:12:48.057] D [  main  ] configuring component: "OmnibusSigProc":"crm22sigproc22"
[09:12:48.060] W [sigproc ] <OmnibusSigProc:crm22sigproc22> The 'wiener_threshold_tag' is obsolete, thresholds in summary on 'wiener' tagged traces 
[09:12:48.062] D [sigproc ] <OmnibusSigProc:crm22sigproc22> config: internal channel map for tags: gauss:"gauss22", wiener:"wiener22", frame:"sigproc"
	pind0 lind0 aid22 fid0 pid0 cid19008 -> cid19293, cind0 -> cind285, (n=286)
	pind1 lind1 aid22 fid0 pid1 cid19294 -> cid19579, cind0 -> cind285, (n=286)
	pind2 lind2 aid22 fid0 pid2 cid19580 -> cid19871, cind0 -> cind291, (n=292)
 
[09:12:48.062] D [  main  ] configuring component: "DepoSetFilter":"ds-filter-switch-23"
[09:12:48.062] D [  gen   ] <DepoSetFilter:ds-filter-switch-23> face=0 bounds=[(-3250 5072.32 3022.9) --> (3250 6750.68 4512.1)] 
[09:12:48.062] D [  main  ] configuring component: "FrameSync":"frame-sync-switch-23"
[09:12:48.062] D [  main  ] configuring component: "DeposOrBust":"dorb-switch-23"
[09:12:48.062] D [  main  ] configuring component: "DepoTransform":"ductor23"
[09:12:48.063] D [  gen   ] <DepoTransform:ductor23> tick=0.5 us, start=-117.83536680306176 us, readin=4368 us, drift_speed=1.60563 mm/us 
[09:12:48.063] D [  main  ] configuring component: "Reframer":"reframer23"
[09:12:48.063] D [  gen   ] <Reframer:reframer23> using anode: "AnodePlane:crm23" 
[09:12:48.063] D [  main  ] configuring component: "AddNoise":"addnoisecrm23"
[09:12:48.063] D [  gen   ] <IncoherentAddNoise:addnoisecrm23> using noise model: "EmpiricalNoiseModel:empericalnoisemeganodes" 
[09:12:48.063] D [  main  ] configuring component: "Digitizer":"digitizer23"
[09:12:48.063] D [  gen   ] <Digitizer:digitizer23> tag="orig23", resolution=14 bits, maxvalue=16384 counts, gain=1, fullscale=[0,2000] mV, baselines=[900,900,200] mV round=0 
[09:12:48.063] D [  main  ] configuring component: "OmnibusSigProc":"crm23sigproc23"
[09:12:48.067] W [sigproc ] <OmnibusSigProc:crm23sigproc23> The 'wiener_threshold_tag' is obsolete, thresholds in summary on 'wiener' tagged traces 
[09:12:48.068] D [sigproc ] <OmnibusSigProc:crm23sigproc23> config: internal channel map for tags: gauss:"gauss23", wiener:"wiener23", frame:"sigproc"
	pind0 lind0 aid23 fid0 pid0 cid19872 -> cid20157, cind0 -> cind285, (n=286)
	pind1 lind1 aid23 fid0 pid1 cid20158 -> cid20443, cind0 -> cind285, (n=286)
	pind2 lind2 aid23 fid0 pid2 cid20444 -> cid20735, cind0 -> cind291, (n=292)
 
[09:12:48.069] D [  main  ] configuring component: "DepoSetFilter":"ds-filter-switch-24"
[09:12:48.069] D [  gen   ] <DepoSetFilter:ds-filter-switch-24> face=0 bounds=[(-3250 -6750.68 4512.1) --> (3250 -5072.32 6001.3)] 
[09:12:48.069] D [  main  ] configuring component: "FrameSync":"frame-sync-switch-24"
[09:12:48.069] D [  main  ] configuring component: "DeposOrBust":"dorb-switch-24"
[09:12:48.069] D [  main  ] configuring component: "DepoTransform":"ductor24"
[09:12:48.069] D [  gen   ] <DepoTransform:ductor24> tick=0.5 us, start=-117.83536680306176 us, readin=4368 us, drift_speed=1.60563 mm/us 
[09:12:48.069] D [  main  ] configuring component: "Reframer":"reframer24"
[09:12:48.069] D [  gen   ] <Reframer:reframer24> using anode: "AnodePlane:crm24" 
[09:12:48.069] D [  main  ] configuring component: "AddNoise":"addnoisecrm24"
[09:12:48.069] D [  gen   ] <IncoherentAddNoise:addnoisecrm24> using noise model: "EmpiricalNoiseModel:empericalnoisemeganodes" 
[09:12:48.069] D [  main  ] configuring component: "Digitizer":"digitizer24"
[09:12:48.070] D [  gen   ] <Digitizer:digitizer24> tag="orig24", resolution=14 bits, maxvalue=16384 counts, gain=1, fullscale=[0,2000] mV, baselines=[900,900,200] mV round=0 
[09:12:48.070] D [  main  ] configuring component: "OmnibusSigProc":"crm24sigproc24"
[09:12:48.073] W [sigproc ] <OmnibusSigProc:crm24sigproc24> The 'wiener_threshold_tag' is obsolete, thresholds in summary on 'wiener' tagged traces 
[09:12:48.075] D [sigproc ] <OmnibusSigProc:crm24sigproc24> config: internal channel map for tags: gauss:"gauss24", wiener:"wiener24", frame:"sigproc"
	pind0 lind0 aid24 fid0 pid0 cid20736 -> cid21021, cind0 -> cind285, (n=286)
	pind1 lind1 aid24 fid0 pid1 cid21022 -> cid21307, cind0 -> cind285, (n=286)
	pind2 lind2 aid24 fid0 pid2 cid21308 -> cid21599, cind0 -> cind291, (n=292)
 
[09:12:48.075] D [  main  ] configuring component: "DepoSetFilter":"ds-filter-switch-25"
[09:12:48.075] D [  gen   ] <DepoSetFilter:ds-filter-switch-25> face=0 bounds=[(-3250 -5071.68 4512.1) --> (3250 -3393.32 6001.3)] 
[09:12:48.075] D [  main  ] configuring component: "FrameSync":"frame-sync-switch-25"
[09:12:48.075] D [  main  ] configuring component: "DeposOrBust":"dorb-switch-25"
[09:12:48.076] D [  main  ] configuring component: "DepoTransform":"ductor25"
[09:12:48.076] D [  gen   ] <DepoTransform:ductor25> tick=0.5 us, start=-117.83536680306176 us, readin=4368 us, drift_speed=1.60563 mm/us 
[09:12:48.076] D [  main  ] configuring component: "Reframer":"reframer25"
[09:12:48.076] D [  gen   ] <Reframer:reframer25> using anode: "AnodePlane:crm25" 
[09:12:48.076] D [  main  ] configuring component: "AddNoise":"addnoisecrm25"
[09:12:48.076] D [  gen   ] <IncoherentAddNoise:addnoisecrm25> using noise model: "EmpiricalNoiseModel:empericalnoisemeganodes" 
[09:12:48.076] D [  main  ] configuring component: "Digitizer":"digitizer25"
[09:12:48.076] D [  gen   ] <Digitizer:digitizer25> tag="orig25", resolution=14 bits, maxvalue=16384 counts, gain=1, fullscale=[0,2000] mV, baselines=[900,900,200] mV round=0 
[09:12:48.076] D [  main  ] configuring component: "OmnibusSigProc":"crm25sigproc25"
[09:12:48.080] W [sigproc ] <OmnibusSigProc:crm25sigproc25> The 'wiener_threshold_tag' is obsolete, thresholds in summary on 'wiener' tagged traces 
[09:12:48.081] D [sigproc ] <OmnibusSigProc:crm25sigproc25> config: internal channel map for tags: gauss:"gauss25", wiener:"wiener25", frame:"sigproc"
	pind0 lind0 aid25 fid0 pid0 cid21600 -> cid21885, cind0 -> cind285, (n=286)
	pind1 lind1 aid25 fid0 pid1 cid21886 -> cid22171, cind0 -> cind285, (n=286)
	pind2 lind2 aid25 fid0 pid2 cid22172 -> cid22463, cind0 -> cind291, (n=292)
 
[09:12:48.082] D [  main  ] configuring component: "DepoSetFilter":"ds-filter-switch-26"
[09:12:48.082] D [  gen   ] <DepoSetFilter:ds-filter-switch-26> face=0 bounds=[(-3250 -3375.68 4512.1) --> (3250 -1697.32 6001.3)] 
[09:12:48.082] D [  main  ] configuring component: "FrameSync":"frame-sync-switch-26"
[09:12:48.082] D [  main  ] configuring component: "DeposOrBust":"dorb-switch-26"
[09:12:48.082] D [  main  ] configuring component: "DepoTransform":"ductor26"
[09:12:48.082] D [  gen   ] <DepoTransform:ductor26> tick=0.5 us, start=-117.83536680306176 us, readin=4368 us, drift_speed=1.60563 mm/us 
[09:12:48.082] D [  main  ] configuring component: "Reframer":"reframer26"
[09:12:48.082] D [  gen   ] <Reframer:reframer26> using anode: "AnodePlane:crm26" 
[09:12:48.082] D [  main  ] configuring component: "AddNoise":"addnoisecrm26"
[09:12:48.082] D [  gen   ] <IncoherentAddNoise:addnoisecrm26> using noise model: "EmpiricalNoiseModel:empericalnoisemeganodes" 
[09:12:48.083] D [  main  ] configuring component: "Digitizer":"digitizer26"
[09:12:48.083] D [  gen   ] <Digitizer:digitizer26> tag="orig26", resolution=14 bits, maxvalue=16384 counts, gain=1, fullscale=[0,2000] mV, baselines=[900,900,200] mV round=0 
[09:12:48.083] D [  main  ] configuring component: "OmnibusSigProc":"crm26sigproc26"
[09:12:48.086] W [sigproc ] <OmnibusSigProc:crm26sigproc26> The 'wiener_threshold_tag' is obsolete, thresholds in summary on 'wiener' tagged traces 
[09:12:48.088] D [sigproc ] <OmnibusSigProc:crm26sigproc26> config: internal channel map for tags: gauss:"gauss26", wiener:"wiener26", frame:"sigproc"
	pind0 lind0 aid26 fid0 pid0 cid22464 -> cid22749, cind0 -> cind285, (n=286)
	pind1 lind1 aid26 fid0 pid1 cid22750 -> cid23035, cind0 -> cind285, (n=286)
	pind2 lind2 aid26 fid0 pid2 cid23036 -> cid23327, cind0 -> cind291, (n=292)
 
[09:12:48.088] D [  main  ] configuring component: "DepoSetFilter":"ds-filter-switch-27"
[09:12:48.088] D [  gen   ] <DepoSetFilter:ds-filter-switch-27> face=0 bounds=[(-3250 -1696.68 4512.1) --> (3250 -18.322 6001.3)] 
[09:12:48.088] D [  main  ] configuring component: "FrameSync":"frame-sync-switch-27"
[09:12:48.088] D [  main  ] configuring component: "DeposOrBust":"dorb-switch-27"
[09:12:48.088] D [  main  ] configuring component: "DepoTransform":"ductor27"
[09:12:48.089] D [  gen   ] <DepoTransform:ductor27> tick=0.5 us, start=-117.83536680306176 us, readin=4368 us, drift_speed=1.60563 mm/us 
[09:12:48.089] D [  main  ] configuring component: "Reframer":"reframer27"
[09:12:48.089] D [  gen   ] <Reframer:reframer27> using anode: "AnodePlane:crm27" 
[09:12:48.089] D [  main  ] configuring component: "AddNoise":"addnoisecrm27"
[09:12:48.089] D [  gen   ] <IncoherentAddNoise:addnoisecrm27> using noise model: "EmpiricalNoiseModel:empericalnoisemeganodes" 
[09:12:48.089] D [  main  ] configuring component: "Digitizer":"digitizer27"
[09:12:48.089] D [  gen   ] <Digitizer:digitizer27> tag="orig27", resolution=14 bits, maxvalue=16384 counts, gain=1, fullscale=[0,2000] mV, baselines=[900,900,200] mV round=0 
[09:12:48.089] D [  main  ] configuring component: "OmnibusSigProc":"crm27sigproc27"
[09:12:48.093] W [sigproc ] <OmnibusSigProc:crm27sigproc27> The 'wiener_threshold_tag' is obsolete, thresholds in summary on 'wiener' tagged traces 
[09:12:48.094] D [sigproc ] <OmnibusSigProc:crm27sigproc27> config: internal channel map for tags: gauss:"gauss27", wiener:"wiener27", frame:"sigproc"
	pind0 lind0 aid27 fid0 pid0 cid23328 -> cid23613, cind0 -> cind285, (n=286)
	pind1 lind1 aid27 fid0 pid1 cid23614 -> cid23899, cind0 -> cind285, (n=286)
	pind2 lind2 aid27 fid0 pid2 cid23900 -> cid24191, cind0 -> cind291, (n=292)
 
[09:12:48.095] D [  main  ] configuring component: "DepoSetFilter":"ds-filter-switch-28"
[09:12:48.095] D [  gen   ] <DepoSetFilter:ds-filter-switch-28> face=0 bounds=[(-3250 18.322 4512.1) --> (3250 1696.68 6001.3)] 
[09:12:48.095] D [  main  ] configuring component: "FrameSync":"frame-sync-switch-28"
[09:12:48.095] D [  main  ] configuring component: "DeposOrBust":"dorb-switch-28"
[09:12:48.095] D [  main  ] configuring component: "DepoTransform":"ductor28"
[09:12:48.095] D [  gen   ] <DepoTransform:ductor28> tick=0.5 us, start=-117.83536680306176 us, readin=4368 us, drift_speed=1.60563 mm/us 
[09:12:48.095] D [  main  ] configuring component: "Reframer":"reframer28"
[09:12:48.095] D [  gen   ] <Reframer:reframer28> using anode: "AnodePlane:crm28" 
[09:12:48.095] D [  main  ] configuring component: "AddNoise":"addnoisecrm28"
[09:12:48.095] D [  gen   ] <IncoherentAddNoise:addnoisecrm28> using noise model: "EmpiricalNoiseModel:empericalnoisemeganodes" 
[09:12:48.095] D [  main  ] configuring component: "Digitizer":"digitizer28"
[09:12:48.095] D [  gen   ] <Digitizer:digitizer28> tag="orig28", resolution=14 bits, maxvalue=16384 counts, gain=1, fullscale=[0,2000] mV, baselines=[900,900,200] mV round=0 
[09:12:48.096] D [  main  ] configuring component: "OmnibusSigProc":"crm28sigproc28"
[09:12:48.099] W [sigproc ] <OmnibusSigProc:crm28sigproc28> The 'wiener_threshold_tag' is obsolete, thresholds in summary on 'wiener' tagged traces 
[09:12:48.101] D [sigproc ] <OmnibusSigProc:crm28sigproc28> config: internal channel map for tags: gauss:"gauss28", wiener:"wiener28", frame:"sigproc"
	pind0 lind0 aid28 fid0 pid0 cid24192 -> cid24477, cind0 -> cind285, (n=286)
	pind1 lind1 aid28 fid0 pid1 cid24478 -> cid24763, cind0 -> cind285, (n=286)
	pind2 lind2 aid28 fid0 pid2 cid24764 -> cid25055, cind0 -> cind291, (n=292)
 
[09:12:48.101] D [  main  ] configuring component: "DepoSetFilter":"ds-filter-switch-29"
[09:12:48.101] D [  gen   ] <DepoSetFilter:ds-filter-switch-29> face=0 bounds=[(-3250 1697.32 4512.1) --> (3250 3375.68 6001.3)] 
[09:12:48.101] D [  main  ] configuring component: "FrameSync":"frame-sync-switch-29"
[09:12:48.101] D [  main  ] configuring component: "DeposOrBust":"dorb-switch-29"
[09:12:48.101] D [  main  ] configuring component: "DepoTransform":"ductor29"
[09:12:48.101] D [  gen   ] <DepoTransform:ductor29> tick=0.5 us, start=-117.83536680306176 us, readin=4368 us, drift_speed=1.60563 mm/us 
[09:12:48.101] D [  main  ] configuring component: "Reframer":"reframer29"
[09:12:48.101] D [  gen   ] <Reframer:reframer29> using anode: "AnodePlane:crm29" 
[09:12:48.101] D [  main  ] configuring component: "AddNoise":"addnoisecrm29"
[09:12:48.102] D [  gen   ] <IncoherentAddNoise:addnoisecrm29> using noise model: "EmpiricalNoiseModel:empericalnoisemeganodes" 
[09:12:48.102] D [  main  ] configuring component: "Digitizer":"digitizer29"
[09:12:48.102] D [  gen   ] <Digitizer:digitizer29> tag="orig29", resolution=14 bits, maxvalue=16384 counts, gain=1, fullscale=[0,2000] mV, baselines=[900,900,200] mV round=0 
[09:12:48.102] D [  main  ] configuring component: "OmnibusSigProc":"crm29sigproc29"
[09:12:48.105] W [sigproc ] <OmnibusSigProc:crm29sigproc29> The 'wiener_threshold_tag' is obsolete, thresholds in summary on 'wiener' tagged traces 
[09:12:48.107] D [sigproc ] <OmnibusSigProc:crm29sigproc29> config: internal channel map for tags: gauss:"gauss29", wiener:"wiener29", frame:"sigproc"
	pind0 lind0 aid29 fid0 pid0 cid25056 -> cid25341, cind0 -> cind285, (n=286)
	pind1 lind1 aid29 fid0 pid1 cid25342 -> cid25627, cind0 -> cind285, (n=286)
	pind2 lind2 aid29 fid0 pid2 cid25628 -> cid25919, cind0 -> cind291, (n=292)
 
[09:12:48.107] D [  main  ] configuring component: "DepoSetFilter":"ds-filter-switch-30"
[09:12:48.107] D [  gen   ] <DepoSetFilter:ds-filter-switch-30> face=0 bounds=[(-3250 3393.32 4512.1) --> (3250 5071.68 6001.3)] 
[09:12:48.107] D [  main  ] configuring component: "FrameSync":"frame-sync-switch-30"
[09:12:48.107] D [  main  ] configuring component: "DeposOrBust":"dorb-switch-30"
[09:12:48.107] D [  main  ] configuring component: "DepoTransform":"ductor30"
[09:12:48.108] D [  gen   ] <DepoTransform:ductor30> tick=0.5 us, start=-117.83536680306176 us, readin=4368 us, drift_speed=1.60563 mm/us 
[09:12:48.108] D [  main  ] configuring component: "Reframer":"reframer30"
[09:12:48.108] D [  gen   ] <Reframer:reframer30> using anode: "AnodePlane:crm30" 
[09:12:48.108] D [  main  ] configuring component: "AddNoise":"addnoisecrm30"
[09:12:48.108] D [  gen   ] <IncoherentAddNoise:addnoisecrm30> using noise model: "EmpiricalNoiseModel:empericalnoisemeganodes" 
[09:12:48.108] D [  main  ] configuring component: "Digitizer":"digitizer30"
[09:12:48.108] D [  gen   ] <Digitizer:digitizer30> tag="orig30", resolution=14 bits, maxvalue=16384 counts, gain=1, fullscale=[0,2000] mV, baselines=[900,900,200] mV round=0 
[09:12:48.108] D [  main  ] configuring component: "OmnibusSigProc":"crm30sigproc30"
[09:12:48.112] W [sigproc ] <OmnibusSigProc:crm30sigproc30> The 'wiener_threshold_tag' is obsolete, thresholds in summary on 'wiener' tagged traces 
[09:12:48.113] D [sigproc ] <OmnibusSigProc:crm30sigproc30> config: internal channel map for tags: gauss:"gauss30", wiener:"wiener30", frame:"sigproc"
	pind0 lind0 aid30 fid0 pid0 cid25920 -> cid26205, cind0 -> cind285, (n=286)
	pind1 lind1 aid30 fid0 pid1 cid26206 -> cid26491, cind0 -> cind285, (n=286)
	pind2 lind2 aid30 fid0 pid2 cid26492 -> cid26783, cind0 -> cind291, (n=292)
 
[09:12:48.114] D [  main  ] configuring component: "DepoSetFilter":"ds-filter-switch-31"
[09:12:48.114] D [  gen   ] <DepoSetFilter:ds-filter-switch-31> face=0 bounds=[(-3250 5072.32 4512.1) --> (3250 6750.68 6001.3)] 
[09:12:48.114] D [  main  ] configuring component: "FrameSync":"frame-sync-switch-31"
[09:12:48.114] D [  main  ] configuring component: "DeposOrBust":"dorb-switch-31"
[09:12:48.114] D [  main  ] configuring component: "DepoTransform":"ductor31"
[09:12:48.114] D [  gen   ] <DepoTransform:ductor31> tick=0.5 us, start=-117.83536680306176 us, readin=4368 us, drift_speed=1.60563 mm/us 
[09:12:48.114] D [  main  ] configuring component: "Reframer":"reframer31"
[09:12:48.114] D [  gen   ] <Reframer:reframer31> using anode: "AnodePlane:crm31" 
[09:12:48.114] D [  main  ] configuring component: "AddNoise":"addnoisecrm31"
[09:12:48.114] D [  gen   ] <IncoherentAddNoise:addnoisecrm31> using noise model: "EmpiricalNoiseModel:empericalnoisemeganodes" 
[09:12:48.114] D [  main  ] configuring component: "Digitizer":"digitizer31"
[09:12:48.114] D [  gen   ] <Digitizer:digitizer31> tag="orig31", resolution=14 bits, maxvalue=16384 counts, gain=1, fullscale=[0,2000] mV, baselines=[900,900,200] mV round=0 
[09:12:48.115] D [  main  ] configuring component: "OmnibusSigProc":"crm31sigproc31"
[09:12:48.118] W [sigproc ] <OmnibusSigProc:crm31sigproc31> The 'wiener_threshold_tag' is obsolete, thresholds in summary on 'wiener' tagged traces 
[09:12:48.120] D [sigproc ] <OmnibusSigProc:crm31sigproc31> config: internal channel map for tags: gauss:"gauss31", wiener:"wiener31", frame:"sigproc"
	pind0 lind0 aid31 fid0 pid0 cid26784 -> cid27069, cind0 -> cind285, (n=286)
	pind1 lind1 aid31 fid0 pid1 cid27070 -> cid27355, cind0 -> cind285, (n=286)
	pind2 lind2 aid31 fid0 pid2 cid27356 -> cid27647, cind0 -> cind291, (n=292)
 
[09:12:48.120] D [  main  ] configuring component: "DepoSetFilter":"ds-filter-switch-32"
[09:12:48.120] D [  gen   ] <DepoSetFilter:ds-filter-switch-32> face=0 bounds=[(-3250 -6750.68 6018.3) --> (3250 -5072.32 7507.5)] 
[09:12:48.120] D [  main  ] configuring component: "FrameSync":"frame-sync-switch-32"
[09:12:48.120] D [  main  ] configuring component: "DeposOrBust":"dorb-switch-32"
[09:12:48.120] D [  main  ] configuring component: "DepoTransform":"ductor32"
[09:12:48.120] D [  gen   ] <DepoTransform:ductor32> tick=0.5 us, start=-117.83536680306176 us, readin=4368 us, drift_speed=1.60563 mm/us 
[09:12:48.120] D [  main  ] configuring component: "Reframer":"reframer32"
[09:12:48.120] D [  gen   ] <Reframer:reframer32> using anode: "AnodePlane:crm32" 
[09:12:48.120] D [  main  ] configuring component: "AddNoise":"addnoisecrm32"
[09:12:48.120] D [  gen   ] <IncoherentAddNoise:addnoisecrm32> using noise model: "EmpiricalNoiseModel:empericalnoisemeganodes" 
[09:12:48.120] D [  main  ] configuring component: "Digitizer":"digitizer32"
[09:12:48.121] D [  gen   ] <Digitizer:digitizer32> tag="orig32", resolution=14 bits, maxvalue=16384 counts, gain=1, fullscale=[0,2000] mV, baselines=[900,900,200] mV round=0 
[09:12:48.121] D [  main  ] configuring component: "OmnibusSigProc":"crm32sigproc32"
[09:12:48.124] W [sigproc ] <OmnibusSigProc:crm32sigproc32> The 'wiener_threshold_tag' is obsolete, thresholds in summary on 'wiener' tagged traces 
[09:12:48.126] D [sigproc ] <OmnibusSigProc:crm32sigproc32> config: internal channel map for tags: gauss:"gauss32", wiener:"wiener32", frame:"sigproc"
	pind0 lind0 aid32 fid0 pid0 cid27648 -> cid27933, cind0 -> cind285, (n=286)
	pind1 lind1 aid32 fid0 pid1 cid27934 -> cid28219, cind0 -> cind285, (n=286)
	pind2 lind2 aid32 fid0 pid2 cid28220 -> cid28511, cind0 -> cind291, (n=292)
 
[09:12:48.126] D [  main  ] configuring component: "DepoSetFilter":"ds-filter-switch-33"
[09:12:48.126] D [  gen   ] <DepoSetFilter:ds-filter-switch-33> face=0 bounds=[(-3250 -5071.68 6018.3) --> (3250 -3393.32 7507.5)] 
[09:12:48.126] D [  main  ] configuring component: "FrameSync":"frame-sync-switch-33"
[09:12:48.126] D [  main  ] configuring component: "DeposOrBust":"dorb-switch-33"
[09:12:48.126] D [  main  ] configuring component: "DepoTransform":"ductor33"
[09:12:48.126] D [  gen   ] <DepoTransform:ductor33> tick=0.5 us, start=-117.83536680306176 us, readin=4368 us, drift_speed=1.60563 mm/us 
[09:12:48.126] D [  main  ] configuring component: "Reframer":"reframer33"
[09:12:48.126] D [  gen   ] <Reframer:reframer33> using anode: "AnodePlane:crm33" 
[09:12:48.126] D [  main  ] configuring component: "AddNoise":"addnoisecrm33"
[09:12:48.126] D [  gen   ] <IncoherentAddNoise:addnoisecrm33> using noise model: "EmpiricalNoiseModel:empericalnoisemeganodes" 
[09:12:48.127] D [  main  ] configuring component: "Digitizer":"digitizer33"
[09:12:48.127] D [  gen   ] <Digitizer:digitizer33> tag="orig33", resolution=14 bits, maxvalue=16384 counts, gain=1, fullscale=[0,2000] mV, baselines=[900,900,200] mV round=0 
[09:12:48.127] D [  main  ] configuring component: "OmnibusSigProc":"crm33sigproc33"
[09:12:48.130] W [sigproc ] <OmnibusSigProc:crm33sigproc33> The 'wiener_threshold_tag' is obsolete, thresholds in summary on 'wiener' tagged traces 
[09:12:48.132] D [sigproc ] <OmnibusSigProc:crm33sigproc33> config: internal channel map for tags: gauss:"gauss33", wiener:"wiener33", frame:"sigproc"
	pind0 lind0 aid33 fid0 pid0 cid28512 -> cid28797, cind0 -> cind285, (n=286)
	pind1 lind1 aid33 fid0 pid1 cid28798 -> cid29083, cind0 -> cind285, (n=286)
	pind2 lind2 aid33 fid0 pid2 cid29084 -> cid29375, cind0 -> cind291, (n=292)
 
[09:12:48.132] D [  main  ] configuring component: "DepoSetFilter":"ds-filter-switch-34"
[09:12:48.132] D [  gen   ] <DepoSetFilter:ds-filter-switch-34> face=0 bounds=[(-3250 -3375.68 6018.3) --> (3250 -1697.32 7507.5)] 
[09:12:48.132] D [  main  ] configuring component: "FrameSync":"frame-sync-switch-34"
[09:12:48.132] D [  main  ] configuring component: "DeposOrBust":"dorb-switch-34"
[09:12:48.132] D [  main  ] configuring component: "DepoTransform":"ductor34"
[09:12:48.132] D [  gen   ] <DepoTransform:ductor34> tick=0.5 us, start=-117.83536680306176 us, readin=4368 us, drift_speed=1.60563 mm/us 
[09:12:48.132] D [  main  ] configuring component: "Reframer":"reframer34"
[09:12:48.133] D [  gen   ] <Reframer:reframer34> using anode: "AnodePlane:crm34" 
[09:12:48.133] D [  main  ] configuring component: "AddNoise":"addnoisecrm34"
[09:12:48.133] D [  gen   ] <IncoherentAddNoise:addnoisecrm34> using noise model: "EmpiricalNoiseModel:empericalnoisemeganodes" 
[09:12:48.133] D [  main  ] configuring component: "Digitizer":"digitizer34"
[09:12:48.133] D [  gen   ] <Digitizer:digitizer34> tag="orig34", resolution=14 bits, maxvalue=16384 counts, gain=1, fullscale=[0,2000] mV, baselines=[900,900,200] mV round=0 
[09:12:48.133] D [  main  ] configuring component: "OmnibusSigProc":"crm34sigproc34"
[09:12:48.136] W [sigproc ] <OmnibusSigProc:crm34sigproc34> The 'wiener_threshold_tag' is obsolete, thresholds in summary on 'wiener' tagged traces 
[09:12:48.138] D [sigproc ] <OmnibusSigProc:crm34sigproc34> config: internal channel map for tags: gauss:"gauss34", wiener:"wiener34", frame:"sigproc"
	pind0 lind0 aid34 fid0 pid0 cid29376 -> cid29661, cind0 -> cind285, (n=286)
	pind1 lind1 aid34 fid0 pid1 cid29662 -> cid29947, cind0 -> cind285, (n=286)
	pind2 lind2 aid34 fid0 pid2 cid29948 -> cid30239, cind0 -> cind291, (n=292)
 
[09:12:48.138] D [  main  ] configuring component: "DepoSetFilter":"ds-filter-switch-35"
[09:12:48.138] D [  gen   ] <DepoSetFilter:ds-filter-switch-35> face=0 bounds=[(-3250 -1696.68 6018.3) --> (3250 -18.322 7507.5)] 
[09:12:48.138] D [  main  ] configuring component: "FrameSync":"frame-sync-switch-35"
[09:12:48.138] D [  main  ] configuring component: "DeposOrBust":"dorb-switch-35"
[09:12:48.138] D [  main  ] configuring component: "DepoTransform":"ductor35"
[09:12:48.139] D [  gen   ] <DepoTransform:ductor35> tick=0.5 us, start=-117.83536680306176 us, readin=4368 us, drift_speed=1.60563 mm/us 
[09:12:48.139] D [  main  ] configuring component: "Reframer":"reframer35"
[09:12:48.139] D [  gen   ] <Reframer:reframer35> using anode: "AnodePlane:crm35" 
[09:12:48.139] D [  main  ] configuring component: "AddNoise":"addnoisecrm35"
[09:12:48.139] D [  gen   ] <IncoherentAddNoise:addnoisecrm35> using noise model: "EmpiricalNoiseModel:empericalnoisemeganodes" 
[09:12:48.139] D [  main  ] configuring component: "Digitizer":"digitizer35"
[09:12:48.139] D [  gen   ] <Digitizer:digitizer35> tag="orig35", resolution=14 bits, maxvalue=16384 counts, gain=1, fullscale=[0,2000] mV, baselines=[900,900,200] mV round=0 
[09:12:48.139] D [  main  ] configuring component: "OmnibusSigProc":"crm35sigproc35"
[09:12:48.143] W [sigproc ] <OmnibusSigProc:crm35sigproc35> The 'wiener_threshold_tag' is obsolete, thresholds in summary on 'wiener' tagged traces 
[09:12:48.144] D [sigproc ] <OmnibusSigProc:crm35sigproc35> config: internal channel map for tags: gauss:"gauss35", wiener:"wiener35", frame:"sigproc"
	pind0 lind0 aid35 fid0 pid0 cid30240 -> cid30525, cind0 -> cind285, (n=286)
	pind1 lind1 aid35 fid0 pid1 cid30526 -> cid30811, cind0 -> cind285, (n=286)
	pind2 lind2 aid35 fid0 pid2 cid30812 -> cid31103, cind0 -> cind291, (n=292)
 
[09:12:48.144] D [  main  ] configuring component: "DepoSetFilter":"ds-filter-switch-36"
[09:12:48.145] D [  gen   ] <DepoSetFilter:ds-filter-switch-36> face=0 bounds=[(-3250 18.322 6018.3) --> (3250 1696.68 7507.5)] 
[09:12:48.145] D [  main  ] configuring component: "FrameSync":"frame-sync-switch-36"
[09:12:48.145] D [  main  ] configuring component: "DeposOrBust":"dorb-switch-36"
[09:12:48.145] D [  main  ] configuring component: "DepoTransform":"ductor36"
[09:12:48.145] D [  gen   ] <DepoTransform:ductor36> tick=0.5 us, start=-117.83536680306176 us, readin=4368 us, drift_speed=1.60563 mm/us 
[09:12:48.145] D [  main  ] configuring component: "Reframer":"reframer36"
[09:12:48.145] D [  gen   ] <Reframer:reframer36> using anode: "AnodePlane:crm36" 
[09:12:48.145] D [  main  ] configuring component: "AddNoise":"addnoisecrm36"
[09:12:48.145] D [  gen   ] <IncoherentAddNoise:addnoisecrm36> using noise model: "EmpiricalNoiseModel:empericalnoisemeganodes" 
[09:12:48.145] D [  main  ] configuring component: "Digitizer":"digitizer36"
[09:12:48.145] D [  gen   ] <Digitizer:digitizer36> tag="orig36", resolution=14 bits, maxvalue=16384 counts, gain=1, fullscale=[0,2000] mV, baselines=[900,900,200] mV round=0 
[09:12:48.145] D [  main  ] configuring component: "OmnibusSigProc":"crm36sigproc36"
[09:12:48.149] W [sigproc ] <OmnibusSigProc:crm36sigproc36> The 'wiener_threshold_tag' is obsolete, thresholds in summary on 'wiener' tagged traces 
[09:12:48.150] D [sigproc ] <OmnibusSigProc:crm36sigproc36> config: internal channel map for tags: gauss:"gauss36", wiener:"wiener36", frame:"sigproc"
	pind0 lind0 aid36 fid0 pid0 cid31104 -> cid31389, cind0 -> cind285, (n=286)
	pind1 lind1 aid36 fid0 pid1 cid31390 -> cid31675, cind0 -> cind285, (n=286)
	pind2 lind2 aid36 fid0 pid2 cid31676 -> cid31967, cind0 -> cind291, (n=292)
 
[09:12:48.151] D [  main  ] configuring component: "DepoSetFilter":"ds-filter-switch-37"
[09:12:48.151] D [  gen   ] <DepoSetFilter:ds-filter-switch-37> face=0 bounds=[(-3250 1697.32 6018.3) --> (3250 3375.68 7507.5)] 
[09:12:48.151] D [  main  ] configuring component: "FrameSync":"frame-sync-switch-37"
[09:12:48.151] D [  main  ] configuring component: "DeposOrBust":"dorb-switch-37"
[09:12:48.151] D [  main  ] configuring component: "DepoTransform":"ductor37"
[09:12:48.151] D [  gen   ] <DepoTransform:ductor37> tick=0.5 us, start=-117.83536680306176 us, readin=4368 us, drift_speed=1.60563 mm/us 
[09:12:48.151] D [  main  ] configuring component: "Reframer":"reframer37"
[09:12:48.151] D [  gen   ] <Reframer:reframer37> using anode: "AnodePlane:crm37" 
[09:12:48.151] D [  main  ] configuring component: "AddNoise":"addnoisecrm37"
[09:12:48.151] D [  gen   ] <IncoherentAddNoise:addnoisecrm37> using noise model: "EmpiricalNoiseModel:empericalnoisemeganodes" 
[09:12:48.151] D [  main  ] configuring component: "Digitizer":"digitizer37"
[09:12:48.151] D [  gen   ] <Digitizer:digitizer37> tag="orig37", resolution=14 bits, maxvalue=16384 counts, gain=1, fullscale=[0,2000] mV, baselines=[900,900,200] mV round=0 
[09:12:48.152] D [  main  ] configuring component: "OmnibusSigProc":"crm37sigproc37"
[09:12:48.155] W [sigproc ] <OmnibusSigProc:crm37sigproc37> The 'wiener_threshold_tag' is obsolete, thresholds in summary on 'wiener' tagged traces 
[09:12:48.157] D [sigproc ] <OmnibusSigProc:crm37sigproc37> config: internal channel map for tags: gauss:"gauss37", wiener:"wiener37", frame:"sigproc"
	pind0 lind0 aid37 fid0 pid0 cid31968 -> cid32253, cind0 -> cind285, (n=286)
	pind1 lind1 aid37 fid0 pid1 cid32254 -> cid32539, cind0 -> cind285, (n=286)
	pind2 lind2 aid37 fid0 pid2 cid32540 -> cid32831, cind0 -> cind291, (n=292)
 
[09:12:48.157] D [  main  ] configuring component: "DepoSetFilter":"ds-filter-switch-38"
[09:12:48.157] D [  gen   ] <DepoSetFilter:ds-filter-switch-38> face=0 bounds=[(-3250 3393.32 6018.3) --> (3250 5071.68 7507.5)] 
[09:12:48.157] D [  main  ] configuring component: "FrameSync":"frame-sync-switch-38"
[09:12:48.157] D [  main  ] configuring component: "DeposOrBust":"dorb-switch-38"
[09:12:48.157] D [  main  ] configuring component: "DepoTransform":"ductor38"
[09:12:48.157] D [  gen   ] <DepoTransform:ductor38> tick=0.5 us, start=-117.83536680306176 us, readin=4368 us, drift_speed=1.60563 mm/us 
[09:12:48.157] D [  main  ] configuring component: "Reframer":"reframer38"
[09:12:48.157] D [  gen   ] <Reframer:reframer38> using anode: "AnodePlane:crm38" 
[09:12:48.157] D [  main  ] configuring component: "AddNoise":"addnoisecrm38"
[09:12:48.157] D [  gen   ] <IncoherentAddNoise:addnoisecrm38> using noise model: "EmpiricalNoiseModel:empericalnoisemeganodes" 
[09:12:48.158] D [  main  ] configuring component: "Digitizer":"digitizer38"
[09:12:48.158] D [  gen   ] <Digitizer:digitizer38> tag="orig38", resolution=14 bits, maxvalue=16384 counts, gain=1, fullscale=[0,2000] mV, baselines=[900,900,200] mV round=0 
[09:12:48.158] D [  main  ] configuring component: "OmnibusSigProc":"crm38sigproc38"
[09:12:48.161] W [sigproc ] <OmnibusSigProc:crm38sigproc38> The 'wiener_threshold_tag' is obsolete, thresholds in summary on 'wiener' tagged traces 
[09:12:48.163] D [sigproc ] <OmnibusSigProc:crm38sigproc38> config: internal channel map for tags: gauss:"gauss38", wiener:"wiener38", frame:"sigproc"
	pind0 lind0 aid38 fid0 pid0 cid32832 -> cid33117, cind0 -> cind285, (n=286)
	pind1 lind1 aid38 fid0 pid1 cid33118 -> cid33403, cind0 -> cind285, (n=286)
	pind2 lind2 aid38 fid0 pid2 cid33404 -> cid33695, cind0 -> cind291, (n=292)
 
[09:12:48.163] D [  main  ] configuring component: "DepoSetFilter":"ds-filter-switch-39"
[09:12:48.163] D [  gen   ] <DepoSetFilter:ds-filter-switch-39> face=0 bounds=[(-3250 5072.32 6018.3) --> (3250 6750.68 7507.5)] 
[09:12:48.163] D [  main  ] configuring component: "FrameSync":"frame-sync-switch-39"
[09:12:48.163] D [  main  ] configuring component: "DeposOrBust":"dorb-switch-39"
[09:12:48.163] D [  main  ] configuring component: "DepoTransform":"ductor39"
[09:12:48.164] D [  gen   ] <DepoTransform:ductor39> tick=0.5 us, start=-117.83536680306176 us, readin=4368 us, drift_speed=1.60563 mm/us 
[09:12:48.164] D [  main  ] configuring component: "Reframer":"reframer39"
[09:12:48.164] D [  gen   ] <Reframer:reframer39> using anode: "AnodePlane:crm39" 
[09:12:48.164] D [  main  ] configuring component: "AddNoise":"addnoisecrm39"
[09:12:48.164] D [  gen   ] <IncoherentAddNoise:addnoisecrm39> using noise model: "EmpiricalNoiseModel:empericalnoisemeganodes" 
[09:12:48.164] D [  main  ] configuring component: "Digitizer":"digitizer39"
[09:12:48.164] D [  gen   ] <Digitizer:digitizer39> tag="orig39", resolution=14 bits, maxvalue=16384 counts, gain=1, fullscale=[0,2000] mV, baselines=[900,900,200] mV round=0 
[09:12:48.164] D [  main  ] configuring component: "OmnibusSigProc":"crm39sigproc39"
[09:12:48.168] W [sigproc ] <OmnibusSigProc:crm39sigproc39> The 'wiener_threshold_tag' is obsolete, thresholds in summary on 'wiener' tagged traces 
[09:12:48.169] D [sigproc ] <OmnibusSigProc:crm39sigproc39> config: internal channel map for tags: gauss:"gauss39", wiener:"wiener39", frame:"sigproc"
	pind0 lind0 aid39 fid0 pid0 cid33696 -> cid33981, cind0 -> cind285, (n=286)
	pind1 lind1 aid39 fid0 pid1 cid33982 -> cid34267, cind0 -> cind285, (n=286)
	pind2 lind2 aid39 fid0 pid2 cid34268 -> cid34559, cind0 -> cind291, (n=292)
 
[09:12:48.169] D [  main  ] configuring component: "DepoSetFilter":"ds-filter-switch-40"
[09:12:48.169] D [  gen   ] <DepoSetFilter:ds-filter-switch-40> face=0 bounds=[(-3250 -6750.68 7507.5) --> (3250 -5072.32 8996.7)] 
[09:12:48.169] D [  main  ] configuring component: "FrameSync":"frame-sync-switch-40"
[09:12:48.169] D [  main  ] configuring component: "DeposOrBust":"dorb-switch-40"
[09:12:48.169] D [  main  ] configuring component: "DepoTransform":"ductor40"
[09:12:48.170] D [  gen   ] <DepoTransform:ductor40> tick=0.5 us, start=-117.83536680306176 us, readin=4368 us, drift_speed=1.60563 mm/us 
[09:12:48.170] D [  main  ] configuring component: "Reframer":"reframer40"
[09:12:48.170] D [  gen   ] <Reframer:reframer40> using anode: "AnodePlane:crm40" 
[09:12:48.170] D [  main  ] configuring component: "AddNoise":"addnoisecrm40"
[09:12:48.170] D [  gen   ] <IncoherentAddNoise:addnoisecrm40> using noise model: "EmpiricalNoiseModel:empericalnoisemeganodes" 
[09:12:48.170] D [  main  ] configuring component: "Digitizer":"digitizer40"
[09:12:48.170] D [  gen   ] <Digitizer:digitizer40> tag="orig40", resolution=14 bits, maxvalue=16384 counts, gain=1, fullscale=[0,2000] mV, baselines=[900,900,200] mV round=0 
[09:12:48.170] D [  main  ] configuring component: "OmnibusSigProc":"crm40sigproc40"
[09:12:48.174] W [sigproc ] <OmnibusSigProc:crm40sigproc40> The 'wiener_threshold_tag' is obsolete, thresholds in summary on 'wiener' tagged traces 
[09:12:48.175] D [sigproc ] <OmnibusSigProc:crm40sigproc40> config: internal channel map for tags: gauss:"gauss40", wiener:"wiener40", frame:"sigproc"
	pind0 lind0 aid40 fid0 pid0 cid34560 -> cid34845, cind0 -> cind285, (n=286)
	pind1 lind1 aid40 fid0 pid1 cid34846 -> cid35131, cind0 -> cind285, (n=286)
	pind2 lind2 aid40 fid0 pid2 cid35132 -> cid35423, cind0 -> cind291, (n=292)
 
[09:12:48.175] D [  main  ] configuring component: "DepoSetFilter":"ds-filter-switch-41"
[09:12:48.175] D [  gen   ] <DepoSetFilter:ds-filter-switch-41> face=0 bounds=[(-3250 -5071.68 7507.5) --> (3250 -3393.32 8996.7)] 
[09:12:48.175] D [  main  ] configuring component: "FrameSync":"frame-sync-switch-41"
[09:12:48.175] D [  main  ] configuring component: "DeposOrBust":"dorb-switch-41"
[09:12:48.175] D [  main  ] configuring component: "DepoTransform":"ductor41"
[09:12:48.176] D [  gen   ] <DepoTransform:ductor41> tick=0.5 us, start=-117.83536680306176 us, readin=4368 us, drift_speed=1.60563 mm/us 
[09:12:48.176] D [  main  ] configuring component: "Reframer":"reframer41"
[09:12:48.176] D [  gen   ] <Reframer:reframer41> using anode: "AnodePlane:crm41" 
[09:12:48.176] D [  main  ] configuring component: "AddNoise":"addnoisecrm41"
[09:12:48.176] D [  gen   ] <IncoherentAddNoise:addnoisecrm41> using noise model: "EmpiricalNoiseModel:empericalnoisemeganodes" 
[09:12:48.176] D [  main  ] configuring component: "Digitizer":"digitizer41"
[09:12:48.176] D [  gen   ] <Digitizer:digitizer41> tag="orig41", resolution=14 bits, maxvalue=16384 counts, gain=1, fullscale=[0,2000] mV, baselines=[900,900,200] mV round=0 
[09:12:48.176] D [  main  ] configuring component: "OmnibusSigProc":"crm41sigproc41"
[09:12:48.180] W [sigproc ] <OmnibusSigProc:crm41sigproc41> The 'wiener_threshold_tag' is obsolete, thresholds in summary on 'wiener' tagged traces 
[09:12:48.181] D [sigproc ] <OmnibusSigProc:crm41sigproc41> config: internal channel map for tags: gauss:"gauss41", wiener:"wiener41", frame:"sigproc"
	pind0 lind0 aid41 fid0 pid0 cid35424 -> cid35709, cind0 -> cind285, (n=286)
	pind1 lind1 aid41 fid0 pid1 cid35710 -> cid35995, cind0 -> cind285, (n=286)
	pind2 lind2 aid41 fid0 pid2 cid35996 -> cid36287, cind0 -> cind291, (n=292)
 
[09:12:48.181] D [  main  ] configuring component: "DepoSetFilter":"ds-filter-switch-42"
[09:12:48.181] D [  gen   ] <DepoSetFilter:ds-filter-switch-42> face=0 bounds=[(-3250 -3375.68 7507.5) --> (3250 -1697.32 8996.7)] 
[09:12:48.181] D [  main  ] configuring component: "FrameSync":"frame-sync-switch-42"
[09:12:48.181] D [  main  ] configuring component: "DeposOrBust":"dorb-switch-42"
[09:12:48.182] D [  main  ] configuring component: "DepoTransform":"ductor42"
[09:12:48.182] D [  gen   ] <DepoTransform:ductor42> tick=0.5 us, start=-117.83536680306176 us, readin=4368 us, drift_speed=1.60563 mm/us 
[09:12:48.182] D [  main  ] configuring component: "Reframer":"reframer42"
[09:12:48.182] D [  gen   ] <Reframer:reframer42> using anode: "AnodePlane:crm42" 
[09:12:48.182] D [  main  ] configuring component: "AddNoise":"addnoisecrm42"
[09:12:48.182] D [  gen   ] <IncoherentAddNoise:addnoisecrm42> using noise model: "EmpiricalNoiseModel:empericalnoisemeganodes" 
[09:12:48.182] D [  main  ] configuring component: "Digitizer":"digitizer42"
[09:12:48.182] D [  gen   ] <Digitizer:digitizer42> tag="orig42", resolution=14 bits, maxvalue=16384 counts, gain=1, fullscale=[0,2000] mV, baselines=[900,900,200] mV round=0 
[09:12:48.182] D [  main  ] configuring component: "OmnibusSigProc":"crm42sigproc42"
[09:12:48.186] W [sigproc ] <OmnibusSigProc:crm42sigproc42> The 'wiener_threshold_tag' is obsolete, thresholds in summary on 'wiener' tagged traces 
[09:12:48.187] D [sigproc ] <OmnibusSigProc:crm42sigproc42> config: internal channel map for tags: gauss:"gauss42", wiener:"wiener42", frame:"sigproc"
	pind0 lind0 aid42 fid0 pid0 cid36288 -> cid36573, cind0 -> cind285, (n=286)
	pind1 lind1 aid42 fid0 pid1 cid36574 -> cid36859, cind0 -> cind285, (n=286)
	pind2 lind2 aid42 fid0 pid2 cid36860 -> cid37151, cind0 -> cind291, (n=292)
 
[09:12:48.187] D [  main  ] configuring component: "DepoSetFilter":"ds-filter-switch-43"
[09:12:48.187] D [  gen   ] <DepoSetFilter:ds-filter-switch-43> face=0 bounds=[(-3250 -1696.68 7507.5) --> (3250 -18.322 8996.7)] 
[09:12:48.187] D [  main  ] configuring component: "FrameSync":"frame-sync-switch-43"
[09:12:48.188] D [  main  ] configuring component: "DeposOrBust":"dorb-switch-43"
[09:12:48.188] D [  main  ] configuring component: "DepoTransform":"ductor43"
[09:12:48.188] D [  gen   ] <DepoTransform:ductor43> tick=0.5 us, start=-117.83536680306176 us, readin=4368 us, drift_speed=1.60563 mm/us 
[09:12:48.188] D [  main  ] configuring component: "Reframer":"reframer43"
[09:12:48.188] D [  gen   ] <Reframer:reframer43> using anode: "AnodePlane:crm43" 
[09:12:48.188] D [  main  ] configuring component: "AddNoise":"addnoisecrm43"
[09:12:48.188] D [  gen   ] <IncoherentAddNoise:addnoisecrm43> using noise model: "EmpiricalNoiseModel:empericalnoisemeganodes" 
[09:12:48.188] D [  main  ] configuring component: "Digitizer":"digitizer43"
[09:12:48.188] D [  gen   ] <Digitizer:digitizer43> tag="orig43", resolution=14 bits, maxvalue=16384 counts, gain=1, fullscale=[0,2000] mV, baselines=[900,900,200] mV round=0 
[09:12:48.188] D [  main  ] configuring component: "OmnibusSigProc":"crm43sigproc43"
[09:12:48.192] W [sigproc ] <OmnibusSigProc:crm43sigproc43> The 'wiener_threshold_tag' is obsolete, thresholds in summary on 'wiener' tagged traces 
[09:12:48.193] D [sigproc ] <OmnibusSigProc:crm43sigproc43> config: internal channel map for tags: gauss:"gauss43", wiener:"wiener43", frame:"sigproc"
	pind0 lind0 aid43 fid0 pid0 cid37152 -> cid37437, cind0 -> cind285, (n=286)
	pind1 lind1 aid43 fid0 pid1 cid37438 -> cid37723, cind0 -> cind285, (n=286)
	pind2 lind2 aid43 fid0 pid2 cid37724 -> cid38015, cind0 -> cind291, (n=292)
 
[09:12:48.194] D [  main  ] configuring component: "DepoSetFilter":"ds-filter-switch-44"
[09:12:48.194] D [  gen   ] <DepoSetFilter:ds-filter-switch-44> face=0 bounds=[(-3250 18.322 7507.5) --> (3250 1696.68 8996.7)] 
[09:12:48.194] D [  main  ] configuring component: "FrameSync":"frame-sync-switch-44"
[09:12:48.194] D [  main  ] configuring component: "DeposOrBust":"dorb-switch-44"
[09:12:48.194] D [  main  ] configuring component: "DepoTransform":"ductor44"
[09:12:48.194] D [  gen   ] <DepoTransform:ductor44> tick=0.5 us, start=-117.83536680306176 us, readin=4368 us, drift_speed=1.60563 mm/us 
[09:12:48.194] D [  main  ] configuring component: "Reframer":"reframer44"
[09:12:48.194] D [  gen   ] <Reframer:reframer44> using anode: "AnodePlane:crm44" 
[09:12:48.194] D [  main  ] configuring component: "AddNoise":"addnoisecrm44"
[09:12:48.194] D [  gen   ] <IncoherentAddNoise:addnoisecrm44> using noise model: "EmpiricalNoiseModel:empericalnoisemeganodes" 
[09:12:48.194] D [  main  ] configuring component: "Digitizer":"digitizer44"
[09:12:48.194] D [  gen   ] <Digitizer:digitizer44> tag="orig44", resolution=14 bits, maxvalue=16384 counts, gain=1, fullscale=[0,2000] mV, baselines=[900,900,200] mV round=0 
[09:12:48.195] D [  main  ] configuring component: "OmnibusSigProc":"crm44sigproc44"
[09:12:48.198] W [sigproc ] <OmnibusSigProc:crm44sigproc44> The 'wiener_threshold_tag' is obsolete, thresholds in summary on 'wiener' tagged traces 
[09:12:48.200] D [sigproc ] <OmnibusSigProc:crm44sigproc44> config: internal channel map for tags: gauss:"gauss44", wiener:"wiener44", frame:"sigproc"
	pind0 lind0 aid44 fid0 pid0 cid38016 -> cid38301, cind0 -> cind285, (n=286)
	pind1 lind1 aid44 fid0 pid1 cid38302 -> cid38587, cind0 -> cind285, (n=286)
	pind2 lind2 aid44 fid0 pid2 cid38588 -> cid38879, cind0 -> cind291, (n=292)
 
[09:12:48.200] D [  main  ] configuring component: "DepoSetFilter":"ds-filter-switch-45"
[09:12:48.200] D [  gen   ] <DepoSetFilter:ds-filter-switch-45> face=0 bounds=[(-3250 1697.32 7507.5) --> (3250 3375.68 8996.7)] 
[09:12:48.200] D [  main  ] configuring component: "FrameSync":"frame-sync-switch-45"
[09:12:48.200] D [  main  ] configuring component: "DeposOrBust":"dorb-switch-45"
[09:12:48.200] D [  main  ] configuring component: "DepoTransform":"ductor45"
[09:12:48.200] D [  gen   ] <DepoTransform:ductor45> tick=0.5 us, start=-117.83536680306176 us, readin=4368 us, drift_speed=1.60563 mm/us 
[09:12:48.200] D [  main  ] configuring component: "Reframer":"reframer45"
[09:12:48.200] D [  gen   ] <Reframer:reframer45> using anode: "AnodePlane:crm45" 
[09:12:48.200] D [  main  ] configuring component: "AddNoise":"addnoisecrm45"
[09:12:48.200] D [  gen   ] <IncoherentAddNoise:addnoisecrm45> using noise model: "EmpiricalNoiseModel:empericalnoisemeganodes" 
[09:12:48.201] D [  main  ] configuring component: "Digitizer":"digitizer45"
[09:12:48.201] D [  gen   ] <Digitizer:digitizer45> tag="orig45", resolution=14 bits, maxvalue=16384 counts, gain=1, fullscale=[0,2000] mV, baselines=[900,900,200] mV round=0 
[09:12:48.201] D [  main  ] configuring component: "OmnibusSigProc":"crm45sigproc45"
[09:12:48.204] W [sigproc ] <OmnibusSigProc:crm45sigproc45> The 'wiener_threshold_tag' is obsolete, thresholds in summary on 'wiener' tagged traces 
[09:12:48.206] D [sigproc ] <OmnibusSigProc:crm45sigproc45> config: internal channel map for tags: gauss:"gauss45", wiener:"wiener45", frame:"sigproc"
	pind0 lind0 aid45 fid0 pid0 cid38880 -> cid39165, cind0 -> cind285, (n=286)
	pind1 lind1 aid45 fid0 pid1 cid39166 -> cid39451, cind0 -> cind285, (n=286)
	pind2 lind2 aid45 fid0 pid2 cid39452 -> cid39743, cind0 -> cind291, (n=292)
 
[09:12:48.206] D [  main  ] configuring component: "DepoSetFilter":"ds-filter-switch-46"
[09:12:48.206] D [  gen   ] <DepoSetFilter:ds-filter-switch-46> face=0 bounds=[(-3250 3393.32 7507.5) --> (3250 5071.68 8996.7)] 
[09:12:48.206] D [  main  ] configuring component: "FrameSync":"frame-sync-switch-46"
[09:12:48.206] D [  main  ] configuring component: "DeposOrBust":"dorb-switch-46"
[09:12:48.206] D [  main  ] configuring component: "DepoTransform":"ductor46"
[09:12:48.206] D [  gen   ] <DepoTransform:ductor46> tick=0.5 us, start=-117.83536680306176 us, readin=4368 us, drift_speed=1.60563 mm/us 
[09:12:48.206] D [  main  ] configuring component: "Reframer":"reframer46"
[09:12:48.206] D [  gen   ] <Reframer:reframer46> using anode: "AnodePlane:crm46" 
[09:12:48.207] D [  main  ] configuring component: "AddNoise":"addnoisecrm46"
[09:12:48.207] D [  gen   ] <IncoherentAddNoise:addnoisecrm46> using noise model: "EmpiricalNoiseModel:empericalnoisemeganodes" 
[09:12:48.207] D [  main  ] configuring component: "Digitizer":"digitizer46"
[09:12:48.207] D [  gen   ] <Digitizer:digitizer46> tag="orig46", resolution=14 bits, maxvalue=16384 counts, gain=1, fullscale=[0,2000] mV, baselines=[900,900,200] mV round=0 
[09:12:48.207] D [  main  ] configuring component: "OmnibusSigProc":"crm46sigproc46"
[09:12:48.210] W [sigproc ] <OmnibusSigProc:crm46sigproc46> The 'wiener_threshold_tag' is obsolete, thresholds in summary on 'wiener' tagged traces 
[09:12:48.212] D [sigproc ] <OmnibusSigProc:crm46sigproc46> config: internal channel map for tags: gauss:"gauss46", wiener:"wiener46", frame:"sigproc"
	pind0 lind0 aid46 fid0 pid0 cid39744 -> cid40029, cind0 -> cind285, (n=286)
	pind1 lind1 aid46 fid0 pid1 cid40030 -> cid40315, cind0 -> cind285, (n=286)
	pind2 lind2 aid46 fid0 pid2 cid40316 -> cid40607, cind0 -> cind291, (n=292)
 
[09:12:48.212] D [  main  ] configuring component: "DepoSetFilter":"ds-filter-switch-47"
[09:12:48.212] D [  gen   ] <DepoSetFilter:ds-filter-switch-47> face=0 bounds=[(-3250 5072.32 7507.5) --> (3250 6750.68 8996.7)] 
[09:12:48.212] D [  main  ] configuring component: "FrameSync":"frame-sync-switch-47"
[09:12:48.212] D [  main  ] configuring component: "DeposOrBust":"dorb-switch-47"
[09:12:48.212] D [  main  ] configuring component: "DepoTransform":"ductor47"
[09:12:48.213] D [  gen   ] <DepoTransform:ductor47> tick=0.5 us, start=-117.83536680306176 us, readin=4368 us, drift_speed=1.60563 mm/us 
[09:12:48.213] D [  main  ] configuring component: "Reframer":"reframer47"
[09:12:48.213] D [  gen   ] <Reframer:reframer47> using anode: "AnodePlane:crm47" 
[09:12:48.213] D [  main  ] configuring component: "AddNoise":"addnoisecrm47"
[09:12:48.213] D [  gen   ] <IncoherentAddNoise:addnoisecrm47> using noise model: "EmpiricalNoiseModel:empericalnoisemeganodes" 
[09:12:48.213] D [  main  ] configuring component: "Digitizer":"digitizer47"
[09:12:48.213] D [  gen   ] <Digitizer:digitizer47> tag="orig47", resolution=14 bits, maxvalue=16384 counts, gain=1, fullscale=[0,2000] mV, baselines=[900,900,200] mV round=0 
[09:12:48.213] D [  main  ] configuring component: "OmnibusSigProc":"crm47sigproc47"
[09:12:48.217] W [sigproc ] <OmnibusSigProc:crm47sigproc47> The 'wiener_threshold_tag' is obsolete, thresholds in summary on 'wiener' tagged traces 
[09:12:48.218] D [sigproc ] <OmnibusSigProc:crm47sigproc47> config: internal channel map for tags: gauss:"gauss47", wiener:"wiener47", frame:"sigproc"
	pind0 lind0 aid47 fid0 pid0 cid40608 -> cid40893, cind0 -> cind285, (n=286)
	pind1 lind1 aid47 fid0 pid1 cid40894 -> cid41179, cind0 -> cind285, (n=286)
	pind2 lind2 aid47 fid0 pid2 cid41180 -> cid41471, cind0 -> cind291, (n=292)
 
[09:12:48.218] D [  main  ] configuring component: "DepoSetFilter":"ds-filter-switch-48"
[09:12:48.218] D [  gen   ] <DepoSetFilter:ds-filter-switch-48> face=0 bounds=[(-3250 -6750.69 9013.73) --> (3250 -5072.31 10502.9)] 
[09:12:48.218] D [  main  ] configuring component: "FrameSync":"frame-sync-switch-48"
[09:12:48.218] D [  main  ] configuring component: "DeposOrBust":"dorb-switch-48"
[09:12:48.218] D [  main  ] configuring component: "DepoTransform":"ductor48"
[09:12:48.219] D [  gen   ] <DepoTransform:ductor48> tick=0.5 us, start=-117.83536680306176 us, readin=4368 us, drift_speed=1.60563 mm/us 
[09:12:48.219] D [  main  ] configuring component: "Reframer":"reframer48"
[09:12:48.219] D [  gen   ] <Reframer:reframer48> using anode: "AnodePlane:crm48" 
[09:12:48.219] D [  main  ] configuring component: "AddNoise":"addnoisecrm48"
[09:12:48.219] D [  gen   ] <IncoherentAddNoise:addnoisecrm48> using noise model: "EmpiricalNoiseModel:empericalnoisemeganodes" 
[09:12:48.219] D [  main  ] configuring component: "Digitizer":"digitizer48"
[09:12:48.219] D [  gen   ] <Digitizer:digitizer48> tag="orig48", resolution=14 bits, maxvalue=16384 counts, gain=1, fullscale=[0,2000] mV, baselines=[900,900,200] mV round=0 
[09:12:48.219] D [  main  ] configuring component: "OmnibusSigProc":"crm48sigproc48"
[09:12:48.223] W [sigproc ] <OmnibusSigProc:crm48sigproc48> The 'wiener_threshold_tag' is obsolete, thresholds in summary on 'wiener' tagged traces 
[09:12:48.224] D [sigproc ] <OmnibusSigProc:crm48sigproc48> config: internal channel map for tags: gauss:"gauss48", wiener:"wiener48", frame:"sigproc"
	pind0 lind0 aid48 fid0 pid0 cid41472 -> cid41757, cind0 -> cind285, (n=286)
	pind1 lind1 aid48 fid0 pid1 cid41758 -> cid42043, cind0 -> cind285, (n=286)
	pind2 lind2 aid48 fid0 pid2 cid42044 -> cid42335, cind0 -> cind291, (n=292)
 
[09:12:48.224] D [  main  ] configuring component: "DepoSetFilter":"ds-filter-switch-49"
[09:12:48.224] D [  gen   ] <DepoSetFilter:ds-filter-switch-49> face=0 bounds=[(-3250 -5071.69 9013.73) --> (3250 -3393.31 10502.9)] 
[09:12:48.224] D [  main  ] configuring component: "FrameSync":"frame-sync-switch-49"
[09:12:48.224] D [  main  ] configuring component: "DeposOrBust":"dorb-switch-49"
[09:12:48.224] D [  main  ] configuring component: "DepoTransform":"ductor49"
[09:12:48.225] D [  gen   ] <DepoTransform:ductor49> tick=0.5 us, start=-117.83536680306176 us, readin=4368 us, drift_speed=1.60563 mm/us 
[09:12:48.225] D [  main  ] configuring component: "Reframer":"reframer49"
[09:12:48.225] D [  gen   ] <Reframer:reframer49> using anode: "AnodePlane:crm49" 
[09:12:48.225] D [  main  ] configuring component: "AddNoise":"addnoisecrm49"
[09:12:48.225] D [  gen   ] <IncoherentAddNoise:addnoisecrm49> using noise model: "EmpiricalNoiseModel:empericalnoisemeganodes" 
[09:12:48.225] D [  main  ] configuring component: "Digitizer":"digitizer49"
[09:12:48.225] D [  gen   ] <Digitizer:digitizer49> tag="orig49", resolution=14 bits, maxvalue=16384 counts, gain=1, fullscale=[0,2000] mV, baselines=[900,900,200] mV round=0 
[09:12:48.225] D [  main  ] configuring component: "OmnibusSigProc":"crm49sigproc49"
[09:12:48.229] W [sigproc ] <OmnibusSigProc:crm49sigproc49> The 'wiener_threshold_tag' is obsolete, thresholds in summary on 'wiener' tagged traces 
[09:12:48.230] D [sigproc ] <OmnibusSigProc:crm49sigproc49> config: internal channel map for tags: gauss:"gauss49", wiener:"wiener49", frame:"sigproc"
	pind0 lind0 aid49 fid0 pid0 cid42336 -> cid42621, cind0 -> cind285, (n=286)
	pind1 lind1 aid49 fid0 pid1 cid42622 -> cid42907, cind0 -> cind285, (n=286)
	pind2 lind2 aid49 fid0 pid2 cid42908 -> cid43199, cind0 -> cind291, (n=292)
 
[09:12:48.230] D [  main  ] configuring component: "DepoSetFilter":"ds-filter-switch-50"
[09:12:48.230] D [  gen   ] <DepoSetFilter:ds-filter-switch-50> face=0 bounds=[(-3250 -3375.69 9013.73) --> (3250 -1697.31 10502.9)] 
[09:12:48.230] D [  main  ] configuring component: "FrameSync":"frame-sync-switch-50"
[09:12:48.230] D [  main  ] configuring component: "DeposOrBust":"dorb-switch-50"
[09:12:48.231] D [  main  ] configuring component: "DepoTransform":"ductor50"
[09:12:48.231] D [  gen   ] <DepoTransform:ductor50> tick=0.5 us, start=-117.83536680306176 us, readin=4368 us, drift_speed=1.60563 mm/us 
[09:12:48.231] D [  main  ] configuring component: "Reframer":"reframer50"
[09:12:48.231] D [  gen   ] <Reframer:reframer50> using anode: "AnodePlane:crm50" 
[09:12:48.231] D [  main  ] configuring component: "AddNoise":"addnoisecrm50"
[09:12:48.231] D [  gen   ] <IncoherentAddNoise:addnoisecrm50> using noise model: "EmpiricalNoiseModel:empericalnoisemeganodes" 
[09:12:48.231] D [  main  ] configuring component: "Digitizer":"digitizer50"
[09:12:48.231] D [  gen   ] <Digitizer:digitizer50> tag="orig50", resolution=14 bits, maxvalue=16384 counts, gain=1, fullscale=[0,2000] mV, baselines=[900,900,200] mV round=0 
[09:12:48.231] D [  main  ] configuring component: "OmnibusSigProc":"crm50sigproc50"
[09:12:48.235] W [sigproc ] <OmnibusSigProc:crm50sigproc50> The 'wiener_threshold_tag' is obsolete, thresholds in summary on 'wiener' tagged traces 
[09:12:48.236] D [sigproc ] <OmnibusSigProc:crm50sigproc50> config: internal channel map for tags: gauss:"gauss50", wiener:"wiener50", frame:"sigproc"
	pind0 lind0 aid50 fid0 pid0 cid43200 -> cid43485, cind0 -> cind285, (n=286)
	pind1 lind1 aid50 fid0 pid1 cid43486 -> cid43771, cind0 -> cind285, (n=286)
	pind2 lind2 aid50 fid0 pid2 cid43772 -> cid44063, cind0 -> cind291, (n=292)
 
[09:12:48.236] D [  main  ] configuring component: "DepoSetFilter":"ds-filter-switch-51"
[09:12:48.237] D [  gen   ] <DepoSetFilter:ds-filter-switch-51> face=0 bounds=[(-3250 -1696.69 9013.73) --> (3250 -18.3059 10502.9)] 
[09:12:48.237] D [  main  ] configuring component: "FrameSync":"frame-sync-switch-51"
[09:12:48.237] D [  main  ] configuring component: "DeposOrBust":"dorb-switch-51"
[09:12:48.237] D [  main  ] configuring component: "DepoTransform":"ductor51"
[09:12:48.237] D [  gen   ] <DepoTransform:ductor51> tick=0.5 us, start=-117.83536680306176 us, readin=4368 us, drift_speed=1.60563 mm/us 
[09:12:48.237] D [  main  ] configuring component: "Reframer":"reframer51"
[09:12:48.237] D [  gen   ] <Reframer:reframer51> using anode: "AnodePlane:crm51" 
[09:12:48.237] D [  main  ] configuring component: "AddNoise":"addnoisecrm51"
[09:12:48.237] D [  gen   ] <IncoherentAddNoise:addnoisecrm51> using noise model: "EmpiricalNoiseModel:empericalnoisemeganodes" 
[09:12:48.237] D [  main  ] configuring component: "Digitizer":"digitizer51"
[09:12:48.237] D [  gen   ] <Digitizer:digitizer51> tag="orig51", resolution=14 bits, maxvalue=16384 counts, gain=1, fullscale=[0,2000] mV, baselines=[900,900,200] mV round=0 
[09:12:48.237] D [  main  ] configuring component: "OmnibusSigProc":"crm51sigproc51"
[09:12:48.241] W [sigproc ] <OmnibusSigProc:crm51sigproc51> The 'wiener_threshold_tag' is obsolete, thresholds in summary on 'wiener' tagged traces 
[09:12:48.242] D [sigproc ] <OmnibusSigProc:crm51sigproc51> config: internal channel map for tags: gauss:"gauss51", wiener:"wiener51", frame:"sigproc"
	pind0 lind0 aid51 fid0 pid0 cid44064 -> cid44349, cind0 -> cind285, (n=286)
	pind1 lind1 aid51 fid0 pid1 cid44350 -> cid44635, cind0 -> cind285, (n=286)
	pind2 lind2 aid51 fid0 pid2 cid44636 -> cid44927, cind0 -> cind291, (n=292)
 
[09:12:48.243] D [  main  ] configuring component: "DepoSetFilter":"ds-filter-switch-52"
[09:12:48.243] D [  gen   ] <DepoSetFilter:ds-filter-switch-52> face=0 bounds=[(-3250 18.3059 9013.73) --> (3250 1696.69 10502.9)] 
[09:12:48.243] D [  main  ] configuring component: "FrameSync":"frame-sync-switch-52"
[09:12:48.243] D [  main  ] configuring component: "DeposOrBust":"dorb-switch-52"
[09:12:48.243] D [  main  ] configuring component: "DepoTransform":"ductor52"
[09:12:48.243] D [  gen   ] <DepoTransform:ductor52> tick=0.5 us, start=-117.83536680306176 us, readin=4368 us, drift_speed=1.60563 mm/us 
[09:12:48.243] D [  main  ] configuring component: "Reframer":"reframer52"
[09:12:48.243] D [  gen   ] <Reframer:reframer52> using anode: "AnodePlane:crm52" 
[09:12:48.243] D [  main  ] configuring component: "AddNoise":"addnoisecrm52"
[09:12:48.243] D [  gen   ] <IncoherentAddNoise:addnoisecrm52> using noise model: "EmpiricalNoiseModel:empericalnoisemeganodes" 
[09:12:48.243] D [  main  ] configuring component: "Digitizer":"digitizer52"
[09:12:48.243] D [  gen   ] <Digitizer:digitizer52> tag="orig52", resolution=14 bits, maxvalue=16384 counts, gain=1, fullscale=[0,2000] mV, baselines=[900,900,200] mV round=0 
[09:12:48.244] D [  main  ] configuring component: "OmnibusSigProc":"crm52sigproc52"
[09:12:48.247] W [sigproc ] <OmnibusSigProc:crm52sigproc52> The 'wiener_threshold_tag' is obsolete, thresholds in summary on 'wiener' tagged traces 
[09:12:48.248] D [sigproc ] <OmnibusSigProc:crm52sigproc52> config: internal channel map for tags: gauss:"gauss52", wiener:"wiener52", frame:"sigproc"
	pind0 lind0 aid52 fid0 pid0 cid44928 -> cid45213, cind0 -> cind285, (n=286)
	pind1 lind1 aid52 fid0 pid1 cid45214 -> cid45499, cind0 -> cind285, (n=286)
	pind2 lind2 aid52 fid0 pid2 cid45500 -> cid45791, cind0 -> cind291, (n=292)
 
[09:12:48.249] D [  main  ] configuring component: "DepoSetFilter":"ds-filter-switch-53"
[09:12:48.249] D [  gen   ] <DepoSetFilter:ds-filter-switch-53> face=0 bounds=[(-3250 1697.31 9013.73) --> (3250 3375.69 10502.9)] 
[09:12:48.249] D [  main  ] configuring component: "FrameSync":"frame-sync-switch-53"
[09:12:48.249] D [  main  ] configuring component: "DeposOrBust":"dorb-switch-53"
[09:12:48.249] D [  main  ] configuring component: "DepoTransform":"ductor53"
[09:12:48.249] D [  gen   ] <DepoTransform:ductor53> tick=0.5 us, start=-117.83536680306176 us, readin=4368 us, drift_speed=1.60563 mm/us 
[09:12:48.249] D [  main  ] configuring component: "Reframer":"reframer53"
[09:12:48.249] D [  gen   ] <Reframer:reframer53> using anode: "AnodePlane:crm53" 
[09:12:48.249] D [  main  ] configuring component: "AddNoise":"addnoisecrm53"
[09:12:48.249] D [  gen   ] <IncoherentAddNoise:addnoisecrm53> using noise model: "EmpiricalNoiseModel:empericalnoisemeganodes" 
[09:12:48.249] D [  main  ] configuring component: "Digitizer":"digitizer53"
[09:12:48.250] D [  gen   ] <Digitizer:digitizer53> tag="orig53", resolution=14 bits, maxvalue=16384 counts, gain=1, fullscale=[0,2000] mV, baselines=[900,900,200] mV round=0 
[09:12:48.250] D [  main  ] configuring component: "OmnibusSigProc":"crm53sigproc53"
[09:12:48.253] W [sigproc ] <OmnibusSigProc:crm53sigproc53> The 'wiener_threshold_tag' is obsolete, thresholds in summary on 'wiener' tagged traces 
[09:12:48.255] D [sigproc ] <OmnibusSigProc:crm53sigproc53> config: internal channel map for tags: gauss:"gauss53", wiener:"wiener53", frame:"sigproc"
	pind0 lind0 aid53 fid0 pid0 cid45792 -> cid46077, cind0 -> cind285, (n=286)
	pind1 lind1 aid53 fid0 pid1 cid46078 -> cid46363, cind0 -> cind285, (n=286)
	pind2 lind2 aid53 fid0 pid2 cid46364 -> cid46655, cind0 -> cind291, (n=292)
 
[09:12:48.255] D [  main  ] configuring component: "DepoSetFilter":"ds-filter-switch-54"
[09:12:48.255] D [  gen   ] <DepoSetFilter:ds-filter-switch-54> face=0 bounds=[(-3250 3393.31 9013.73) --> (3250 5071.69 10502.9)] 
[09:12:48.255] D [  main  ] configuring component: "FrameSync":"frame-sync-switch-54"
[09:12:48.255] D [  main  ] configuring component: "DeposOrBust":"dorb-switch-54"
[09:12:48.255] D [  main  ] configuring component: "DepoTransform":"ductor54"
[09:12:48.255] D [  gen   ] <DepoTransform:ductor54> tick=0.5 us, start=-117.83536680306176 us, readin=4368 us, drift_speed=1.60563 mm/us 
[09:12:48.255] D [  main  ] configuring component: "Reframer":"reframer54"
[09:12:48.255] D [  gen   ] <Reframer:reframer54> using anode: "AnodePlane:crm54" 
[09:12:48.255] D [  main  ] configuring component: "AddNoise":"addnoisecrm54"
[09:12:48.255] D [  gen   ] <IncoherentAddNoise:addnoisecrm54> using noise model: "EmpiricalNoiseModel:empericalnoisemeganodes" 
[09:12:48.255] D [  main  ] configuring component: "Digitizer":"digitizer54"
[09:12:48.256] D [  gen   ] <Digitizer:digitizer54> tag="orig54", resolution=14 bits, maxvalue=16384 counts, gain=1, fullscale=[0,2000] mV, baselines=[900,900,200] mV round=0 
[09:12:48.256] D [  main  ] configuring component: "OmnibusSigProc":"crm54sigproc54"
[09:12:48.259] W [sigproc ] <OmnibusSigProc:crm54sigproc54> The 'wiener_threshold_tag' is obsolete, thresholds in summary on 'wiener' tagged traces 
[09:12:48.261] D [sigproc ] <OmnibusSigProc:crm54sigproc54> config: internal channel map for tags: gauss:"gauss54", wiener:"wiener54", frame:"sigproc"
	pind0 lind0 aid54 fid0 pid0 cid46656 -> cid46941, cind0 -> cind285, (n=286)
	pind1 lind1 aid54 fid0 pid1 cid46942 -> cid47227, cind0 -> cind285, (n=286)
	pind2 lind2 aid54 fid0 pid2 cid47228 -> cid47519, cind0 -> cind291, (n=292)
 
[09:12:48.261] D [  main  ] configuring component: "DepoSetFilter":"ds-filter-switch-55"
[09:12:48.261] D [  gen   ] <DepoSetFilter:ds-filter-switch-55> face=0 bounds=[(-3250 5072.31 9013.73) --> (3250 6750.69 10502.9)] 
[09:12:48.261] D [  main  ] configuring component: "FrameSync":"frame-sync-switch-55"
[09:12:48.261] D [  main  ] configuring component: "DeposOrBust":"dorb-switch-55"
[09:12:48.261] D [  main  ] configuring component: "DepoTransform":"ductor55"
[09:12:48.261] D [  gen   ] <DepoTransform:ductor55> tick=0.5 us, start=-117.83536680306176 us, readin=4368 us, drift_speed=1.60563 mm/us 
[09:12:48.261] D [  main  ] configuring component: "Reframer":"reframer55"
[09:12:48.261] D [  gen   ] <Reframer:reframer55> using anode: "AnodePlane:crm55" 
[09:12:48.261] D [  main  ] configuring component: "AddNoise":"addnoisecrm55"
[09:12:48.261] D [  gen   ] <IncoherentAddNoise:addnoisecrm55> using noise model: "EmpiricalNoiseModel:empericalnoisemeganodes" 
[09:12:48.261] D [  main  ] configuring component: "Digitizer":"digitizer55"
[09:12:48.262] D [  gen   ] <Digitizer:digitizer55> tag="orig55", resolution=14 bits, maxvalue=16384 counts, gain=1, fullscale=[0,2000] mV, baselines=[900,900,200] mV round=0 
[09:12:48.262] D [  main  ] configuring component: "OmnibusSigProc":"crm55sigproc55"
[09:12:48.265] W [sigproc ] <OmnibusSigProc:crm55sigproc55> The 'wiener_threshold_tag' is obsolete, thresholds in summary on 'wiener' tagged traces 
[09:12:48.267] D [sigproc ] <OmnibusSigProc:crm55sigproc55> config: internal channel map for tags: gauss:"gauss55", wiener:"wiener55", frame:"sigproc"
	pind0 lind0 aid55 fid0 pid0 cid47520 -> cid47805, cind0 -> cind285, (n=286)
	pind1 lind1 aid55 fid0 pid1 cid47806 -> cid48091, cind0 -> cind285, (n=286)
	pind2 lind2 aid55 fid0 pid2 cid48092 -> cid48383, cind0 -> cind291, (n=292)
 
[09:12:48.267] D [  main  ] configuring component: "DepoSetFilter":"ds-filter-switch-56"
[09:12:48.267] D [  gen   ] <DepoSetFilter:ds-filter-switch-56> face=0 bounds=[(-3250 -6750.7 10503) --> (3250 -5072.3 11992.1)] 
[09:12:48.267] D [  main  ] configuring component: "FrameSync":"frame-sync-switch-56"
[09:12:48.267] D [  main  ] configuring component: "DeposOrBust":"dorb-switch-56"
[09:12:48.267] D [  main  ] configuring component: "DepoTransform":"ductor56"
[09:12:48.267] D [  gen   ] <DepoTransform:ductor56> tick=0.5 us, start=-117.83536680306176 us, readin=4368 us, drift_speed=1.60563 mm/us 
[09:12:48.267] D [  main  ] configuring component: "Reframer":"reframer56"
[09:12:48.267] D [  gen   ] <Reframer:reframer56> using anode: "AnodePlane:crm56" 
[09:12:48.267] D [  main  ] configuring component: "AddNoise":"addnoisecrm56"
[09:12:48.268] D [  gen   ] <IncoherentAddNoise:addnoisecrm56> using noise model: "EmpiricalNoiseModel:empericalnoisemeganodes" 
[09:12:48.268] D [  main  ] configuring component: "Digitizer":"digitizer56"
[09:12:48.268] D [  gen   ] <Digitizer:digitizer56> tag="orig56", resolution=14 bits, maxvalue=16384 counts, gain=1, fullscale=[0,2000] mV, baselines=[900,900,200] mV round=0 
[09:12:48.268] D [  main  ] configuring component: "OmnibusSigProc":"crm56sigproc56"
[09:12:48.271] W [sigproc ] <OmnibusSigProc:crm56sigproc56> The 'wiener_threshold_tag' is obsolete, thresholds in summary on 'wiener' tagged traces 
[09:12:48.273] D [sigproc ] <OmnibusSigProc:crm56sigproc56> config: internal channel map for tags: gauss:"gauss56", wiener:"wiener56", frame:"sigproc"
	pind0 lind0 aid56 fid0 pid0 cid48384 -> cid48669, cind0 -> cind285, (n=286)
	pind1 lind1 aid56 fid0 pid1 cid48670 -> cid48955, cind0 -> cind285, (n=286)
	pind2 lind2 aid56 fid0 pid2 cid48956 -> cid49247, cind0 -> cind291, (n=292)
 
[09:12:48.273] D [  main  ] configuring component: "DepoSetFilter":"ds-filter-switch-57"
[09:12:48.273] D [  gen   ] <DepoSetFilter:ds-filter-switch-57> face=0 bounds=[(-3250 -5071.7 10503) --> (3250 -3393.3 11992.1)] 
[09:12:48.273] D [  main  ] configuring component: "FrameSync":"frame-sync-switch-57"
[09:12:48.273] D [  main  ] configuring component: "DeposOrBust":"dorb-switch-57"
[09:12:48.273] D [  main  ] configuring component: "DepoTransform":"ductor57"
[09:12:48.273] D [  gen   ] <DepoTransform:ductor57> tick=0.5 us, start=-117.83536680306176 us, readin=4368 us, drift_speed=1.60563 mm/us 
[09:12:48.273] D [  main  ] configuring component: "Reframer":"reframer57"
[09:12:48.273] D [  gen   ] <Reframer:reframer57> using anode: "AnodePlane:crm57" 
[09:12:48.274] D [  main  ] configuring component: "AddNoise":"addnoisecrm57"
[09:12:48.274] D [  gen   ] <IncoherentAddNoise:addnoisecrm57> using noise model: "EmpiricalNoiseModel:empericalnoisemeganodes" 
[09:12:48.274] D [  main  ] configuring component: "Digitizer":"digitizer57"
[09:12:48.274] D [  gen   ] <Digitizer:digitizer57> tag="orig57", resolution=14 bits, maxvalue=16384 counts, gain=1, fullscale=[0,2000] mV, baselines=[900,900,200] mV round=0 
[09:12:48.274] D [  main  ] configuring component: "OmnibusSigProc":"crm57sigproc57"
[09:12:48.277] W [sigproc ] <OmnibusSigProc:crm57sigproc57> The 'wiener_threshold_tag' is obsolete, thresholds in summary on 'wiener' tagged traces 
[09:12:48.279] D [sigproc ] <OmnibusSigProc:crm57sigproc57> config: internal channel map for tags: gauss:"gauss57", wiener:"wiener57", frame:"sigproc"
	pind0 lind0 aid57 fid0 pid0 cid49248 -> cid49533, cind0 -> cind285, (n=286)
	pind1 lind1 aid57 fid0 pid1 cid49534 -> cid49819, cind0 -> cind285, (n=286)
	pind2 lind2 aid57 fid0 pid2 cid49820 -> cid50111, cind0 -> cind291, (n=292)
 
[09:12:48.279] D [  main  ] configuring component: "DepoSetFilter":"ds-filter-switch-58"
[09:12:48.279] D [  gen   ] <DepoSetFilter:ds-filter-switch-58> face=0 bounds=[(-3250 -3375.7 10503) --> (3250 -1697.3 11992.1)] 
[09:12:48.279] D [  main  ] configuring component: "FrameSync":"frame-sync-switch-58"
[09:12:48.279] D [  main  ] configuring component: "DeposOrBust":"dorb-switch-58"
[09:12:48.279] D [  main  ] configuring component: "DepoTransform":"ductor58"
[09:12:48.280] D [  gen   ] <DepoTransform:ductor58> tick=0.5 us, start=-117.83536680306176 us, readin=4368 us, drift_speed=1.60563 mm/us 
[09:12:48.280] D [  main  ] configuring component: "Reframer":"reframer58"
[09:12:48.280] D [  gen   ] <Reframer:reframer58> using anode: "AnodePlane:crm58" 
[09:12:48.280] D [  main  ] configuring component: "AddNoise":"addnoisecrm58"
[09:12:48.280] D [  gen   ] <IncoherentAddNoise:addnoisecrm58> using noise model: "EmpiricalNoiseModel:empericalnoisemeganodes" 
[09:12:48.280] D [  main  ] configuring component: "Digitizer":"digitizer58"
[09:12:48.280] D [  gen   ] <Digitizer:digitizer58> tag="orig58", resolution=14 bits, maxvalue=16384 counts, gain=1, fullscale=[0,2000] mV, baselines=[900,900,200] mV round=0 
[09:12:48.280] D [  main  ] configuring component: "OmnibusSigProc":"crm58sigproc58"
[09:12:48.283] W [sigproc ] <OmnibusSigProc:crm58sigproc58> The 'wiener_threshold_tag' is obsolete, thresholds in summary on 'wiener' tagged traces 
[09:12:48.285] D [sigproc ] <OmnibusSigProc:crm58sigproc58> config: internal channel map for tags: gauss:"gauss58", wiener:"wiener58", frame:"sigproc"
	pind0 lind0 aid58 fid0 pid0 cid50112 -> cid50397, cind0 -> cind285, (n=286)
	pind1 lind1 aid58 fid0 pid1 cid50398 -> cid50683, cind0 -> cind285, (n=286)
	pind2 lind2 aid58 fid0 pid2 cid50684 -> cid50975, cind0 -> cind291, (n=292)
 
[09:12:48.285] D [  main  ] configuring component: "DepoSetFilter":"ds-filter-switch-59"
[09:12:48.285] D [  gen   ] <DepoSetFilter:ds-filter-switch-59> face=0 bounds=[(-3250 -1696.7 10503) --> (3250 -18.3009 11992.1)] 
[09:12:48.285] D [  main  ] configuring component: "FrameSync":"frame-sync-switch-59"
[09:12:48.285] D [  main  ] configuring component: "DeposOrBust":"dorb-switch-59"
[09:12:48.285] D [  main  ] configuring component: "DepoTransform":"ductor59"
[09:12:48.286] D [  gen   ] <DepoTransform:ductor59> tick=0.5 us, start=-117.83536680306176 us, readin=4368 us, drift_speed=1.60563 mm/us 
[09:12:48.286] D [  main  ] configuring component: "Reframer":"reframer59"
[09:12:48.286] D [  gen   ] <Reframer:reframer59> using anode: "AnodePlane:crm59" 
[09:12:48.286] D [  main  ] configuring component: "AddNoise":"addnoisecrm59"
[09:12:48.286] D [  gen   ] <IncoherentAddNoise:addnoisecrm59> using noise model: "EmpiricalNoiseModel:empericalnoisemeganodes" 
[09:12:48.286] D [  main  ] configuring component: "Digitizer":"digitizer59"
[09:12:48.286] D [  gen   ] <Digitizer:digitizer59> tag="orig59", resolution=14 bits, maxvalue=16384 counts, gain=1, fullscale=[0,2000] mV, baselines=[900,900,200] mV round=0 
[09:12:48.286] D [  main  ] configuring component: "OmnibusSigProc":"crm59sigproc59"
[09:12:48.289] W [sigproc ] <OmnibusSigProc:crm59sigproc59> The 'wiener_threshold_tag' is obsolete, thresholds in summary on 'wiener' tagged traces 
[09:12:48.291] D [sigproc ] <OmnibusSigProc:crm59sigproc59> config: internal channel map for tags: gauss:"gauss59", wiener:"wiener59", frame:"sigproc"
	pind0 lind0 aid59 fid0 pid0 cid50976 -> cid51261, cind0 -> cind285, (n=286)
	pind1 lind1 aid59 fid0 pid1 cid51262 -> cid51547, cind0 -> cind285, (n=286)
	pind2 lind2 aid59 fid0 pid2 cid51548 -> cid51839, cind0 -> cind291, (n=292)
 
[09:12:48.291] D [  main  ] configuring component: "DepoSetFilter":"ds-filter-switch-60"
[09:12:48.291] D [  gen   ] <DepoSetFilter:ds-filter-switch-60> face=0 bounds=[(-3250 18.3009 10503) --> (3250 1696.7 11992.1)] 
[09:12:48.291] D [  main  ] configuring component: "FrameSync":"frame-sync-switch-60"
[09:12:48.291] D [  main  ] configuring component: "DeposOrBust":"dorb-switch-60"
[09:12:48.291] D [  main  ] configuring component: "DepoTransform":"ductor60"
[09:12:48.292] D [  gen   ] <DepoTransform:ductor60> tick=0.5 us, start=-117.83536680306176 us, readin=4368 us, drift_speed=1.60563 mm/us 
[09:12:48.292] D [  main  ] configuring component: "Reframer":"reframer60"
[09:12:48.292] D [  gen   ] <Reframer:reframer60> using anode: "AnodePlane:crm60" 
[09:12:48.292] D [  main  ] configuring component: "AddNoise":"addnoisecrm60"
[09:12:48.292] D [  gen   ] <IncoherentAddNoise:addnoisecrm60> using noise model: "EmpiricalNoiseModel:empericalnoisemeganodes" 
[09:12:48.292] D [  main  ] configuring component: "Digitizer":"digitizer60"
[09:12:48.292] D [  gen   ] <Digitizer:digitizer60> tag="orig60", resolution=14 bits, maxvalue=16384 counts, gain=1, fullscale=[0,2000] mV, baselines=[900,900,200] mV round=0 
[09:12:48.292] D [  main  ] configuring component: "OmnibusSigProc":"crm60sigproc60"
[09:12:48.296] W [sigproc ] <OmnibusSigProc:crm60sigproc60> The 'wiener_threshold_tag' is obsolete, thresholds in summary on 'wiener' tagged traces 
[09:12:48.297] D [sigproc ] <OmnibusSigProc:crm60sigproc60> config: internal channel map for tags: gauss:"gauss60", wiener:"wiener60", frame:"sigproc"
	pind0 lind0 aid60 fid0 pid0 cid51840 -> cid52125, cind0 -> cind285, (n=286)
	pind1 lind1 aid60 fid0 pid1 cid52126 -> cid52411, cind0 -> cind285, (n=286)
	pind2 lind2 aid60 fid0 pid2 cid52412 -> cid52703, cind0 -> cind291, (n=292)
 
[09:12:48.297] D [  main  ] configuring component: "DepoSetFilter":"ds-filter-switch-61"
[09:12:48.297] D [  gen   ] <DepoSetFilter:ds-filter-switch-61> face=0 bounds=[(-3250 1697.3 10503) --> (3250 3375.7 11992.1)] 
[09:12:48.297] D [  main  ] configuring component: "FrameSync":"frame-sync-switch-61"
[09:12:48.297] D [  main  ] configuring component: "DeposOrBust":"dorb-switch-61"
[09:12:48.297] D [  main  ] configuring component: "DepoTransform":"ductor61"
[09:12:48.298] D [  gen   ] <DepoTransform:ductor61> tick=0.5 us, start=-117.83536680306176 us, readin=4368 us, drift_speed=1.60563 mm/us 
[09:12:48.298] D [  main  ] configuring component: "Reframer":"reframer61"
[09:12:48.298] D [  gen   ] <Reframer:reframer61> using anode: "AnodePlane:crm61" 
[09:12:48.298] D [  main  ] configuring component: "AddNoise":"addnoisecrm61"
[09:12:48.298] D [  gen   ] <IncoherentAddNoise:addnoisecrm61> using noise model: "EmpiricalNoiseModel:empericalnoisemeganodes" 
[09:12:48.298] D [  main  ] configuring component: "Digitizer":"digitizer61"
[09:12:48.298] D [  gen   ] <Digitizer:digitizer61> tag="orig61", resolution=14 bits, maxvalue=16384 counts, gain=1, fullscale=[0,2000] mV, baselines=[900,900,200] mV round=0 
[09:12:48.298] D [  main  ] configuring component: "OmnibusSigProc":"crm61sigproc61"
[09:12:48.302] W [sigproc ] <OmnibusSigProc:crm61sigproc61> The 'wiener_threshold_tag' is obsolete, thresholds in summary on 'wiener' tagged traces 
[09:12:48.303] D [sigproc ] <OmnibusSigProc:crm61sigproc61> config: internal channel map for tags: gauss:"gauss61", wiener:"wiener61", frame:"sigproc"
	pind0 lind0 aid61 fid0 pid0 cid52704 -> cid52989, cind0 -> cind285, (n=286)
	pind1 lind1 aid61 fid0 pid1 cid52990 -> cid53275, cind0 -> cind285, (n=286)
	pind2 lind2 aid61 fid0 pid2 cid53276 -> cid53567, cind0 -> cind291, (n=292)
 
[09:12:48.303] D [  main  ] configuring component: "DepoSetFilter":"ds-filter-switch-62"
[09:12:48.303] D [  gen   ] <DepoSetFilter:ds-filter-switch-62> face=0 bounds=[(-3250 3393.3 10503) --> (3250 5071.7 11992.1)] 
[09:12:48.303] D [  main  ] configuring component: "FrameSync":"frame-sync-switch-62"
[09:12:48.303] D [  main  ] configuring component: "DeposOrBust":"dorb-switch-62"
[09:12:48.303] D [  main  ] configuring component: "DepoTransform":"ductor62"
[09:12:48.304] D [  gen   ] <DepoTransform:ductor62> tick=0.5 us, start=-117.83536680306176 us, readin=4368 us, drift_speed=1.60563 mm/us 
[09:12:48.304] D [  main  ] configuring component: "Reframer":"reframer62"
[09:12:48.304] D [  gen   ] <Reframer:reframer62> using anode: "AnodePlane:crm62" 
[09:12:48.304] D [  main  ] configuring component: "AddNoise":"addnoisecrm62"
[09:12:48.304] D [  gen   ] <IncoherentAddNoise:addnoisecrm62> using noise model: "EmpiricalNoiseModel:empericalnoisemeganodes" 
[09:12:48.304] D [  main  ] configuring component: "Digitizer":"digitizer62"
[09:12:48.304] D [  gen   ] <Digitizer:digitizer62> tag="orig62", resolution=14 bits, maxvalue=16384 counts, gain=1, fullscale=[0,2000] mV, baselines=[900,900,200] mV round=0 
[09:12:48.304] D [  main  ] configuring component: "OmnibusSigProc":"crm62sigproc62"
[09:12:48.308] W [sigproc ] <OmnibusSigProc:crm62sigproc62> The 'wiener_threshold_tag' is obsolete, thresholds in summary on 'wiener' tagged traces 
[09:12:48.309] D [sigproc ] <OmnibusSigProc:crm62sigproc62> config: internal channel map for tags: gauss:"gauss62", wiener:"wiener62", frame:"sigproc"
	pind0 lind0 aid62 fid0 pid0 cid53568 -> cid53853, cind0 -> cind285, (n=286)
	pind1 lind1 aid62 fid0 pid1 cid53854 -> cid54139, cind0 -> cind285, (n=286)
	pind2 lind2 aid62 fid0 pid2 cid54140 -> cid54431, cind0 -> cind291, (n=292)
 
[09:12:48.310] D [  main  ] configuring component: "DepoSetFilter":"ds-filter-switch-63"
[09:12:48.310] D [  gen   ] <DepoSetFilter:ds-filter-switch-63> face=0 bounds=[(-3250 5072.3 10503) --> (3250 6750.7 11992.1)] 
[09:12:48.310] D [  main  ] configuring component: "FrameSync":"frame-sync-switch-63"
[09:12:48.310] D [  main  ] configuring component: "DeposOrBust":"dorb-switch-63"
[09:12:48.310] D [  main  ] configuring component: "DepoTransform":"ductor63"
[09:12:48.310] D [  gen   ] <DepoTransform:ductor63> tick=0.5 us, start=-117.83536680306176 us, readin=4368 us, drift_speed=1.60563 mm/us 
[09:12:48.310] D [  main  ] configuring component: "Reframer":"reframer63"
[09:12:48.310] D [  gen   ] <Reframer:reframer63> using anode: "AnodePlane:crm63" 
[09:12:48.310] D [  main  ] configuring component: "AddNoise":"addnoisecrm63"
[09:12:48.310] D [  gen   ] <IncoherentAddNoise:addnoisecrm63> using noise model: "EmpiricalNoiseModel:empericalnoisemeganodes" 
[09:12:48.310] D [  main  ] configuring component: "Digitizer":"digitizer63"
[09:12:48.310] D [  gen   ] <Digitizer:digitizer63> tag="orig63", resolution=14 bits, maxvalue=16384 counts, gain=1, fullscale=[0,2000] mV, baselines=[900,900,200] mV round=0 
[09:12:48.311] D [  main  ] configuring component: "OmnibusSigProc":"crm63sigproc63"
[09:12:48.314] W [sigproc ] <OmnibusSigProc:crm63sigproc63> The 'wiener_threshold_tag' is obsolete, thresholds in summary on 'wiener' tagged traces 
[09:12:48.315] D [sigproc ] <OmnibusSigProc:crm63sigproc63> config: internal channel map for tags: gauss:"gauss63", wiener:"wiener63", frame:"sigproc"
	pind0 lind0 aid63 fid0 pid0 cid54432 -> cid54717, cind0 -> cind285, (n=286)
	pind1 lind1 aid63 fid0 pid1 cid54718 -> cid55003, cind0 -> cind285, (n=286)
	pind2 lind2 aid63 fid0 pid2 cid55004 -> cid55295, cind0 -> cind291, (n=292)
 
[09:12:48.316] D [  main  ] configuring component: "DepoSetFilter":"ds-filter-switch-64"
[09:12:48.316] D [  gen   ] <DepoSetFilter:ds-filter-switch-64> face=0 bounds=[(-3250 -6750.7 12034.1) --> (3250 -5072.3 13523.2)] 
[09:12:48.316] D [  main  ] configuring component: "FrameSync":"frame-sync-switch-64"
[09:12:48.316] D [  main  ] configuring component: "DeposOrBust":"dorb-switch-64"
[09:12:48.316] D [  main  ] configuring component: "DepoTransform":"ductor64"
[09:12:48.316] D [  gen   ] <DepoTransform:ductor64> tick=0.5 us, start=-117.83536680306176 us, readin=4368 us, drift_speed=1.60563 mm/us 
[09:12:48.316] D [  main  ] configuring component: "Reframer":"reframer64"
[09:12:48.316] D [  gen   ] <Reframer:reframer64> using anode: "AnodePlane:crm64" 
[09:12:48.316] D [  main  ] configuring component: "AddNoise":"addnoisecrm64"
[09:12:48.316] D [  gen   ] <IncoherentAddNoise:addnoisecrm64> using noise model: "EmpiricalNoiseModel:empericalnoisemeganodes" 
[09:12:48.316] D [  main  ] configuring component: "Digitizer":"digitizer64"
[09:12:48.316] D [  gen   ] <Digitizer:digitizer64> tag="orig64", resolution=14 bits, maxvalue=16384 counts, gain=1, fullscale=[0,2000] mV, baselines=[900,900,200] mV round=0 
[09:12:48.317] D [  main  ] configuring component: "OmnibusSigProc":"crm64sigproc64"
[09:12:48.320] W [sigproc ] <OmnibusSigProc:crm64sigproc64> The 'wiener_threshold_tag' is obsolete, thresholds in summary on 'wiener' tagged traces 
[09:12:48.322] D [sigproc ] <OmnibusSigProc:crm64sigproc64> config: internal channel map for tags: gauss:"gauss64", wiener:"wiener64", frame:"sigproc"
	pind0 lind0 aid64 fid0 pid0 cid55296 -> cid55581, cind0 -> cind285, (n=286)
	pind1 lind1 aid64 fid0 pid1 cid55582 -> cid55867, cind0 -> cind285, (n=286)
	pind2 lind2 aid64 fid0 pid2 cid55868 -> cid56159, cind0 -> cind291, (n=292)
 
[09:12:48.322] D [  main  ] configuring component: "DepoSetFilter":"ds-filter-switch-65"
[09:12:48.322] D [  gen   ] <DepoSetFilter:ds-filter-switch-65> face=0 bounds=[(-3250 -5071.7 12034.1) --> (3250 -3393.3 13523.2)] 
[09:12:48.322] D [  main  ] configuring component: "FrameSync":"frame-sync-switch-65"
[09:12:48.322] D [  main  ] configuring component: "DeposOrBust":"dorb-switch-65"
[09:12:48.322] D [  main  ] configuring component: "DepoTransform":"ductor65"
[09:12:48.322] D [  gen   ] <DepoTransform:ductor65> tick=0.5 us, start=-117.83536680306176 us, readin=4368 us, drift_speed=1.60563 mm/us 
[09:12:48.322] D [  main  ] configuring component: "Reframer":"reframer65"
[09:12:48.322] D [  gen   ] <Reframer:reframer65> using anode: "AnodePlane:crm65" 
[09:12:48.322] D [  main  ] configuring component: "AddNoise":"addnoisecrm65"
[09:12:48.322] D [  gen   ] <IncoherentAddNoise:addnoisecrm65> using noise model: "EmpiricalNoiseModel:empericalnoisemeganodes" 
[09:12:48.322] D [  main  ] configuring component: "Digitizer":"digitizer65"
[09:12:48.323] D [  gen   ] <Digitizer:digitizer65> tag="orig65", resolution=14 bits, maxvalue=16384 counts, gain=1, fullscale=[0,2000] mV, baselines=[900,900,200] mV round=0 
[09:12:48.323] D [  main  ] configuring component: "OmnibusSigProc":"crm65sigproc65"
[09:12:48.326] W [sigproc ] <OmnibusSigProc:crm65sigproc65> The 'wiener_threshold_tag' is obsolete, thresholds in summary on 'wiener' tagged traces 
[09:12:48.328] D [sigproc ] <OmnibusSigProc:crm65sigproc65> config: internal channel map for tags: gauss:"gauss65", wiener:"wiener65", frame:"sigproc"
	pind0 lind0 aid65 fid0 pid0 cid56160 -> cid56445, cind0 -> cind285, (n=286)
	pind1 lind1 aid65 fid0 pid1 cid56446 -> cid56731, cind0 -> cind285, (n=286)
	pind2 lind2 aid65 fid0 pid2 cid56732 -> cid57023, cind0 -> cind291, (n=292)
 
[09:12:48.328] D [  main  ] configuring component: "DepoSetFilter":"ds-filter-switch-66"
[09:12:48.328] D [  gen   ] <DepoSetFilter:ds-filter-switch-66> face=0 bounds=[(-3250 -3375.7 12034.1) --> (3250 -1697.3 13523.2)] 
[09:12:48.328] D [  main  ] configuring component: "FrameSync":"frame-sync-switch-66"
[09:12:48.328] D [  main  ] configuring component: "DeposOrBust":"dorb-switch-66"
[09:12:48.328] D [  main  ] configuring component: "DepoTransform":"ductor66"
[09:12:48.328] D [  gen   ] <DepoTransform:ductor66> tick=0.5 us, start=-117.83536680306176 us, readin=4368 us, drift_speed=1.60563 mm/us 
[09:12:48.328] D [  main  ] configuring component: "Reframer":"reframer66"
[09:12:48.328] D [  gen   ] <Reframer:reframer66> using anode: "AnodePlane:crm66" 
[09:12:48.328] D [  main  ] configuring component: "AddNoise":"addnoisecrm66"
[09:12:48.328] D [  gen   ] <IncoherentAddNoise:addnoisecrm66> using noise model: "EmpiricalNoiseModel:empericalnoisemeganodes" 
[09:12:48.328] D [  main  ] configuring component: "Digitizer":"digitizer66"
[09:12:48.329] D [  gen   ] <Digitizer:digitizer66> tag="orig66", resolution=14 bits, maxvalue=16384 counts, gain=1, fullscale=[0,2000] mV, baselines=[900,900,200] mV round=0 
[09:12:48.329] D [  main  ] configuring component: "OmnibusSigProc":"crm66sigproc66"
[09:12:48.332] W [sigproc ] <OmnibusSigProc:crm66sigproc66> The 'wiener_threshold_tag' is obsolete, thresholds in summary on 'wiener' tagged traces 
[09:12:48.334] D [sigproc ] <OmnibusSigProc:crm66sigproc66> config: internal channel map for tags: gauss:"gauss66", wiener:"wiener66", frame:"sigproc"
	pind0 lind0 aid66 fid0 pid0 cid57024 -> cid57309, cind0 -> cind285, (n=286)
	pind1 lind1 aid66 fid0 pid1 cid57310 -> cid57595, cind0 -> cind285, (n=286)
	pind2 lind2 aid66 fid0 pid2 cid57596 -> cid57887, cind0 -> cind291, (n=292)
 
[09:12:48.334] D [  main  ] configuring component: "DepoSetFilter":"ds-filter-switch-67"
[09:12:48.334] D [  gen   ] <DepoSetFilter:ds-filter-switch-67> face=0 bounds=[(-3250 -1696.7 12034.1) --> (3250 -18.3008 13523.2)] 
[09:12:48.334] D [  main  ] configuring component: "FrameSync":"frame-sync-switch-67"
[09:12:48.334] D [  main  ] configuring component: "DeposOrBust":"dorb-switch-67"
[09:12:48.334] D [  main  ] configuring component: "DepoTransform":"ductor67"
[09:12:48.334] D [  gen   ] <DepoTransform:ductor67> tick=0.5 us, start=-117.83536680306176 us, readin=4368 us, drift_speed=1.60563 mm/us 
[09:12:48.334] D [  main  ] configuring component: "Reframer":"reframer67"
[09:12:48.334] D [  gen   ] <Reframer:reframer67> using anode: "AnodePlane:crm67" 
[09:12:48.334] D [  main  ] configuring component: "AddNoise":"addnoisecrm67"
[09:12:48.335] D [  gen   ] <IncoherentAddNoise:addnoisecrm67> using noise model: "EmpiricalNoiseModel:empericalnoisemeganodes" 
[09:12:48.335] D [  main  ] configuring component: "Digitizer":"digitizer67"
[09:12:48.335] D [  gen   ] <Digitizer:digitizer67> tag="orig67", resolution=14 bits, maxvalue=16384 counts, gain=1, fullscale=[0,2000] mV, baselines=[900,900,200] mV round=0 
[09:12:48.335] D [  main  ] configuring component: "OmnibusSigProc":"crm67sigproc67"
[09:12:48.338] W [sigproc ] <OmnibusSigProc:crm67sigproc67> The 'wiener_threshold_tag' is obsolete, thresholds in summary on 'wiener' tagged traces 
[09:12:48.340] D [sigproc ] <OmnibusSigProc:crm67sigproc67> config: internal channel map for tags: gauss:"gauss67", wiener:"wiener67", frame:"sigproc"
	pind0 lind0 aid67 fid0 pid0 cid57888 -> cid58173, cind0 -> cind285, (n=286)
	pind1 lind1 aid67 fid0 pid1 cid58174 -> cid58459, cind0 -> cind285, (n=286)
	pind2 lind2 aid67 fid0 pid2 cid58460 -> cid58751, cind0 -> cind291, (n=292)
 
[09:12:48.340] D [  main  ] configuring component: "DepoSetFilter":"ds-filter-switch-68"
[09:12:48.340] D [  gen   ] <DepoSetFilter:ds-filter-switch-68> face=0 bounds=[(-3250 18.3009 12034.1) --> (3250 1696.7 13523.2)] 
[09:12:48.340] D [  main  ] configuring component: "FrameSync":"frame-sync-switch-68"
[09:12:48.340] D [  main  ] configuring component: "DeposOrBust":"dorb-switch-68"
[09:12:48.340] D [  main  ] configuring component: "DepoTransform":"ductor68"
[09:12:48.340] D [  gen   ] <DepoTransform:ductor68> tick=0.5 us, start=-117.83536680306176 us, readin=4368 us, drift_speed=1.60563 mm/us 
[09:12:48.340] D [  main  ] configuring component: "Reframer":"reframer68"
[09:12:48.340] D [  gen   ] <Reframer:reframer68> using anode: "AnodePlane:crm68" 
[09:12:48.341] D [  main  ] configuring component: "AddNoise":"addnoisecrm68"
[09:12:48.341] D [  gen   ] <IncoherentAddNoise:addnoisecrm68> using noise model: "EmpiricalNoiseModel:empericalnoisemeganodes" 
[09:12:48.341] D [  main  ] configuring component: "Digitizer":"digitizer68"
[09:12:48.341] D [  gen   ] <Digitizer:digitizer68> tag="orig68", resolution=14 bits, maxvalue=16384 counts, gain=1, fullscale=[0,2000] mV, baselines=[900,900,200] mV round=0 
[09:12:48.341] D [  main  ] configuring component: "OmnibusSigProc":"crm68sigproc68"
[09:12:48.344] W [sigproc ] <OmnibusSigProc:crm68sigproc68> The 'wiener_threshold_tag' is obsolete, thresholds in summary on 'wiener' tagged traces 
[09:12:48.346] D [sigproc ] <OmnibusSigProc:crm68sigproc68> config: internal channel map for tags: gauss:"gauss68", wiener:"wiener68", frame:"sigproc"
	pind0 lind0 aid68 fid0 pid0 cid58752 -> cid59037, cind0 -> cind285, (n=286)
	pind1 lind1 aid68 fid0 pid1 cid59038 -> cid59323, cind0 -> cind285, (n=286)
	pind2 lind2 aid68 fid0 pid2 cid59324 -> cid59615, cind0 -> cind291, (n=292)
 
[09:12:48.346] D [  main  ] configuring component: "DepoSetFilter":"ds-filter-switch-69"
[09:12:48.346] D [  gen   ] <DepoSetFilter:ds-filter-switch-69> face=0 bounds=[(-3250 1697.3 12034.1) --> (3250 3375.7 13523.2)] 
[09:12:48.346] D [  main  ] configuring component: "FrameSync":"frame-sync-switch-69"
[09:12:48.346] D [  main  ] configuring component: "DeposOrBust":"dorb-switch-69"
[09:12:48.346] D [  main  ] configuring component: "DepoTransform":"ductor69"
[09:12:48.347] D [  gen   ] <DepoTransform:ductor69> tick=0.5 us, start=-117.83536680306176 us, readin=4368 us, drift_speed=1.60563 mm/us 
[09:12:48.347] D [  main  ] configuring component: "Reframer":"reframer69"
[09:12:48.347] D [  gen   ] <Reframer:reframer69> using anode: "AnodePlane:crm69" 
[09:12:48.347] D [  main  ] configuring component: "AddNoise":"addnoisecrm69"
[09:12:48.347] D [  gen   ] <IncoherentAddNoise:addnoisecrm69> using noise model: "EmpiricalNoiseModel:empericalnoisemeganodes" 
[09:12:48.347] D [  main  ] configuring component: "Digitizer":"digitizer69"
[09:12:48.347] D [  gen   ] <Digitizer:digitizer69> tag="orig69", resolution=14 bits, maxvalue=16384 counts, gain=1, fullscale=[0,2000] mV, baselines=[900,900,200] mV round=0 
[09:12:48.347] D [  main  ] configuring component: "OmnibusSigProc":"crm69sigproc69"
[09:12:48.351] W [sigproc ] <OmnibusSigProc:crm69sigproc69> The 'wiener_threshold_tag' is obsolete, thresholds in summary on 'wiener' tagged traces 
[09:12:48.352] D [sigproc ] <OmnibusSigProc:crm69sigproc69> config: internal channel map for tags: gauss:"gauss69", wiener:"wiener69", frame:"sigproc"
	pind0 lind0 aid69 fid0 pid0 cid59616 -> cid59901, cind0 -> cind285, (n=286)
	pind1 lind1 aid69 fid0 pid1 cid59902 -> cid60187, cind0 -> cind285, (n=286)
	pind2 lind2 aid69 fid0 pid2 cid60188 -> cid60479, cind0 -> cind291, (n=292)
 
[09:12:48.352] D [  main  ] configuring component: "DepoSetFilter":"ds-filter-switch-70"
[09:12:48.352] D [  gen   ] <DepoSetFilter:ds-filter-switch-70> face=0 bounds=[(-3250 3393.3 12034.1) --> (3250 5071.7 13523.2)] 
[09:12:48.352] D [  main  ] configuring component: "FrameSync":"frame-sync-switch-70"
[09:12:48.352] D [  main  ] configuring component: "DeposOrBust":"dorb-switch-70"
[09:12:48.352] D [  main  ] configuring component: "DepoTransform":"ductor70"
[09:12:48.353] D [  gen   ] <DepoTransform:ductor70> tick=0.5 us, start=-117.83536680306176 us, readin=4368 us, drift_speed=1.60563 mm/us 
[09:12:48.353] D [  main  ] configuring component: "Reframer":"reframer70"
[09:12:48.353] D [  gen   ] <Reframer:reframer70> using anode: "AnodePlane:crm70" 
[09:12:48.353] D [  main  ] configuring component: "AddNoise":"addnoisecrm70"
[09:12:48.353] D [  gen   ] <IncoherentAddNoise:addnoisecrm70> using noise model: "EmpiricalNoiseModel:empericalnoisemeganodes" 
[09:12:48.353] D [  main  ] configuring component: "Digitizer":"digitizer70"
[09:12:48.353] D [  gen   ] <Digitizer:digitizer70> tag="orig70", resolution=14 bits, maxvalue=16384 counts, gain=1, fullscale=[0,2000] mV, baselines=[900,900,200] mV round=0 
[09:12:48.353] D [  main  ] configuring component: "OmnibusSigProc":"crm70sigproc70"
[09:12:48.357] W [sigproc ] <OmnibusSigProc:crm70sigproc70> The 'wiener_threshold_tag' is obsolete, thresholds in summary on 'wiener' tagged traces 
[09:12:48.358] D [sigproc ] <OmnibusSigProc:crm70sigproc70> config: internal channel map for tags: gauss:"gauss70", wiener:"wiener70", frame:"sigproc"
	pind0 lind0 aid70 fid0 pid0 cid60480 -> cid60765, cind0 -> cind285, (n=286)
	pind1 lind1 aid70 fid0 pid1 cid60766 -> cid61051, cind0 -> cind285, (n=286)
	pind2 lind2 aid70 fid0 pid2 cid61052 -> cid61343, cind0 -> cind291, (n=292)
 
[09:12:48.358] D [  main  ] configuring component: "DepoSetFilter":"ds-filter-switch-71"
[09:12:48.358] D [  gen   ] <DepoSetFilter:ds-filter-switch-71> face=0 bounds=[(-3250 5072.3 12034.1) --> (3250 6750.7 13523.2)] 
[09:12:48.358] D [  main  ] configuring component: "FrameSync":"frame-sync-switch-71"
[09:12:48.358] D [  main  ] configuring component: "DeposOrBust":"dorb-switch-71"
[09:12:48.358] D [  main  ] configuring component: "DepoTransform":"ductor71"
[09:12:48.359] D [  gen   ] <DepoTransform:ductor71> tick=0.5 us, start=-117.83536680306176 us, readin=4368 us, drift_speed=1.60563 mm/us 
[09:12:48.359] D [  main  ] configuring component: "Reframer":"reframer71"
[09:12:48.359] D [  gen   ] <Reframer:reframer71> using anode: "AnodePlane:crm71" 
[09:12:48.359] D [  main  ] configuring component: "AddNoise":"addnoisecrm71"
[09:12:48.359] D [  gen   ] <IncoherentAddNoise:addnoisecrm71> using noise model: "EmpiricalNoiseModel:empericalnoisemeganodes" 
[09:12:48.359] D [  main  ] configuring component: "Digitizer":"digitizer71"
[09:12:48.359] D [  gen   ] <Digitizer:digitizer71> tag="orig71", resolution=14 bits, maxvalue=16384 counts, gain=1, fullscale=[0,2000] mV, baselines=[900,900,200] mV round=0 
[09:12:48.359] D [  main  ] configuring component: "OmnibusSigProc":"crm71sigproc71"
[09:12:48.363] W [sigproc ] <OmnibusSigProc:crm71sigproc71> The 'wiener_threshold_tag' is obsolete, thresholds in summary on 'wiener' tagged traces 
[09:12:48.364] D [sigproc ] <OmnibusSigProc:crm71sigproc71> config: internal channel map for tags: gauss:"gauss71", wiener:"wiener71", frame:"sigproc"
	pind0 lind0 aid71 fid0 pid0 cid61344 -> cid61629, cind0 -> cind285, (n=286)
	pind1 lind1 aid71 fid0 pid1 cid61630 -> cid61915, cind0 -> cind285, (n=286)
	pind2 lind2 aid71 fid0 pid2 cid61916 -> cid62207, cind0 -> cind291, (n=292)
 
[09:12:48.364] D [  main  ] configuring component: "DepoSetFilter":"ds-filter-switch-72"
[09:12:48.364] D [  gen   ] <DepoSetFilter:ds-filter-switch-72> face=0 bounds=[(-3250 -6750.7 13523.4) --> (3250 -5072.3 15012.5)] 
[09:12:48.364] D [  main  ] configuring component: "FrameSync":"frame-sync-switch-72"
[09:12:48.364] D [  main  ] configuring component: "DeposOrBust":"dorb-switch-72"
[09:12:48.365] D [  main  ] configuring component: "DepoTransform":"ductor72"
[09:12:48.365] D [  gen   ] <DepoTransform:ductor72> tick=0.5 us, start=-117.83536680306176 us, readin=4368 us, drift_speed=1.60563 mm/us 
[09:12:48.365] D [  main  ] configuring component: "Reframer":"reframer72"
[09:12:48.365] D [  gen   ] <Reframer:reframer72> using anode: "AnodePlane:crm72" 
[09:12:48.365] D [  main  ] configuring component: "AddNoise":"addnoisecrm72"
[09:12:48.365] D [  gen   ] <IncoherentAddNoise:addnoisecrm72> using noise model: "EmpiricalNoiseModel:empericalnoisemeganodes" 
[09:12:48.365] D [  main  ] configuring component: "Digitizer":"digitizer72"
[09:12:48.365] D [  gen   ] <Digitizer:digitizer72> tag="orig72", resolution=14 bits, maxvalue=16384 counts, gain=1, fullscale=[0,2000] mV, baselines=[900,900,200] mV round=0 
[09:12:48.365] D [  main  ] configuring component: "OmnibusSigProc":"crm72sigproc72"
[09:12:48.369] W [sigproc ] <OmnibusSigProc:crm72sigproc72> The 'wiener_threshold_tag' is obsolete, thresholds in summary on 'wiener' tagged traces 
[09:12:48.370] D [sigproc ] <OmnibusSigProc:crm72sigproc72> config: internal channel map for tags: gauss:"gauss72", wiener:"wiener72", frame:"sigproc"
	pind0 lind0 aid72 fid0 pid0 cid62208 -> cid62493, cind0 -> cind285, (n=286)
	pind1 lind1 aid72 fid0 pid1 cid62494 -> cid62779, cind0 -> cind285, (n=286)
	pind2 lind2 aid72 fid0 pid2 cid62780 -> cid63071, cind0 -> cind291, (n=292)
 
[09:12:48.371] D [  main  ] configuring component: "DepoSetFilter":"ds-filter-switch-73"
[09:12:48.371] D [  gen   ] <DepoSetFilter:ds-filter-switch-73> face=0 bounds=[(-3250 -5071.7 13523.4) --> (3250 -3393.3 15012.5)] 
[09:12:48.371] D [  main  ] configuring component: "FrameSync":"frame-sync-switch-73"
[09:12:48.371] D [  main  ] configuring component: "DeposOrBust":"dorb-switch-73"
[09:12:48.371] D [  main  ] configuring component: "DepoTransform":"ductor73"
[09:12:48.371] D [  gen   ] <DepoTransform:ductor73> tick=0.5 us, start=-117.83536680306176 us, readin=4368 us, drift_speed=1.60563 mm/us 
[09:12:48.371] D [  main  ] configuring component: "Reframer":"reframer73"
[09:12:48.371] D [  gen   ] <Reframer:reframer73> using anode: "AnodePlane:crm73" 
[09:12:48.371] D [  main  ] configuring component: "AddNoise":"addnoisecrm73"
[09:12:48.371] D [  gen   ] <IncoherentAddNoise:addnoisecrm73> using noise model: "EmpiricalNoiseModel:empericalnoisemeganodes" 
[09:12:48.371] D [  main  ] configuring component: "Digitizer":"digitizer73"
[09:12:48.372] D [  gen   ] <Digitizer:digitizer73> tag="orig73", resolution=14 bits, maxvalue=16384 counts, gain=1, fullscale=[0,2000] mV, baselines=[900,900,200] mV round=0 
[09:12:48.372] D [  main  ] configuring component: "OmnibusSigProc":"crm73sigproc73"
[09:12:48.375] W [sigproc ] <OmnibusSigProc:crm73sigproc73> The 'wiener_threshold_tag' is obsolete, thresholds in summary on 'wiener' tagged traces 
[09:12:48.377] D [sigproc ] <OmnibusSigProc:crm73sigproc73> config: internal channel map for tags: gauss:"gauss73", wiener:"wiener73", frame:"sigproc"
	pind0 lind0 aid73 fid0 pid0 cid63072 -> cid63357, cind0 -> cind285, (n=286)
	pind1 lind1 aid73 fid0 pid1 cid63358 -> cid63643, cind0 -> cind285, (n=286)
	pind2 lind2 aid73 fid0 pid2 cid63644 -> cid63935, cind0 -> cind291, (n=292)
 
[09:12:48.377] D [  main  ] configuring component: "DepoSetFilter":"ds-filter-switch-74"
[09:12:48.377] D [  gen   ] <DepoSetFilter:ds-filter-switch-74> face=0 bounds=[(-3250 -3375.7 13523.4) --> (3250 -1697.3 15012.5)] 
[09:12:48.377] D [  main  ] configuring component: "FrameSync":"frame-sync-switch-74"
[09:12:48.377] D [  main  ] configuring component: "DeposOrBust":"dorb-switch-74"
[09:12:48.377] D [  main  ] configuring component: "DepoTransform":"ductor74"
[09:12:48.377] D [  gen   ] <DepoTransform:ductor74> tick=0.5 us, start=-117.83536680306176 us, readin=4368 us, drift_speed=1.60563 mm/us 
[09:12:48.377] D [  main  ] configuring component: "Reframer":"reframer74"
[09:12:48.377] D [  gen   ] <Reframer:reframer74> using anode: "AnodePlane:crm74" 
[09:12:48.377] D [  main  ] configuring component: "AddNoise":"addnoisecrm74"
[09:12:48.377] D [  gen   ] <IncoherentAddNoise:addnoisecrm74> using noise model: "EmpiricalNoiseModel:empericalnoisemeganodes" 
[09:12:48.377] D [  main  ] configuring component: "Digitizer":"digitizer74"
[09:12:48.378] D [  gen   ] <Digitizer:digitizer74> tag="orig74", resolution=14 bits, maxvalue=16384 counts, gain=1, fullscale=[0,2000] mV, baselines=[900,900,200] mV round=0 
[09:12:48.378] D [  main  ] configuring component: "OmnibusSigProc":"crm74sigproc74"
[09:12:48.381] W [sigproc ] <OmnibusSigProc:crm74sigproc74> The 'wiener_threshold_tag' is obsolete, thresholds in summary on 'wiener' tagged traces 
[09:12:48.383] D [sigproc ] <OmnibusSigProc:crm74sigproc74> config: internal channel map for tags: gauss:"gauss74", wiener:"wiener74", frame:"sigproc"
	pind0 lind0 aid74 fid0 pid0 cid63936 -> cid64221, cind0 -> cind285, (n=286)
	pind1 lind1 aid74 fid0 pid1 cid64222 -> cid64507, cind0 -> cind285, (n=286)
	pind2 lind2 aid74 fid0 pid2 cid64508 -> cid64799, cind0 -> cind291, (n=292)
 
[09:12:48.383] D [  main  ] configuring component: "DepoSetFilter":"ds-filter-switch-75"
[09:12:48.383] D [  gen   ] <DepoSetFilter:ds-filter-switch-75> face=0 bounds=[(-3250 -1696.7 13523.4) --> (3250 -18.3009 15012.5)] 
[09:12:48.383] D [  main  ] configuring component: "FrameSync":"frame-sync-switch-75"
[09:12:48.383] D [  main  ] configuring component: "DeposOrBust":"dorb-switch-75"
[09:12:48.383] D [  main  ] configuring component: "DepoTransform":"ductor75"
[09:12:48.383] D [  gen   ] <DepoTransform:ductor75> tick=0.5 us, start=-117.83536680306176 us, readin=4368 us, drift_speed=1.60563 mm/us 
[09:12:48.383] D [  main  ] configuring component: "Reframer":"reframer75"
[09:12:48.383] D [  gen   ] <Reframer:reframer75> using anode: "AnodePlane:crm75" 
[09:12:48.383] D [  main  ] configuring component: "AddNoise":"addnoisecrm75"
[09:12:48.383] D [  gen   ] <IncoherentAddNoise:addnoisecrm75> using noise model: "EmpiricalNoiseModel:empericalnoisemeganodes" 
[09:12:48.383] D [  main  ] configuring component: "Digitizer":"digitizer75"
[09:12:48.384] D [  gen   ] <Digitizer:digitizer75> tag="orig75", resolution=14 bits, maxvalue=16384 counts, gain=1, fullscale=[0,2000] mV, baselines=[900,900,200] mV round=0 
[09:12:48.384] D [  main  ] configuring component: "OmnibusSigProc":"crm75sigproc75"
[09:12:48.387] W [sigproc ] <OmnibusSigProc:crm75sigproc75> The 'wiener_threshold_tag' is obsolete, thresholds in summary on 'wiener' tagged traces 
[09:12:48.389] D [sigproc ] <OmnibusSigProc:crm75sigproc75> config: internal channel map for tags: gauss:"gauss75", wiener:"wiener75", frame:"sigproc"
	pind0 lind0 aid75 fid0 pid0 cid64800 -> cid65085, cind0 -> cind285, (n=286)
	pind1 lind1 aid75 fid0 pid1 cid65086 -> cid65371, cind0 -> cind285, (n=286)
	pind2 lind2 aid75 fid0 pid2 cid65372 -> cid65663, cind0 -> cind291, (n=292)
 
[09:12:48.389] D [  main  ] configuring component: "DepoSetFilter":"ds-filter-switch-76"
[09:12:48.389] D [  gen   ] <DepoSetFilter:ds-filter-switch-76> face=0 bounds=[(-3250 18.3009 13523.4) --> (3250 1696.7 15012.5)] 
[09:12:48.389] D [  main  ] configuring component: "FrameSync":"frame-sync-switch-76"
[09:12:48.389] D [  main  ] configuring component: "DeposOrBust":"dorb-switch-76"
[09:12:48.389] D [  main  ] configuring component: "DepoTransform":"ductor76"
[09:12:48.389] D [  gen   ] <DepoTransform:ductor76> tick=0.5 us, start=-117.83536680306176 us, readin=4368 us, drift_speed=1.60563 mm/us 
[09:12:48.389] D [  main  ] configuring component: "Reframer":"reframer76"
[09:12:48.389] D [  gen   ] <Reframer:reframer76> using anode: "AnodePlane:crm76" 
[09:12:48.389] D [  main  ] configuring component: "AddNoise":"addnoisecrm76"
[09:12:48.389] D [  gen   ] <IncoherentAddNoise:addnoisecrm76> using noise model: "EmpiricalNoiseModel:empericalnoisemeganodes" 
[09:12:48.390] D [  main  ] configuring component: "Digitizer":"digitizer76"
[09:12:48.390] D [  gen   ] <Digitizer:digitizer76> tag="orig76", resolution=14 bits, maxvalue=16384 counts, gain=1, fullscale=[0,2000] mV, baselines=[900,900,200] mV round=0 
[09:12:48.390] D [  main  ] configuring component: "OmnibusSigProc":"crm76sigproc76"
[09:12:48.393] W [sigproc ] <OmnibusSigProc:crm76sigproc76> The 'wiener_threshold_tag' is obsolete, thresholds in summary on 'wiener' tagged traces 
[09:12:48.395] D [sigproc ] <OmnibusSigProc:crm76sigproc76> config: internal channel map for tags: gauss:"gauss76", wiener:"wiener76", frame:"sigproc"
	pind0 lind0 aid76 fid0 pid0 cid65664 -> cid65949, cind0 -> cind285, (n=286)
	pind1 lind1 aid76 fid0 pid1 cid65950 -> cid66235, cind0 -> cind285, (n=286)
	pind2 lind2 aid76 fid0 pid2 cid66236 -> cid66527, cind0 -> cind291, (n=292)
 
[09:12:48.395] D [  main  ] configuring component: "DepoSetFilter":"ds-filter-switch-77"
[09:12:48.395] D [  gen   ] <DepoSetFilter:ds-filter-switch-77> face=0 bounds=[(-3250 1697.3 13523.4) --> (3250 3375.7 15012.5)] 
[09:12:48.395] D [  main  ] configuring component: "FrameSync":"frame-sync-switch-77"
[09:12:48.395] D [  main  ] configuring component: "DeposOrBust":"dorb-switch-77"
[09:12:48.395] D [  main  ] configuring component: "DepoTransform":"ductor77"
[09:12:48.395] D [  gen   ] <DepoTransform:ductor77> tick=0.5 us, start=-117.83536680306176 us, readin=4368 us, drift_speed=1.60563 mm/us 
[09:12:48.395] D [  main  ] configuring component: "Reframer":"reframer77"
[09:12:48.395] D [  gen   ] <Reframer:reframer77> using anode: "AnodePlane:crm77" 
[09:12:48.396] D [  main  ] configuring component: "AddNoise":"addnoisecrm77"
[09:12:48.396] D [  gen   ] <IncoherentAddNoise:addnoisecrm77> using noise model: "EmpiricalNoiseModel:empericalnoisemeganodes" 
[09:12:48.396] D [  main  ] configuring component: "Digitizer":"digitizer77"
[09:12:48.396] D [  gen   ] <Digitizer:digitizer77> tag="orig77", resolution=14 bits, maxvalue=16384 counts, gain=1, fullscale=[0,2000] mV, baselines=[900,900,200] mV round=0 
[09:12:48.396] D [  main  ] configuring component: "OmnibusSigProc":"crm77sigproc77"
[09:12:48.399] W [sigproc ] <OmnibusSigProc:crm77sigproc77> The 'wiener_threshold_tag' is obsolete, thresholds in summary on 'wiener' tagged traces 
[09:12:48.401] D [sigproc ] <OmnibusSigProc:crm77sigproc77> config: internal channel map for tags: gauss:"gauss77", wiener:"wiener77", frame:"sigproc"
	pind0 lind0 aid77 fid0 pid0 cid66528 -> cid66813, cind0 -> cind285, (n=286)
	pind1 lind1 aid77 fid0 pid1 cid66814 -> cid67099, cind0 -> cind285, (n=286)
	pind2 lind2 aid77 fid0 pid2 cid67100 -> cid67391, cind0 -> cind291, (n=292)
 
[09:12:48.401] D [  main  ] configuring component: "DepoSetFilter":"ds-filter-switch-78"
[09:12:48.401] D [  gen   ] <DepoSetFilter:ds-filter-switch-78> face=0 bounds=[(-3250 3393.3 13523.4) --> (3250 5071.7 15012.5)] 
[09:12:48.401] D [  main  ] configuring component: "FrameSync":"frame-sync-switch-78"
[09:12:48.401] D [  main  ] configuring component: "DeposOrBust":"dorb-switch-78"
[09:12:48.401] D [  main  ] configuring component: "DepoTransform":"ductor78"
[09:12:48.401] D [  gen   ] <DepoTransform:ductor78> tick=0.5 us, start=-117.83536680306176 us, readin=4368 us, drift_speed=1.60563 mm/us 
[09:12:48.401] D [  main  ] configuring component: "Reframer":"reframer78"
[09:12:48.402] D [  gen   ] <Reframer:reframer78> using anode: "AnodePlane:crm78" 
[09:12:48.402] D [  main  ] configuring component: "AddNoise":"addnoisecrm78"
[09:12:48.402] D [  gen   ] <IncoherentAddNoise:addnoisecrm78> using noise model: "EmpiricalNoiseModel:empericalnoisemeganodes" 
[09:12:48.402] D [  main  ] configuring component: "Digitizer":"digitizer78"
[09:12:48.402] D [  gen   ] <Digitizer:digitizer78> tag="orig78", resolution=14 bits, maxvalue=16384 counts, gain=1, fullscale=[0,2000] mV, baselines=[900,900,200] mV round=0 
[09:12:48.402] D [  main  ] configuring component: "OmnibusSigProc":"crm78sigproc78"
[09:12:48.405] W [sigproc ] <OmnibusSigProc:crm78sigproc78> The 'wiener_threshold_tag' is obsolete, thresholds in summary on 'wiener' tagged traces 
[09:12:48.407] D [sigproc ] <OmnibusSigProc:crm78sigproc78> config: internal channel map for tags: gauss:"gauss78", wiener:"wiener78", frame:"sigproc"
	pind0 lind0 aid78 fid0 pid0 cid67392 -> cid67677, cind0 -> cind285, (n=286)
	pind1 lind1 aid78 fid0 pid1 cid67678 -> cid67963, cind0 -> cind285, (n=286)
	pind2 lind2 aid78 fid0 pid2 cid67964 -> cid68255, cind0 -> cind291, (n=292)
 
[09:12:48.407] D [  main  ] configuring component: "DepoSetFilter":"ds-filter-switch-79"
[09:12:48.407] D [  gen   ] <DepoSetFilter:ds-filter-switch-79> face=0 bounds=[(-3250 5072.3 13523.4) --> (3250 6750.7 15012.5)] 
[09:12:48.407] D [  main  ] configuring component: "FrameSync":"frame-sync-switch-79"
[09:12:48.407] D [  main  ] configuring component: "DeposOrBust":"dorb-switch-79"
[09:12:48.407] D [  main  ] configuring component: "DepoTransform":"ductor79"
[09:12:48.408] D [  gen   ] <DepoTransform:ductor79> tick=0.5 us, start=-117.83536680306176 us, readin=4368 us, drift_speed=1.60563 mm/us 
[09:12:48.408] D [  main  ] configuring component: "Reframer":"reframer79"
[09:12:48.408] D [  gen   ] <Reframer:reframer79> using anode: "AnodePlane:crm79" 
[09:12:48.408] D [  main  ] configuring component: "AddNoise":"addnoisecrm79"
[09:12:48.408] D [  gen   ] <IncoherentAddNoise:addnoisecrm79> using noise model: "EmpiricalNoiseModel:empericalnoisemeganodes" 
[09:12:48.408] D [  main  ] configuring component: "Digitizer":"digitizer79"
[09:12:48.408] D [  gen   ] <Digitizer:digitizer79> tag="orig79", resolution=14 bits, maxvalue=16384 counts, gain=1, fullscale=[0,2000] mV, baselines=[900,900,200] mV round=0 
[09:12:48.408] D [  main  ] configuring component: "OmnibusSigProc":"crm79sigproc79"
[09:12:48.412] W [sigproc ] <OmnibusSigProc:crm79sigproc79> The 'wiener_threshold_tag' is obsolete, thresholds in summary on 'wiener' tagged traces 
[09:12:48.413] D [sigproc ] <OmnibusSigProc:crm79sigproc79> config: internal channel map for tags: gauss:"gauss79", wiener:"wiener79", frame:"sigproc"
	pind0 lind0 aid79 fid0 pid0 cid68256 -> cid68541, cind0 -> cind285, (n=286)
	pind1 lind1 aid79 fid0 pid1 cid68542 -> cid68827, cind0 -> cind285, (n=286)
	pind2 lind2 aid79 fid0 pid2 cid68828 -> cid69119, cind0 -> cind291, (n=292)
 
[09:12:48.413] D [  main  ] configuring component: "DepoSetFilter":"ds-filter-switch-80"
[09:12:48.413] D [  gen   ] <DepoSetFilter:ds-filter-switch-80> face=0 bounds=[(-3250 -6750.7 15029.5) --> (3250 -5072.3 16518.6)] 
[09:12:48.413] D [  main  ] configuring component: "FrameSync":"frame-sync-switch-80"
[09:12:48.413] D [  main  ] configuring component: "DeposOrBust":"dorb-switch-80"
[09:12:48.414] D [  main  ] configuring component: "DepoTransform":"ductor80"
[09:12:48.414] D [  gen   ] <DepoTransform:ductor80> tick=0.5 us, start=-117.83536680306176 us, readin=4368 us, drift_speed=1.60563 mm/us 
[09:12:48.414] D [  main  ] configuring component: "Reframer":"reframer80"
[09:12:48.414] D [  gen   ] <Reframer:reframer80> using anode: "AnodePlane:crm80" 
[09:12:48.414] D [  main  ] configuring component: "AddNoise":"addnoisecrm80"
[09:12:48.414] D [  gen   ] <IncoherentAddNoise:addnoisecrm80> using noise model: "EmpiricalNoiseModel:empericalnoisemeganodes" 
[09:12:48.414] D [  main  ] configuring component: "Digitizer":"digitizer80"
[09:12:48.414] D [  gen   ] <Digitizer:digitizer80> tag="orig80", resolution=14 bits, maxvalue=16384 counts, gain=1, fullscale=[0,2000] mV, baselines=[900,900,200] mV round=0 
[09:12:48.414] D [  main  ] configuring component: "OmnibusSigProc":"crm80sigproc80"
[09:12:48.418] W [sigproc ] <OmnibusSigProc:crm80sigproc80> The 'wiener_threshold_tag' is obsolete, thresholds in summary on 'wiener' tagged traces 
[09:12:48.419] D [sigproc ] <OmnibusSigProc:crm80sigproc80> config: internal channel map for tags: gauss:"gauss80", wiener:"wiener80", frame:"sigproc"
	pind0 lind0 aid80 fid0 pid0 cid69120 -> cid69405, cind0 -> cind285, (n=286)
	pind1 lind1 aid80 fid0 pid1 cid69406 -> cid69691, cind0 -> cind285, (n=286)
	pind2 lind2 aid80 fid0 pid2 cid69692 -> cid69983, cind0 -> cind291, (n=292)
 
[09:12:48.420] D [  main  ] configuring component: "DepoSetFilter":"ds-filter-switch-81"
[09:12:48.420] D [  gen   ] <DepoSetFilter:ds-filter-switch-81> face=0 bounds=[(-3250 -5071.7 15029.5) --> (3250 -3393.3 16518.6)] 
[09:12:48.420] D [  main  ] configuring component: "FrameSync":"frame-sync-switch-81"
[09:12:48.420] D [  main  ] configuring component: "DeposOrBust":"dorb-switch-81"
[09:12:48.420] D [  main  ] configuring component: "DepoTransform":"ductor81"
[09:12:48.420] D [  gen   ] <DepoTransform:ductor81> tick=0.5 us, start=-117.83536680306176 us, readin=4368 us, drift_speed=1.60563 mm/us 
[09:12:48.420] D [  main  ] configuring component: "Reframer":"reframer81"
[09:12:48.420] D [  gen   ] <Reframer:reframer81> using anode: "AnodePlane:crm81" 
[09:12:48.420] D [  main  ] configuring component: "AddNoise":"addnoisecrm81"
[09:12:48.420] D [  gen   ] <IncoherentAddNoise:addnoisecrm81> using noise model: "EmpiricalNoiseModel:empericalnoisemeganodes" 
[09:12:48.420] D [  main  ] configuring component: "Digitizer":"digitizer81"
[09:12:48.421] D [  gen   ] <Digitizer:digitizer81> tag="orig81", resolution=14 bits, maxvalue=16384 counts, gain=1, fullscale=[0,2000] mV, baselines=[900,900,200] mV round=0 
[09:12:48.421] D [  main  ] configuring component: "OmnibusSigProc":"crm81sigproc81"
[09:12:48.424] W [sigproc ] <OmnibusSigProc:crm81sigproc81> The 'wiener_threshold_tag' is obsolete, thresholds in summary on 'wiener' tagged traces 
[09:12:48.426] D [sigproc ] <OmnibusSigProc:crm81sigproc81> config: internal channel map for tags: gauss:"gauss81", wiener:"wiener81", frame:"sigproc"
	pind0 lind0 aid81 fid0 pid0 cid69984 -> cid70269, cind0 -> cind285, (n=286)
	pind1 lind1 aid81 fid0 pid1 cid70270 -> cid70555, cind0 -> cind285, (n=286)
	pind2 lind2 aid81 fid0 pid2 cid70556 -> cid70847, cind0 -> cind291, (n=292)
 
[09:12:48.426] D [  main  ] configuring component: "DepoSetFilter":"ds-filter-switch-82"
[09:12:48.426] D [  gen   ] <DepoSetFilter:ds-filter-switch-82> face=0 bounds=[(-3250 -3375.7 15029.5) --> (3250 -1697.3 16518.6)] 
[09:12:48.426] D [  main  ] configuring component: "FrameSync":"frame-sync-switch-82"
[09:12:48.426] D [  main  ] configuring component: "DeposOrBust":"dorb-switch-82"
[09:12:48.426] D [  main  ] configuring component: "DepoTransform":"ductor82"
[09:12:48.426] D [  gen   ] <DepoTransform:ductor82> tick=0.5 us, start=-117.83536680306176 us, readin=4368 us, drift_speed=1.60563 mm/us 
[09:12:48.426] D [  main  ] configuring component: "Reframer":"reframer82"
[09:12:48.426] D [  gen   ] <Reframer:reframer82> using anode: "AnodePlane:crm82" 
[09:12:48.427] D [  main  ] configuring component: "AddNoise":"addnoisecrm82"
[09:12:48.427] D [  gen   ] <IncoherentAddNoise:addnoisecrm82> using noise model: "EmpiricalNoiseModel:empericalnoisemeganodes" 
[09:12:48.427] D [  main  ] configuring component: "Digitizer":"digitizer82"
[09:12:48.427] D [  gen   ] <Digitizer:digitizer82> tag="orig82", resolution=14 bits, maxvalue=16384 counts, gain=1, fullscale=[0,2000] mV, baselines=[900,900,200] mV round=0 
[09:12:48.427] D [  main  ] configuring component: "OmnibusSigProc":"crm82sigproc82"
[09:12:48.430] W [sigproc ] <OmnibusSigProc:crm82sigproc82> The 'wiener_threshold_tag' is obsolete, thresholds in summary on 'wiener' tagged traces 
[09:12:48.432] D [sigproc ] <OmnibusSigProc:crm82sigproc82> config: internal channel map for tags: gauss:"gauss82", wiener:"wiener82", frame:"sigproc"
	pind0 lind0 aid82 fid0 pid0 cid70848 -> cid71133, cind0 -> cind285, (n=286)
	pind1 lind1 aid82 fid0 pid1 cid71134 -> cid71419, cind0 -> cind285, (n=286)
	pind2 lind2 aid82 fid0 pid2 cid71420 -> cid71711, cind0 -> cind291, (n=292)
 
[09:12:48.432] D [  main  ] configuring component: "DepoSetFilter":"ds-filter-switch-83"
[09:12:48.432] D [  gen   ] <DepoSetFilter:ds-filter-switch-83> face=0 bounds=[(-3250 -1696.7 15029.5) --> (3250 -18.3008 16518.6)] 
[09:12:48.432] D [  main  ] configuring component: "FrameSync":"frame-sync-switch-83"
[09:12:48.432] D [  main  ] configuring component: "DeposOrBust":"dorb-switch-83"
[09:12:48.432] D [  main  ] configuring component: "DepoTransform":"ductor83"
[09:12:48.432] D [  gen   ] <DepoTransform:ductor83> tick=0.5 us, start=-117.83536680306176 us, readin=4368 us, drift_speed=1.60563 mm/us 
[09:12:48.433] D [  main  ] configuring component: "Reframer":"reframer83"
[09:12:48.433] D [  gen   ] <Reframer:reframer83> using anode: "AnodePlane:crm83" 
[09:12:48.433] D [  main  ] configuring component: "AddNoise":"addnoisecrm83"
[09:12:48.433] D [  gen   ] <IncoherentAddNoise:addnoisecrm83> using noise model: "EmpiricalNoiseModel:empericalnoisemeganodes" 
[09:12:48.433] D [  main  ] configuring component: "Digitizer":"digitizer83"
[09:12:48.433] D [  gen   ] <Digitizer:digitizer83> tag="orig83", resolution=14 bits, maxvalue=16384 counts, gain=1, fullscale=[0,2000] mV, baselines=[900,900,200] mV round=0 
[09:12:48.433] D [  main  ] configuring component: "OmnibusSigProc":"crm83sigproc83"
[09:12:48.436] W [sigproc ] <OmnibusSigProc:crm83sigproc83> The 'wiener_threshold_tag' is obsolete, thresholds in summary on 'wiener' tagged traces 
[09:12:48.438] D [sigproc ] <OmnibusSigProc:crm83sigproc83> config: internal channel map for tags: gauss:"gauss83", wiener:"wiener83", frame:"sigproc"
	pind0 lind0 aid83 fid0 pid0 cid71712 -> cid71997, cind0 -> cind285, (n=286)
	pind1 lind1 aid83 fid0 pid1 cid71998 -> cid72283, cind0 -> cind285, (n=286)
	pind2 lind2 aid83 fid0 pid2 cid72284 -> cid72575, cind0 -> cind291, (n=292)
 
[09:12:48.438] D [  main  ] configuring component: "DepoSetFilter":"ds-filter-switch-84"
[09:12:48.438] D [  gen   ] <DepoSetFilter:ds-filter-switch-84> face=0 bounds=[(-3250 18.3008 15029.5) --> (3250 1696.7 16518.6)] 
[09:12:48.438] D [  main  ] configuring component: "FrameSync":"frame-sync-switch-84"
[09:12:48.438] D [  main  ] configuring component: "DeposOrBust":"dorb-switch-84"
[09:12:48.438] D [  main  ] configuring component: "DepoTransform":"ductor84"
[09:12:48.439] D [  gen   ] <DepoTransform:ductor84> tick=0.5 us, start=-117.83536680306176 us, readin=4368 us, drift_speed=1.60563 mm/us 
[09:12:48.439] D [  main  ] configuring component: "Reframer":"reframer84"
[09:12:48.439] D [  gen   ] <Reframer:reframer84> using anode: "AnodePlane:crm84" 
[09:12:48.439] D [  main  ] configuring component: "AddNoise":"addnoisecrm84"
[09:12:48.439] D [  gen   ] <IncoherentAddNoise:addnoisecrm84> using noise model: "EmpiricalNoiseModel:empericalnoisemeganodes" 
[09:12:48.439] D [  main  ] configuring component: "Digitizer":"digitizer84"
[09:12:48.439] D [  gen   ] <Digitizer:digitizer84> tag="orig84", resolution=14 bits, maxvalue=16384 counts, gain=1, fullscale=[0,2000] mV, baselines=[900,900,200] mV round=0 
[09:12:48.439] D [  main  ] configuring component: "OmnibusSigProc":"crm84sigproc84"
[09:12:48.443] W [sigproc ] <OmnibusSigProc:crm84sigproc84> The 'wiener_threshold_tag' is obsolete, thresholds in summary on 'wiener' tagged traces 
[09:12:48.444] D [sigproc ] <OmnibusSigProc:crm84sigproc84> config: internal channel map for tags: gauss:"gauss84", wiener:"wiener84", frame:"sigproc"
	pind0 lind0 aid84 fid0 pid0 cid72576 -> cid72861, cind0 -> cind285, (n=286)
	pind1 lind1 aid84 fid0 pid1 cid72862 -> cid73147, cind0 -> cind285, (n=286)
	pind2 lind2 aid84 fid0 pid2 cid73148 -> cid73439, cind0 -> cind291, (n=292)
 
[09:12:48.445] D [  main  ] configuring component: "DepoSetFilter":"ds-filter-switch-85"
[09:12:48.445] D [  gen   ] <DepoSetFilter:ds-filter-switch-85> face=0 bounds=[(-3250 1697.3 15029.5) --> (3250 3375.7 16518.6)] 
[09:12:48.445] D [  main  ] configuring component: "FrameSync":"frame-sync-switch-85"
[09:12:48.445] D [  main  ] configuring component: "DeposOrBust":"dorb-switch-85"
[09:12:48.445] D [  main  ] configuring component: "DepoTransform":"ductor85"
[09:12:48.445] D [  gen   ] <DepoTransform:ductor85> tick=0.5 us, start=-117.83536680306176 us, readin=4368 us, drift_speed=1.60563 mm/us 
[09:12:48.445] D [  main  ] configuring component: "Reframer":"reframer85"
[09:12:48.445] D [  gen   ] <Reframer:reframer85> using anode: "AnodePlane:crm85" 
[09:12:48.445] D [  main  ] configuring component: "AddNoise":"addnoisecrm85"
[09:12:48.445] D [  gen   ] <IncoherentAddNoise:addnoisecrm85> using noise model: "EmpiricalNoiseModel:empericalnoisemeganodes" 
[09:12:48.445] D [  main  ] configuring component: "Digitizer":"digitizer85"
[09:12:48.446] D [  gen   ] <Digitizer:digitizer85> tag="orig85", resolution=14 bits, maxvalue=16384 counts, gain=1, fullscale=[0,2000] mV, baselines=[900,900,200] mV round=0 
[09:12:48.446] D [  main  ] configuring component: "OmnibusSigProc":"crm85sigproc85"
[09:12:48.449] W [sigproc ] <OmnibusSigProc:crm85sigproc85> The 'wiener_threshold_tag' is obsolete, thresholds in summary on 'wiener' tagged traces 
[09:12:48.451] D [sigproc ] <OmnibusSigProc:crm85sigproc85> config: internal channel map for tags: gauss:"gauss85", wiener:"wiener85", frame:"sigproc"
	pind0 lind0 aid85 fid0 pid0 cid73440 -> cid73725, cind0 -> cind285, (n=286)
	pind1 lind1 aid85 fid0 pid1 cid73726 -> cid74011, cind0 -> cind285, (n=286)
	pind2 lind2 aid85 fid0 pid2 cid74012 -> cid74303, cind0 -> cind291, (n=292)
 
[09:12:48.451] D [  main  ] configuring component: "DepoSetFilter":"ds-filter-switch-86"
[09:12:48.451] D [  gen   ] <DepoSetFilter:ds-filter-switch-86> face=0 bounds=[(-3250 3393.3 15029.5) --> (3250 5071.7 16518.6)] 
[09:12:48.451] D [  main  ] configuring component: "FrameSync":"frame-sync-switch-86"
[09:12:48.451] D [  main  ] configuring component: "DeposOrBust":"dorb-switch-86"
[09:12:48.451] D [  main  ] configuring component: "DepoTransform":"ductor86"
[09:12:48.451] D [  gen   ] <DepoTransform:ductor86> tick=0.5 us, start=-117.83536680306176 us, readin=4368 us, drift_speed=1.60563 mm/us 
[09:12:48.451] D [  main  ] configuring component: "Reframer":"reframer86"
[09:12:48.451] D [  gen   ] <Reframer:reframer86> using anode: "AnodePlane:crm86" 
[09:12:48.451] D [  main  ] configuring component: "AddNoise":"addnoisecrm86"
[09:12:48.451] D [  gen   ] <IncoherentAddNoise:addnoisecrm86> using noise model: "EmpiricalNoiseModel:empericalnoisemeganodes" 
[09:12:48.451] D [  main  ] configuring component: "Digitizer":"digitizer86"
[09:12:48.452] D [  gen   ] <Digitizer:digitizer86> tag="orig86", resolution=14 bits, maxvalue=16384 counts, gain=1, fullscale=[0,2000] mV, baselines=[900,900,200] mV round=0 
[09:12:48.452] D [  main  ] configuring component: "OmnibusSigProc":"crm86sigproc86"
[09:12:48.455] W [sigproc ] <OmnibusSigProc:crm86sigproc86> The 'wiener_threshold_tag' is obsolete, thresholds in summary on 'wiener' tagged traces 
[09:12:48.457] D [sigproc ] <OmnibusSigProc:crm86sigproc86> config: internal channel map for tags: gauss:"gauss86", wiener:"wiener86", frame:"sigproc"
	pind0 lind0 aid86 fid0 pid0 cid74304 -> cid74589, cind0 -> cind285, (n=286)
	pind1 lind1 aid86 fid0 pid1 cid74590 -> cid74875, cind0 -> cind285, (n=286)
	pind2 lind2 aid86 fid0 pid2 cid74876 -> cid75167, cind0 -> cind291, (n=292)
 
[09:12:48.457] D [  main  ] configuring component: "DepoSetFilter":"ds-filter-switch-87"
[09:12:48.457] D [  gen   ] <DepoSetFilter:ds-filter-switch-87> face=0 bounds=[(-3250 5072.3 15029.5) --> (3250 6750.7 16518.6)] 
[09:12:48.457] D [  main  ] configuring component: "FrameSync":"frame-sync-switch-87"
[09:12:48.457] D [  main  ] configuring component: "DeposOrBust":"dorb-switch-87"
[09:12:48.457] D [  main  ] configuring component: "DepoTransform":"ductor87"
[09:12:48.457] D [  gen   ] <DepoTransform:ductor87> tick=0.5 us, start=-117.83536680306176 us, readin=4368 us, drift_speed=1.60563 mm/us 
[09:12:48.457] D [  main  ] configuring component: "Reframer":"reframer87"
[09:12:48.457] D [  gen   ] <Reframer:reframer87> using anode: "AnodePlane:crm87" 
[09:12:48.457] D [  main  ] configuring component: "AddNoise":"addnoisecrm87"
[09:12:48.457] D [  gen   ] <IncoherentAddNoise:addnoisecrm87> using noise model: "EmpiricalNoiseModel:empericalnoisemeganodes" 
[09:12:48.458] D [  main  ] configuring component: "Digitizer":"digitizer87"
[09:12:48.458] D [  gen   ] <Digitizer:digitizer87> tag="orig87", resolution=14 bits, maxvalue=16384 counts, gain=1, fullscale=[0,2000] mV, baselines=[900,900,200] mV round=0 
[09:12:48.458] D [  main  ] configuring component: "OmnibusSigProc":"crm87sigproc87"
[09:12:48.461] W [sigproc ] <OmnibusSigProc:crm87sigproc87> The 'wiener_threshold_tag' is obsolete, thresholds in summary on 'wiener' tagged traces 
[09:12:48.463] D [sigproc ] <OmnibusSigProc:crm87sigproc87> config: internal channel map for tags: gauss:"gauss87", wiener:"wiener87", frame:"sigproc"
	pind0 lind0 aid87 fid0 pid0 cid75168 -> cid75453, cind0 -> cind285, (n=286)
	pind1 lind1 aid87 fid0 pid1 cid75454 -> cid75739, cind0 -> cind285, (n=286)
	pind2 lind2 aid87 fid0 pid2 cid75740 -> cid76031, cind0 -> cind291, (n=292)
 
[09:12:48.463] D [  main  ] configuring component: "DepoSetFilter":"ds-filter-switch-88"
[09:12:48.463] D [  gen   ] <DepoSetFilter:ds-filter-switch-88> face=0 bounds=[(-3250 -6750.7 16518.7) --> (3250 -5072.3 18007.9)] 
[09:12:48.463] D [  main  ] configuring component: "FrameSync":"frame-sync-switch-88"
[09:12:48.463] D [  main  ] configuring component: "DeposOrBust":"dorb-switch-88"
[09:12:48.463] D [  main  ] configuring component: "DepoTransform":"ductor88"
[09:12:48.463] D [  gen   ] <DepoTransform:ductor88> tick=0.5 us, start=-117.83536680306176 us, readin=4368 us, drift_speed=1.60563 mm/us 
[09:12:48.463] D [  main  ] configuring component: "Reframer":"reframer88"
[09:12:48.463] D [  gen   ] <Reframer:reframer88> using anode: "AnodePlane:crm88" 
[09:12:48.464] D [  main  ] configuring component: "AddNoise":"addnoisecrm88"
[09:12:48.464] D [  gen   ] <IncoherentAddNoise:addnoisecrm88> using noise model: "EmpiricalNoiseModel:empericalnoisemeganodes" 
[09:12:48.464] D [  main  ] configuring component: "Digitizer":"digitizer88"
[09:12:48.464] D [  gen   ] <Digitizer:digitizer88> tag="orig88", resolution=14 bits, maxvalue=16384 counts, gain=1, fullscale=[0,2000] mV, baselines=[900,900,200] mV round=0 
[09:12:48.464] D [  main  ] configuring component: "OmnibusSigProc":"crm88sigproc88"
[09:12:48.467] W [sigproc ] <OmnibusSigProc:crm88sigproc88> The 'wiener_threshold_tag' is obsolete, thresholds in summary on 'wiener' tagged traces 
[09:12:48.469] D [sigproc ] <OmnibusSigProc:crm88sigproc88> config: internal channel map for tags: gauss:"gauss88", wiener:"wiener88", frame:"sigproc"
	pind0 lind0 aid88 fid0 pid0 cid76032 -> cid76317, cind0 -> cind285, (n=286)
	pind1 lind1 aid88 fid0 pid1 cid76318 -> cid76603, cind0 -> cind285, (n=286)
	pind2 lind2 aid88 fid0 pid2 cid76604 -> cid76895, cind0 -> cind291, (n=292)
 
[09:12:48.469] D [  main  ] configuring component: "DepoSetFilter":"ds-filter-switch-89"
[09:12:48.469] D [  gen   ] <DepoSetFilter:ds-filter-switch-89> face=0 bounds=[(-3250 -5071.7 16518.7) --> (3250 -3393.3 18007.9)] 
[09:12:48.469] D [  main  ] configuring component: "FrameSync":"frame-sync-switch-89"
[09:12:48.469] D [  main  ] configuring component: "DeposOrBust":"dorb-switch-89"
[09:12:48.469] D [  main  ] configuring component: "DepoTransform":"ductor89"
[09:12:48.470] D [  gen   ] <DepoTransform:ductor89> tick=0.5 us, start=-117.83536680306176 us, readin=4368 us, drift_speed=1.60563 mm/us 
[09:12:48.470] D [  main  ] configuring component: "Reframer":"reframer89"
[09:12:48.470] D [  gen   ] <Reframer:reframer89> using anode: "AnodePlane:crm89" 
[09:12:48.470] D [  main  ] configuring component: "AddNoise":"addnoisecrm89"
[09:12:48.470] D [  gen   ] <IncoherentAddNoise:addnoisecrm89> using noise model: "EmpiricalNoiseModel:empericalnoisemeganodes" 
[09:12:48.470] D [  main  ] configuring component: "Digitizer":"digitizer89"
[09:12:48.470] D [  gen   ] <Digitizer:digitizer89> tag="orig89", resolution=14 bits, maxvalue=16384 counts, gain=1, fullscale=[0,2000] mV, baselines=[900,900,200] mV round=0 
[09:12:48.470] D [  main  ] configuring component: "OmnibusSigProc":"crm89sigproc89"
[09:12:48.474] W [sigproc ] <OmnibusSigProc:crm89sigproc89> The 'wiener_threshold_tag' is obsolete, thresholds in summary on 'wiener' tagged traces 
[09:12:48.475] D [sigproc ] <OmnibusSigProc:crm89sigproc89> config: internal channel map for tags: gauss:"gauss89", wiener:"wiener89", frame:"sigproc"
	pind0 lind0 aid89 fid0 pid0 cid76896 -> cid77181, cind0 -> cind285, (n=286)
	pind1 lind1 aid89 fid0 pid1 cid77182 -> cid77467, cind0 -> cind285, (n=286)
	pind2 lind2 aid89 fid0 pid2 cid77468 -> cid77759, cind0 -> cind291, (n=292)
 
[09:12:48.475] D [  main  ] configuring component: "DepoSetFilter":"ds-filter-switch-90"
[09:12:48.475] D [  gen   ] <DepoSetFilter:ds-filter-switch-90> face=0 bounds=[(-3250 -3375.7 16518.7) --> (3250 -1697.3 18007.9)] 
[09:12:48.476] D [  main  ] configuring component: "FrameSync":"frame-sync-switch-90"
[09:12:48.476] D [  main  ] configuring component: "DeposOrBust":"dorb-switch-90"
[09:12:48.476] D [  main  ] configuring component: "DepoTransform":"ductor90"
[09:12:48.476] D [  gen   ] <DepoTransform:ductor90> tick=0.5 us, start=-117.83536680306176 us, readin=4368 us, drift_speed=1.60563 mm/us 
[09:12:48.476] D [  main  ] configuring component: "Reframer":"reframer90"
[09:12:48.476] D [  gen   ] <Reframer:reframer90> using anode: "AnodePlane:crm90" 
[09:12:48.476] D [  main  ] configuring component: "AddNoise":"addnoisecrm90"
[09:12:48.476] D [  gen   ] <IncoherentAddNoise:addnoisecrm90> using noise model: "EmpiricalNoiseModel:empericalnoisemeganodes" 
[09:12:48.476] D [  main  ] configuring component: "Digitizer":"digitizer90"
[09:12:48.476] D [  gen   ] <Digitizer:digitizer90> tag="orig90", resolution=14 bits, maxvalue=16384 counts, gain=1, fullscale=[0,2000] mV, baselines=[900,900,200] mV round=0 
[09:12:48.476] D [  main  ] configuring component: "OmnibusSigProc":"crm90sigproc90"
[09:12:48.480] W [sigproc ] <OmnibusSigProc:crm90sigproc90> The 'wiener_threshold_tag' is obsolete, thresholds in summary on 'wiener' tagged traces 
[09:12:48.481] D [sigproc ] <OmnibusSigProc:crm90sigproc90> config: internal channel map for tags: gauss:"gauss90", wiener:"wiener90", frame:"sigproc"
	pind0 lind0 aid90 fid0 pid0 cid77760 -> cid78045, cind0 -> cind285, (n=286)
	pind1 lind1 aid90 fid0 pid1 cid78046 -> cid78331, cind0 -> cind285, (n=286)
	pind2 lind2 aid90 fid0 pid2 cid78332 -> cid78623, cind0 -> cind291, (n=292)
 
[09:12:48.482] D [  main  ] configuring component: "DepoSetFilter":"ds-filter-switch-91"
[09:12:48.482] D [  gen   ] <DepoSetFilter:ds-filter-switch-91> face=0 bounds=[(-3250 -1696.7 16518.7) --> (3250 -18.3009 18007.9)] 
[09:12:48.482] D [  main  ] configuring component: "FrameSync":"frame-sync-switch-91"
[09:12:48.482] D [  main  ] configuring component: "DeposOrBust":"dorb-switch-91"
[09:12:48.482] D [  main  ] configuring component: "DepoTransform":"ductor91"
[09:12:48.482] D [  gen   ] <DepoTransform:ductor91> tick=0.5 us, start=-117.83536680306176 us, readin=4368 us, drift_speed=1.60563 mm/us 
[09:12:48.482] D [  main  ] configuring component: "Reframer":"reframer91"
[09:12:48.482] D [  gen   ] <Reframer:reframer91> using anode: "AnodePlane:crm91" 
[09:12:48.482] D [  main  ] configuring component: "AddNoise":"addnoisecrm91"
[09:12:48.482] D [  gen   ] <IncoherentAddNoise:addnoisecrm91> using noise model: "EmpiricalNoiseModel:empericalnoisemeganodes" 
[09:12:48.482] D [  main  ] configuring component: "Digitizer":"digitizer91"
[09:12:48.483] D [  gen   ] <Digitizer:digitizer91> tag="orig91", resolution=14 bits, maxvalue=16384 counts, gain=1, fullscale=[0,2000] mV, baselines=[900,900,200] mV round=0 
[09:12:48.483] D [  main  ] configuring component: "OmnibusSigProc":"crm91sigproc91"
[09:12:48.486] W [sigproc ] <OmnibusSigProc:crm91sigproc91> The 'wiener_threshold_tag' is obsolete, thresholds in summary on 'wiener' tagged traces 
[09:12:48.488] D [sigproc ] <OmnibusSigProc:crm91sigproc91> config: internal channel map for tags: gauss:"gauss91", wiener:"wiener91", frame:"sigproc"
	pind0 lind0 aid91 fid0 pid0 cid78624 -> cid78909, cind0 -> cind285, (n=286)
	pind1 lind1 aid91 fid0 pid1 cid78910 -> cid79195, cind0 -> cind285, (n=286)
	pind2 lind2 aid91 fid0 pid2 cid79196 -> cid79487, cind0 -> cind291, (n=292)
 
[09:12:48.488] D [  main  ] configuring component: "DepoSetFilter":"ds-filter-switch-92"
[09:12:48.488] D [  gen   ] <DepoSetFilter:ds-filter-switch-92> face=0 bounds=[(-3250 18.3009 16518.7) --> (3250 1696.7 18007.9)] 
[09:12:48.488] D [  main  ] configuring component: "FrameSync":"frame-sync-switch-92"
[09:12:48.488] D [  main  ] configuring component: "DeposOrBust":"dorb-switch-92"
[09:12:48.488] D [  main  ] configuring component: "DepoTransform":"ductor92"
[09:12:48.488] D [  gen   ] <DepoTransform:ductor92> tick=0.5 us, start=-117.83536680306176 us, readin=4368 us, drift_speed=1.60563 mm/us 
[09:12:48.488] D [  main  ] configuring component: "Reframer":"reframer92"
[09:12:48.488] D [  gen   ] <Reframer:reframer92> using anode: "AnodePlane:crm92" 
[09:12:48.488] D [  main  ] configuring component: "AddNoise":"addnoisecrm92"
[09:12:48.488] D [  gen   ] <IncoherentAddNoise:addnoisecrm92> using noise model: "EmpiricalNoiseModel:empericalnoisemeganodes" 
[09:12:48.488] D [  main  ] configuring component: "Digitizer":"digitizer92"
[09:12:48.489] D [  gen   ] <Digitizer:digitizer92> tag="orig92", resolution=14 bits, maxvalue=16384 counts, gain=1, fullscale=[0,2000] mV, baselines=[900,900,200] mV round=0 
[09:12:48.489] D [  main  ] configuring component: "OmnibusSigProc":"crm92sigproc92"
[09:12:48.492] W [sigproc ] <OmnibusSigProc:crm92sigproc92> The 'wiener_threshold_tag' is obsolete, thresholds in summary on 'wiener' tagged traces 
[09:12:48.494] D [sigproc ] <OmnibusSigProc:crm92sigproc92> config: internal channel map for tags: gauss:"gauss92", wiener:"wiener92", frame:"sigproc"
	pind0 lind0 aid92 fid0 pid0 cid79488 -> cid79773, cind0 -> cind285, (n=286)
	pind1 lind1 aid92 fid0 pid1 cid79774 -> cid80059, cind0 -> cind285, (n=286)
	pind2 lind2 aid92 fid0 pid2 cid80060 -> cid80351, cind0 -> cind291, (n=292)
 
[09:12:48.494] D [  main  ] configuring component: "DepoSetFilter":"ds-filter-switch-93"
[09:12:48.494] D [  gen   ] <DepoSetFilter:ds-filter-switch-93> face=0 bounds=[(-3250 1697.3 16518.7) --> (3250 3375.7 18007.9)] 
[09:12:48.494] D [  main  ] configuring component: "FrameSync":"frame-sync-switch-93"
[09:12:48.494] D [  main  ] configuring component: "DeposOrBust":"dorb-switch-93"
[09:12:48.494] D [  main  ] configuring component: "DepoTransform":"ductor93"
[09:12:48.494] D [  gen   ] <DepoTransform:ductor93> tick=0.5 us, start=-117.83536680306176 us, readin=4368 us, drift_speed=1.60563 mm/us 
[09:12:48.494] D [  main  ] configuring component: "Reframer":"reframer93"
[09:12:48.494] D [  gen   ] <Reframer:reframer93> using anode: "AnodePlane:crm93" 
[09:12:48.494] D [  main  ] configuring component: "AddNoise":"addnoisecrm93"
[09:12:48.494] D [  gen   ] <IncoherentAddNoise:addnoisecrm93> using noise model: "EmpiricalNoiseModel:empericalnoisemeganodes" 
[09:12:48.495] D [  main  ] configuring component: "Digitizer":"digitizer93"
[09:12:48.495] D [  gen   ] <Digitizer:digitizer93> tag="orig93", resolution=14 bits, maxvalue=16384 counts, gain=1, fullscale=[0,2000] mV, baselines=[900,900,200] mV round=0 
[09:12:48.495] D [  main  ] configuring component: "OmnibusSigProc":"crm93sigproc93"
[09:12:48.498] W [sigproc ] <OmnibusSigProc:crm93sigproc93> The 'wiener_threshold_tag' is obsolete, thresholds in summary on 'wiener' tagged traces 
[09:12:48.500] D [sigproc ] <OmnibusSigProc:crm93sigproc93> config: internal channel map for tags: gauss:"gauss93", wiener:"wiener93", frame:"sigproc"
	pind0 lind0 aid93 fid0 pid0 cid80352 -> cid80637, cind0 -> cind285, (n=286)
	pind1 lind1 aid93 fid0 pid1 cid80638 -> cid80923, cind0 -> cind285, (n=286)
	pind2 lind2 aid93 fid0 pid2 cid80924 -> cid81215, cind0 -> cind291, (n=292)
 
[09:12:48.500] D [  main  ] configuring component: "DepoSetFilter":"ds-filter-switch-94"
[09:12:48.500] D [  gen   ] <DepoSetFilter:ds-filter-switch-94> face=0 bounds=[(-3250 3393.3 16518.7) --> (3250 5071.7 18007.9)] 
[09:12:48.500] D [  main  ] configuring component: "FrameSync":"frame-sync-switch-94"
[09:12:48.500] D [  main  ] configuring component: "DeposOrBust":"dorb-switch-94"
[09:12:48.500] D [  main  ] configuring component: "DepoTransform":"ductor94"
[09:12:48.501] D [  gen   ] <DepoTransform:ductor94> tick=0.5 us, start=-117.83536680306176 us, readin=4368 us, drift_speed=1.60563 mm/us 
[09:12:48.501] D [  main  ] configuring component: "Reframer":"reframer94"
[09:12:48.501] D [  gen   ] <Reframer:reframer94> using anode: "AnodePlane:crm94" 
[09:12:48.501] D [  main  ] configuring component: "AddNoise":"addnoisecrm94"
[09:12:48.501] D [  gen   ] <IncoherentAddNoise:addnoisecrm94> using noise model: "EmpiricalNoiseModel:empericalnoisemeganodes" 
[09:12:48.501] D [  main  ] configuring component: "Digitizer":"digitizer94"
[09:12:48.501] D [  gen   ] <Digitizer:digitizer94> tag="orig94", resolution=14 bits, maxvalue=16384 counts, gain=1, fullscale=[0,2000] mV, baselines=[900,900,200] mV round=0 
[09:12:48.501] D [  main  ] configuring component: "OmnibusSigProc":"crm94sigproc94"
[09:12:48.505] W [sigproc ] <OmnibusSigProc:crm94sigproc94> The 'wiener_threshold_tag' is obsolete, thresholds in summary on 'wiener' tagged traces 
[09:12:48.506] D [sigproc ] <OmnibusSigProc:crm94sigproc94> config: internal channel map for tags: gauss:"gauss94", wiener:"wiener94", frame:"sigproc"
	pind0 lind0 aid94 fid0 pid0 cid81216 -> cid81501, cind0 -> cind285, (n=286)
	pind1 lind1 aid94 fid0 pid1 cid81502 -> cid81787, cind0 -> cind285, (n=286)
	pind2 lind2 aid94 fid0 pid2 cid81788 -> cid82079, cind0 -> cind291, (n=292)
 
[09:12:48.507] D [  main  ] configuring component: "DepoSetFilter":"ds-filter-switch-95"
[09:12:48.507] D [  gen   ] <DepoSetFilter:ds-filter-switch-95> face=0 bounds=[(-3250 5072.3 16518.7) --> (3250 6750.7 18007.9)] 
[09:12:48.507] D [  main  ] configuring component: "FrameSync":"frame-sync-switch-95"
[09:12:48.507] D [  main  ] configuring component: "DeposOrBust":"dorb-switch-95"
[09:12:48.507] D [  main  ] configuring component: "DepoTransform":"ductor95"
[09:12:48.507] D [  gen   ] <DepoTransform:ductor95> tick=0.5 us, start=-117.83536680306176 us, readin=4368 us, drift_speed=1.60563 mm/us 
[09:12:48.507] D [  main  ] configuring component: "Reframer":"reframer95"
[09:12:48.507] D [  gen   ] <Reframer:reframer95> using anode: "AnodePlane:crm95" 
[09:12:48.507] D [  main  ] configuring component: "AddNoise":"addnoisecrm95"
[09:12:48.507] D [  gen   ] <IncoherentAddNoise:addnoisecrm95> using noise model: "EmpiricalNoiseModel:empericalnoisemeganodes" 
[09:12:48.507] D [  main  ] configuring component: "Digitizer":"digitizer95"
[09:12:48.507] D [  gen   ] <Digitizer:digitizer95> tag="orig95", resolution=14 bits, maxvalue=16384 counts, gain=1, fullscale=[0,2000] mV, baselines=[900,900,200] mV round=0 
[09:12:48.508] D [  main  ] configuring component: "OmnibusSigProc":"crm95sigproc95"
[09:12:48.511] W [sigproc ] <OmnibusSigProc:crm95sigproc95> The 'wiener_threshold_tag' is obsolete, thresholds in summary on 'wiener' tagged traces 
[09:12:48.513] D [sigproc ] <OmnibusSigProc:crm95sigproc95> config: internal channel map for tags: gauss:"gauss95", wiener:"wiener95", frame:"sigproc"
	pind0 lind0 aid95 fid0 pid0 cid82080 -> cid82365, cind0 -> cind285, (n=286)
	pind1 lind1 aid95 fid0 pid1 cid82366 -> cid82651, cind0 -> cind285, (n=286)
	pind2 lind2 aid95 fid0 pid2 cid82652 -> cid82943, cind0 -> cind291, (n=292)
 
[09:12:48.513] D [  main  ] configuring component: "DepoSetFilter":"ds-filter-switch-96"
[09:12:48.513] D [  gen   ] <DepoSetFilter:ds-filter-switch-96> face=0 bounds=[(-3250 -6750.7 18024.9) --> (3250 -5072.3 19514)] 
[09:12:48.513] D [  main  ] configuring component: "FrameSync":"frame-sync-switch-96"
[09:12:48.513] D [  main  ] configuring component: "DeposOrBust":"dorb-switch-96"
[09:12:48.513] D [  main  ] configuring component: "DepoTransform":"ductor96"
[09:12:48.513] D [  gen   ] <DepoTransform:ductor96> tick=0.5 us, start=-117.83536680306176 us, readin=4368 us, drift_speed=1.60563 mm/us 
[09:12:48.513] D [  main  ] configuring component: "Reframer":"reframer96"
[09:12:48.513] D [  gen   ] <Reframer:reframer96> using anode: "AnodePlane:crm96" 
[09:12:48.513] D [  main  ] configuring component: "AddNoise":"addnoisecrm96"
[09:12:48.513] D [  gen   ] <IncoherentAddNoise:addnoisecrm96> using noise model: "EmpiricalNoiseModel:empericalnoisemeganodes" 
[09:12:48.514] D [  main  ] configuring component: "Digitizer":"digitizer96"
[09:12:48.514] D [  gen   ] <Digitizer:digitizer96> tag="orig96", resolution=14 bits, maxvalue=16384 counts, gain=1, fullscale=[0,2000] mV, baselines=[900,900,200] mV round=0 
[09:12:48.514] D [  main  ] configuring component: "OmnibusSigProc":"crm96sigproc96"
[09:12:48.517] W [sigproc ] <OmnibusSigProc:crm96sigproc96> The 'wiener_threshold_tag' is obsolete, thresholds in summary on 'wiener' tagged traces 
[09:12:48.519] D [sigproc ] <OmnibusSigProc:crm96sigproc96> config: internal channel map for tags: gauss:"gauss96", wiener:"wiener96", frame:"sigproc"
	pind0 lind0 aid96 fid0 pid0 cid82944 -> cid83229, cind0 -> cind285, (n=286)
	pind1 lind1 aid96 fid0 pid1 cid83230 -> cid83515, cind0 -> cind285, (n=286)
	pind2 lind2 aid96 fid0 pid2 cid83516 -> cid83807, cind0 -> cind291, (n=292)
 
[09:12:48.519] D [  main  ] configuring component: "DepoSetFilter":"ds-filter-switch-97"
[09:12:48.519] D [  gen   ] <DepoSetFilter:ds-filter-switch-97> face=0 bounds=[(-3250 -5071.7 18024.9) --> (3250 -3393.3 19514)] 
[09:12:48.519] D [  main  ] configuring component: "FrameSync":"frame-sync-switch-97"
[09:12:48.519] D [  main  ] configuring component: "DeposOrBust":"dorb-switch-97"
[09:12:48.519] D [  main  ] configuring component: "DepoTransform":"ductor97"
[09:12:48.519] D [  gen   ] <DepoTransform:ductor97> tick=0.5 us, start=-117.83536680306176 us, readin=4368 us, drift_speed=1.60563 mm/us 
[09:12:48.519] D [  main  ] configuring component: "Reframer":"reframer97"
[09:12:48.519] D [  gen   ] <Reframer:reframer97> using anode: "AnodePlane:crm97" 
[09:12:48.519] D [  main  ] configuring component: "AddNoise":"addnoisecrm97"
[09:12:48.519] D [  gen   ] <IncoherentAddNoise:addnoisecrm97> using noise model: "EmpiricalNoiseModel:empericalnoisemeganodes" 
[09:12:48.520] D [  main  ] configuring component: "Digitizer":"digitizer97"
[09:12:48.520] D [  gen   ] <Digitizer:digitizer97> tag="orig97", resolution=14 bits, maxvalue=16384 counts, gain=1, fullscale=[0,2000] mV, baselines=[900,900,200] mV round=0 
[09:12:48.520] D [  main  ] configuring component: "OmnibusSigProc":"crm97sigproc97"
[09:12:48.523] W [sigproc ] <OmnibusSigProc:crm97sigproc97> The 'wiener_threshold_tag' is obsolete, thresholds in summary on 'wiener' tagged traces 
[09:12:48.525] D [sigproc ] <OmnibusSigProc:crm97sigproc97> config: internal channel map for tags: gauss:"gauss97", wiener:"wiener97", frame:"sigproc"
	pind0 lind0 aid97 fid0 pid0 cid83808 -> cid84093, cind0 -> cind285, (n=286)
	pind1 lind1 aid97 fid0 pid1 cid84094 -> cid84379, cind0 -> cind285, (n=286)
	pind2 lind2 aid97 fid0 pid2 cid84380 -> cid84671, cind0 -> cind291, (n=292)
 
[09:12:48.525] D [  main  ] configuring component: "DepoSetFilter":"ds-filter-switch-98"
[09:12:48.525] D [  gen   ] <DepoSetFilter:ds-filter-switch-98> face=0 bounds=[(-3250 -3375.7 18024.9) --> (3250 -1697.3 19514)] 
[09:12:48.525] D [  main  ] configuring component: "FrameSync":"frame-sync-switch-98"
[09:12:48.525] D [  main  ] configuring component: "DeposOrBust":"dorb-switch-98"
[09:12:48.525] D [  main  ] configuring component: "DepoTransform":"ductor98"
[09:12:48.525] D [  gen   ] <DepoTransform:ductor98> tick=0.5 us, start=-117.83536680306176 us, readin=4368 us, drift_speed=1.60563 mm/us 
[09:12:48.525] D [  main  ] configuring component: "Reframer":"reframer98"
[09:12:48.525] D [  gen   ] <Reframer:reframer98> using anode: "AnodePlane:crm98" 
[09:12:48.526] D [  main  ] configuring component: "AddNoise":"addnoisecrm98"
[09:12:48.526] D [  gen   ] <IncoherentAddNoise:addnoisecrm98> using noise model: "EmpiricalNoiseModel:empericalnoisemeganodes" 
[09:12:48.526] D [  main  ] configuring component: "Digitizer":"digitizer98"
[09:12:48.526] D [  gen   ] <Digitizer:digitizer98> tag="orig98", resolution=14 bits, maxvalue=16384 counts, gain=1, fullscale=[0,2000] mV, baselines=[900,900,200] mV round=0 
[09:12:48.526] D [  main  ] configuring component: "OmnibusSigProc":"crm98sigproc98"
[09:12:48.529] W [sigproc ] <OmnibusSigProc:crm98sigproc98> The 'wiener_threshold_tag' is obsolete, thresholds in summary on 'wiener' tagged traces 
[09:12:48.531] D [sigproc ] <OmnibusSigProc:crm98sigproc98> config: internal channel map for tags: gauss:"gauss98", wiener:"wiener98", frame:"sigproc"
	pind0 lind0 aid98 fid0 pid0 cid84672 -> cid84957, cind0 -> cind285, (n=286)
	pind1 lind1 aid98 fid0 pid1 cid84958 -> cid85243, cind0 -> cind285, (n=286)
	pind2 lind2 aid98 fid0 pid2 cid85244 -> cid85535, cind0 -> cind291, (n=292)
 
[09:12:48.531] D [  main  ] configuring component: "DepoSetFilter":"ds-filter-switch-99"
[09:12:48.531] D [  gen   ] <DepoSetFilter:ds-filter-switch-99> face=0 bounds=[(-3250 -1696.7 18024.9) --> (3250 -18.3008 19514)] 
[09:12:48.531] D [  main  ] configuring component: "FrameSync":"frame-sync-switch-99"
[09:12:48.531] D [  main  ] configuring component: "DeposOrBust":"dorb-switch-99"
[09:12:48.531] D [  main  ] configuring component: "DepoTransform":"ductor99"
[09:12:48.532] D [  gen   ] <DepoTransform:ductor99> tick=0.5 us, start=-117.83536680306176 us, readin=4368 us, drift_speed=1.60563 mm/us 
[09:12:48.532] D [  main  ] configuring component: "Reframer":"reframer99"
[09:12:48.532] D [  gen   ] <Reframer:reframer99> using anode: "AnodePlane:crm99" 
[09:12:48.532] D [  main  ] configuring component: "AddNoise":"addnoisecrm99"
[09:12:48.532] D [  gen   ] <IncoherentAddNoise:addnoisecrm99> using noise model: "EmpiricalNoiseModel:empericalnoisemeganodes" 
[09:12:48.532] D [  main  ] configuring component: "Digitizer":"digitizer99"
[09:12:48.532] D [  gen   ] <Digitizer:digitizer99> tag="orig99", resolution=14 bits, maxvalue=16384 counts, gain=1, fullscale=[0,2000] mV, baselines=[900,900,200] mV round=0 
[09:12:48.532] D [  main  ] configuring component: "OmnibusSigProc":"crm99sigproc99"
[09:12:48.536] W [sigproc ] <OmnibusSigProc:crm99sigproc99> The 'wiener_threshold_tag' is obsolete, thresholds in summary on 'wiener' tagged traces 
[09:12:48.537] D [sigproc ] <OmnibusSigProc:crm99sigproc99> config: internal channel map for tags: gauss:"gauss99", wiener:"wiener99", frame:"sigproc"
	pind0 lind0 aid99 fid0 pid0 cid85536 -> cid85821, cind0 -> cind285, (n=286)
	pind1 lind1 aid99 fid0 pid1 cid85822 -> cid86107, cind0 -> cind285, (n=286)
	pind2 lind2 aid99 fid0 pid2 cid86108 -> cid86399, cind0 -> cind291, (n=292)
 
[09:12:48.537] D [  main  ] configuring component: "DepoSetFilter":"ds-filter-switch-100"
[09:12:48.538] D [  gen   ] <DepoSetFilter:ds-filter-switch-100> face=0 bounds=[(-3250 18.3008 18024.9) --> (3250 1696.7 19514)] 
[09:12:48.538] D [  main  ] configuring component: "FrameSync":"frame-sync-switch-100"
[09:12:48.538] D [  main  ] configuring component: "DeposOrBust":"dorb-switch-100"
[09:12:48.538] D [  main  ] configuring component: "DepoTransform":"ductor100"
[09:12:48.538] D [  gen   ] <DepoTransform:ductor100> tick=0.5 us, start=-117.83536680306176 us, readin=4368 us, drift_speed=1.60563 mm/us 
[09:12:48.538] D [  main  ] configuring component: "Reframer":"reframer100"
[09:12:48.538] D [  gen   ] <Reframer:reframer100> using anode: "AnodePlane:crm100" 
[09:12:48.538] D [  main  ] configuring component: "AddNoise":"addnoisecrm100"
[09:12:48.538] D [  gen   ] <IncoherentAddNoise:addnoisecrm100> using noise model: "EmpiricalNoiseModel:empericalnoisemeganodes" 
[09:12:48.538] D [  main  ] configuring component: "Digitizer":"digitizer100"
[09:12:48.538] D [  gen   ] <Digitizer:digitizer100> tag="orig100", resolution=14 bits, maxvalue=16384 counts, gain=1, fullscale=[0,2000] mV, baselines=[900,900,200] mV round=0 
[09:12:48.539] D [  main  ] configuring component: "OmnibusSigProc":"crm100sigproc100"
[09:12:48.542] W [sigproc ] <OmnibusSigProc:crm100sigproc100> The 'wiener_threshold_tag' is obsolete, thresholds in summary on 'wiener' tagged traces 
[09:12:48.544] D [sigproc ] <OmnibusSigProc:crm100sigproc100> config: internal channel map for tags: gauss:"gauss100", wiener:"wiener100", frame:"sigproc"
	pind0 lind0 aid100 fid0 pid0 cid86400 -> cid86685, cind0 -> cind285, (n=286)
	pind1 lind1 aid100 fid0 pid1 cid86686 -> cid86971, cind0 -> cind285, (n=286)
	pind2 lind2 aid100 fid0 pid2 cid86972 -> cid87263, cind0 -> cind291, (n=292)
 
[09:12:48.544] D [  main  ] configuring component: "DepoSetFilter":"ds-filter-switch-101"
[09:12:48.544] D [  gen   ] <DepoSetFilter:ds-filter-switch-101> face=0 bounds=[(-3250 1697.3 18024.9) --> (3250 3375.7 19514)] 
[09:12:48.544] D [  main  ] configuring component: "FrameSync":"frame-sync-switch-101"
[09:12:48.544] D [  main  ] configuring component: "DeposOrBust":"dorb-switch-101"
[09:12:48.544] D [  main  ] configuring component: "DepoTransform":"ductor101"
[09:12:48.544] D [  gen   ] <DepoTransform:ductor101> tick=0.5 us, start=-117.83536680306176 us, readin=4368 us, drift_speed=1.60563 mm/us 
[09:12:48.544] D [  main  ] configuring component: "Reframer":"reframer101"
[09:12:48.544] D [  gen   ] <Reframer:reframer101> using anode: "AnodePlane:crm101" 
[09:12:48.544] D [  main  ] configuring component: "AddNoise":"addnoisecrm101"
[09:12:48.544] D [  gen   ] <IncoherentAddNoise:addnoisecrm101> using noise model: "EmpiricalNoiseModel:empericalnoisemeganodes" 
[09:12:48.544] D [  main  ] configuring component: "Digitizer":"digitizer101"
[09:12:48.545] D [  gen   ] <Digitizer:digitizer101> tag="orig101", resolution=14 bits, maxvalue=16384 counts, gain=1, fullscale=[0,2000] mV, baselines=[900,900,200] mV round=0 
[09:12:48.545] D [  main  ] configuring component: "OmnibusSigProc":"crm101sigproc101"
[09:12:48.548] W [sigproc ] <OmnibusSigProc:crm101sigproc101> The 'wiener_threshold_tag' is obsolete, thresholds in summary on 'wiener' tagged traces 
[09:12:48.550] D [sigproc ] <OmnibusSigProc:crm101sigproc101> config: internal channel map for tags: gauss:"gauss101", wiener:"wiener101", frame:"sigproc"
	pind0 lind0 aid101 fid0 pid0 cid87264 -> cid87549, cind0 -> cind285, (n=286)
	pind1 lind1 aid101 fid0 pid1 cid87550 -> cid87835, cind0 -> cind285, (n=286)
	pind2 lind2 aid101 fid0 pid2 cid87836 -> cid88127, cind0 -> cind291, (n=292)
 
[09:12:48.550] D [  main  ] configuring component: "DepoSetFilter":"ds-filter-switch-102"
[09:12:48.550] D [  gen   ] <DepoSetFilter:ds-filter-switch-102> face=0 bounds=[(-3250 3393.3 18024.9) --> (3250 5071.7 19514)] 
[09:12:48.550] D [  main  ] configuring component: "FrameSync":"frame-sync-switch-102"
[09:12:48.550] D [  main  ] configuring component: "DeposOrBust":"dorb-switch-102"
[09:12:48.550] D [  main  ] configuring component: "DepoTransform":"ductor102"
[09:12:48.550] D [  gen   ] <DepoTransform:ductor102> tick=0.5 us, start=-117.83536680306176 us, readin=4368 us, drift_speed=1.60563 mm/us 
[09:12:48.551] D [  main  ] configuring component: "Reframer":"reframer102"
[09:12:48.551] D [  gen   ] <Reframer:reframer102> using anode: "AnodePlane:crm102" 
[09:12:48.551] D [  main  ] configuring component: "AddNoise":"addnoisecrm102"
[09:12:48.551] D [  gen   ] <IncoherentAddNoise:addnoisecrm102> using noise model: "EmpiricalNoiseModel:empericalnoisemeganodes" 
[09:12:48.551] D [  main  ] configuring component: "Digitizer":"digitizer102"
[09:12:48.551] D [  gen   ] <Digitizer:digitizer102> tag="orig102", resolution=14 bits, maxvalue=16384 counts, gain=1, fullscale=[0,2000] mV, baselines=[900,900,200] mV round=0 
[09:12:48.551] D [  main  ] configuring component: "OmnibusSigProc":"crm102sigproc102"
[09:12:48.555] W [sigproc ] <OmnibusSigProc:crm102sigproc102> The 'wiener_threshold_tag' is obsolete, thresholds in summary on 'wiener' tagged traces 
[09:12:48.556] D [sigproc ] <OmnibusSigProc:crm102sigproc102> config: internal channel map for tags: gauss:"gauss102", wiener:"wiener102", frame:"sigproc"
	pind0 lind0 aid102 fid0 pid0 cid88128 -> cid88413, cind0 -> cind285, (n=286)
	pind1 lind1 aid102 fid0 pid1 cid88414 -> cid88699, cind0 -> cind285, (n=286)
	pind2 lind2 aid102 fid0 pid2 cid88700 -> cid88991, cind0 -> cind291, (n=292)
 
[09:12:48.556] D [  main  ] configuring component: "DepoSetFilter":"ds-filter-switch-103"
[09:12:48.556] D [  gen   ] <DepoSetFilter:ds-filter-switch-103> face=0 bounds=[(-3250 5072.3 18024.9) --> (3250 6750.7 19514)] 
[09:12:48.556] D [  main  ] configuring component: "FrameSync":"frame-sync-switch-103"
[09:12:48.556] D [  main  ] configuring component: "DeposOrBust":"dorb-switch-103"
[09:12:48.556] D [  main  ] configuring component: "DepoTransform":"ductor103"
[09:12:48.557] D [  gen   ] <DepoTransform:ductor103> tick=0.5 us, start=-117.83536680306176 us, readin=4368 us, drift_speed=1.60563 mm/us 
[09:12:48.557] D [  main  ] configuring component: "Reframer":"reframer103"
[09:12:48.557] D [  gen   ] <Reframer:reframer103> using anode: "AnodePlane:crm103" 
[09:12:48.557] D [  main  ] configuring component: "AddNoise":"addnoisecrm103"
[09:12:48.557] D [  gen   ] <IncoherentAddNoise:addnoisecrm103> using noise model: "EmpiricalNoiseModel:empericalnoisemeganodes" 
[09:12:48.557] D [  main  ] configuring component: "Digitizer":"digitizer103"
[09:12:48.557] D [  gen   ] <Digitizer:digitizer103> tag="orig103", resolution=14 bits, maxvalue=16384 counts, gain=1, fullscale=[0,2000] mV, baselines=[900,900,200] mV round=0 
[09:12:48.557] D [  main  ] configuring component: "OmnibusSigProc":"crm103sigproc103"
[09:12:48.561] W [sigproc ] <OmnibusSigProc:crm103sigproc103> The 'wiener_threshold_tag' is obsolete, thresholds in summary on 'wiener' tagged traces 
[09:12:48.562] D [sigproc ] <OmnibusSigProc:crm103sigproc103> config: internal channel map for tags: gauss:"gauss103", wiener:"wiener103", frame:"sigproc"
	pind0 lind0 aid103 fid0 pid0 cid88992 -> cid89277, cind0 -> cind285, (n=286)
	pind1 lind1 aid103 fid0 pid1 cid89278 -> cid89563, cind0 -> cind285, (n=286)
	pind2 lind2 aid103 fid0 pid2 cid89564 -> cid89855, cind0 -> cind291, (n=292)
 
[09:12:48.563] D [  main  ] configuring component: "DepoSetFilter":"ds-filter-switch-104"
[09:12:48.563] D [  gen   ] <DepoSetFilter:ds-filter-switch-104> face=0 bounds=[(-3250 -6750.7 19514.1) --> (3250 -5072.3 21003.2)] 
[09:12:48.563] D [  main  ] configuring component: "FrameSync":"frame-sync-switch-104"
[09:12:48.563] D [  main  ] configuring component: "DeposOrBust":"dorb-switch-104"
[09:12:48.563] D [  main  ] configuring component: "DepoTransform":"ductor104"
[09:12:48.563] D [  gen   ] <DepoTransform:ductor104> tick=0.5 us, start=-117.83536680306176 us, readin=4368 us, drift_speed=1.60563 mm/us 
[09:12:48.563] D [  main  ] configuring component: "Reframer":"reframer104"
[09:12:48.563] D [  gen   ] <Reframer:reframer104> using anode: "AnodePlane:crm104" 
[09:12:48.563] D [  main  ] configuring component: "AddNoise":"addnoisecrm104"
[09:12:48.563] D [  gen   ] <IncoherentAddNoise:addnoisecrm104> using noise model: "EmpiricalNoiseModel:empericalnoisemeganodes" 
[09:12:48.563] D [  main  ] configuring component: "Digitizer":"digitizer104"
[09:12:48.563] D [  gen   ] <Digitizer:digitizer104> tag="orig104", resolution=14 bits, maxvalue=16384 counts, gain=1, fullscale=[0,2000] mV, baselines=[900,900,200] mV round=0 
[09:12:48.564] D [  main  ] configuring component: "OmnibusSigProc":"crm104sigproc104"
[09:12:48.567] W [sigproc ] <OmnibusSigProc:crm104sigproc104> The 'wiener_threshold_tag' is obsolete, thresholds in summary on 'wiener' tagged traces 
[09:12:48.568] D [sigproc ] <OmnibusSigProc:crm104sigproc104> config: internal channel map for tags: gauss:"gauss104", wiener:"wiener104", frame:"sigproc"
	pind0 lind0 aid104 fid0 pid0 cid89856 -> cid90141, cind0 -> cind285, (n=286)
	pind1 lind1 aid104 fid0 pid1 cid90142 -> cid90427, cind0 -> cind285, (n=286)
	pind2 lind2 aid104 fid0 pid2 cid90428 -> cid90719, cind0 -> cind291, (n=292)
 
[09:12:48.569] D [  main  ] configuring component: "DepoSetFilter":"ds-filter-switch-105"
[09:12:48.569] D [  gen   ] <DepoSetFilter:ds-filter-switch-105> face=0 bounds=[(-3250 -5071.7 19514.1) --> (3250 -3393.3 21003.2)] 
[09:12:48.569] D [  main  ] configuring component: "FrameSync":"frame-sync-switch-105"
[09:12:48.569] D [  main  ] configuring component: "DeposOrBust":"dorb-switch-105"
[09:12:48.569] D [  main  ] configuring component: "DepoTransform":"ductor105"
[09:12:48.569] D [  gen   ] <DepoTransform:ductor105> tick=0.5 us, start=-117.83536680306176 us, readin=4368 us, drift_speed=1.60563 mm/us 
[09:12:48.569] D [  main  ] configuring component: "Reframer":"reframer105"
[09:12:48.569] D [  gen   ] <Reframer:reframer105> using anode: "AnodePlane:crm105" 
[09:12:48.569] D [  main  ] configuring component: "AddNoise":"addnoisecrm105"
[09:12:48.569] D [  gen   ] <IncoherentAddNoise:addnoisecrm105> using noise model: "EmpiricalNoiseModel:empericalnoisemeganodes" 
[09:12:48.569] D [  main  ] configuring component: "Digitizer":"digitizer105"
[09:12:48.569] D [  gen   ] <Digitizer:digitizer105> tag="orig105", resolution=14 bits, maxvalue=16384 counts, gain=1, fullscale=[0,2000] mV, baselines=[900,900,200] mV round=0 
[09:12:48.570] D [  main  ] configuring component: "OmnibusSigProc":"crm105sigproc105"
[09:12:48.573] W [sigproc ] <OmnibusSigProc:crm105sigproc105> The 'wiener_threshold_tag' is obsolete, thresholds in summary on 'wiener' tagged traces 
[09:12:48.575] D [sigproc ] <OmnibusSigProc:crm105sigproc105> config: internal channel map for tags: gauss:"gauss105", wiener:"wiener105", frame:"sigproc"
	pind0 lind0 aid105 fid0 pid0 cid90720 -> cid91005, cind0 -> cind285, (n=286)
	pind1 lind1 aid105 fid0 pid1 cid91006 -> cid91291, cind0 -> cind285, (n=286)
	pind2 lind2 aid105 fid0 pid2 cid91292 -> cid91583, cind0 -> cind291, (n=292)
 
[09:12:48.575] D [  main  ] configuring component: "DepoSetFilter":"ds-filter-switch-106"
[09:12:48.575] D [  gen   ] <DepoSetFilter:ds-filter-switch-106> face=0 bounds=[(-3250 -3375.7 19514.1) --> (3250 -1697.3 21003.2)] 
[09:12:48.575] D [  main  ] configuring component: "FrameSync":"frame-sync-switch-106"
[09:12:48.575] D [  main  ] configuring component: "DeposOrBust":"dorb-switch-106"
[09:12:48.575] D [  main  ] configuring component: "DepoTransform":"ductor106"
[09:12:48.575] D [  gen   ] <DepoTransform:ductor106> tick=0.5 us, start=-117.83536680306176 us, readin=4368 us, drift_speed=1.60563 mm/us 
[09:12:48.575] D [  main  ] configuring component: "Reframer":"reframer106"
[09:12:48.575] D [  gen   ] <Reframer:reframer106> using anode: "AnodePlane:crm106" 
[09:12:48.575] D [  main  ] configuring component: "AddNoise":"addnoisecrm106"
[09:12:48.575] D [  gen   ] <IncoherentAddNoise:addnoisecrm106> using noise model: "EmpiricalNoiseModel:empericalnoisemeganodes" 
[09:12:48.575] D [  main  ] configuring component: "Digitizer":"digitizer106"
[09:12:48.576] D [  gen   ] <Digitizer:digitizer106> tag="orig106", resolution=14 bits, maxvalue=16384 counts, gain=1, fullscale=[0,2000] mV, baselines=[900,900,200] mV round=0 
[09:12:48.576] D [  main  ] configuring component: "OmnibusSigProc":"crm106sigproc106"
[09:12:48.579] W [sigproc ] <OmnibusSigProc:crm106sigproc106> The 'wiener_threshold_tag' is obsolete, thresholds in summary on 'wiener' tagged traces 
[09:12:48.581] D [sigproc ] <OmnibusSigProc:crm106sigproc106> config: internal channel map for tags: gauss:"gauss106", wiener:"wiener106", frame:"sigproc"
	pind0 lind0 aid106 fid0 pid0 cid91584 -> cid91869, cind0 -> cind285, (n=286)
	pind1 lind1 aid106 fid0 pid1 cid91870 -> cid92155, cind0 -> cind285, (n=286)
	pind2 lind2 aid106 fid0 pid2 cid92156 -> cid92447, cind0 -> cind291, (n=292)
 
[09:12:48.581] D [  main  ] configuring component: "DepoSetFilter":"ds-filter-switch-107"
[09:12:48.581] D [  gen   ] <DepoSetFilter:ds-filter-switch-107> face=0 bounds=[(-3250 -1696.7 19514.1) --> (3250 -18.3008 21003.2)] 
[09:12:48.581] D [  main  ] configuring component: "FrameSync":"frame-sync-switch-107"
[09:12:48.581] D [  main  ] configuring component: "DeposOrBust":"dorb-switch-107"
[09:12:48.581] D [  main  ] configuring component: "DepoTransform":"ductor107"
[09:12:48.581] D [  gen   ] <DepoTransform:ductor107> tick=0.5 us, start=-117.83536680306176 us, readin=4368 us, drift_speed=1.60563 mm/us 
[09:12:48.581] D [  main  ] configuring component: "Reframer":"reframer107"
[09:12:48.581] D [  gen   ] <Reframer:reframer107> using anode: "AnodePlane:crm107" 
[09:12:48.581] D [  main  ] configuring component: "AddNoise":"addnoisecrm107"
[09:12:48.581] D [  gen   ] <IncoherentAddNoise:addnoisecrm107> using noise model: "EmpiricalNoiseModel:empericalnoisemeganodes" 
[09:12:48.582] D [  main  ] configuring component: "Digitizer":"digitizer107"
[09:12:48.582] D [  gen   ] <Digitizer:digitizer107> tag="orig107", resolution=14 bits, maxvalue=16384 counts, gain=1, fullscale=[0,2000] mV, baselines=[900,900,200] mV round=0 
[09:12:48.582] D [  main  ] configuring component: "OmnibusSigProc":"crm107sigproc107"
[09:12:48.585] W [sigproc ] <OmnibusSigProc:crm107sigproc107> The 'wiener_threshold_tag' is obsolete, thresholds in summary on 'wiener' tagged traces 
[09:12:48.587] D [sigproc ] <OmnibusSigProc:crm107sigproc107> config: internal channel map for tags: gauss:"gauss107", wiener:"wiener107", frame:"sigproc"
	pind0 lind0 aid107 fid0 pid0 cid92448 -> cid92733, cind0 -> cind285, (n=286)
	pind1 lind1 aid107 fid0 pid1 cid92734 -> cid93019, cind0 -> cind285, (n=286)
	pind2 lind2 aid107 fid0 pid2 cid93020 -> cid93311, cind0 -> cind291, (n=292)
 
[09:12:48.587] D [  main  ] configuring component: "DepoSetFilter":"ds-filter-switch-108"
[09:12:48.587] D [  gen   ] <DepoSetFilter:ds-filter-switch-108> face=0 bounds=[(-3250 18.3008 19514.1) --> (3250 1696.7 21003.2)] 
[09:12:48.587] D [  main  ] configuring component: "FrameSync":"frame-sync-switch-108"
[09:12:48.587] D [  main  ] configuring component: "DeposOrBust":"dorb-switch-108"
[09:12:48.587] D [  main  ] configuring component: "DepoTransform":"ductor108"
[09:12:48.587] D [  gen   ] <DepoTransform:ductor108> tick=0.5 us, start=-117.83536680306176 us, readin=4368 us, drift_speed=1.60563 mm/us 
[09:12:48.587] D [  main  ] configuring component: "Reframer":"reframer108"
[09:12:48.587] D [  gen   ] <Reframer:reframer108> using anode: "AnodePlane:crm108" 
[09:12:48.588] D [  main  ] configuring component: "AddNoise":"addnoisecrm108"
[09:12:48.588] D [  gen   ] <IncoherentAddNoise:addnoisecrm108> using noise model: "EmpiricalNoiseModel:empericalnoisemeganodes" 
[09:12:48.588] D [  main  ] configuring component: "Digitizer":"digitizer108"
[09:12:48.588] D [  gen   ] <Digitizer:digitizer108> tag="orig108", resolution=14 bits, maxvalue=16384 counts, gain=1, fullscale=[0,2000] mV, baselines=[900,900,200] mV round=0 
[09:12:48.588] D [  main  ] configuring component: "OmnibusSigProc":"crm108sigproc108"
[09:12:48.591] W [sigproc ] <OmnibusSigProc:crm108sigproc108> The 'wiener_threshold_tag' is obsolete, thresholds in summary on 'wiener' tagged traces 
[09:12:48.593] D [sigproc ] <OmnibusSigProc:crm108sigproc108> config: internal channel map for tags: gauss:"gauss108", wiener:"wiener108", frame:"sigproc"
	pind0 lind0 aid108 fid0 pid0 cid93312 -> cid93597, cind0 -> cind285, (n=286)
	pind1 lind1 aid108 fid0 pid1 cid93598 -> cid93883, cind0 -> cind285, (n=286)
	pind2 lind2 aid108 fid0 pid2 cid93884 -> cid94175, cind0 -> cind291, (n=292)
 
[09:12:48.593] D [  main  ] configuring component: "DepoSetFilter":"ds-filter-switch-109"
[09:12:48.593] D [  gen   ] <DepoSetFilter:ds-filter-switch-109> face=0 bounds=[(-3250 1697.3 19514.1) --> (3250 3375.7 21003.2)] 
[09:12:48.593] D [  main  ] configuring component: "FrameSync":"frame-sync-switch-109"
[09:12:48.593] D [  main  ] configuring component: "DeposOrBust":"dorb-switch-109"
[09:12:48.593] D [  main  ] configuring component: "DepoTransform":"ductor109"
[09:12:48.593] D [  gen   ] <DepoTransform:ductor109> tick=0.5 us, start=-117.83536680306176 us, readin=4368 us, drift_speed=1.60563 mm/us 
[09:12:48.594] D [  main  ] configuring component: "Reframer":"reframer109"
[09:12:48.594] D [  gen   ] <Reframer:reframer109> using anode: "AnodePlane:crm109" 
[09:12:48.594] D [  main  ] configuring component: "AddNoise":"addnoisecrm109"
[09:12:48.594] D [  gen   ] <IncoherentAddNoise:addnoisecrm109> using noise model: "EmpiricalNoiseModel:empericalnoisemeganodes" 
[09:12:48.594] D [  main  ] configuring component: "Digitizer":"digitizer109"
[09:12:48.594] D [  gen   ] <Digitizer:digitizer109> tag="orig109", resolution=14 bits, maxvalue=16384 counts, gain=1, fullscale=[0,2000] mV, baselines=[900,900,200] mV round=0 
[09:12:48.594] D [  main  ] configuring component: "OmnibusSigProc":"crm109sigproc109"
[09:12:48.597] W [sigproc ] <OmnibusSigProc:crm109sigproc109> The 'wiener_threshold_tag' is obsolete, thresholds in summary on 'wiener' tagged traces 
[09:12:48.599] D [sigproc ] <OmnibusSigProc:crm109sigproc109> config: internal channel map for tags: gauss:"gauss109", wiener:"wiener109", frame:"sigproc"
	pind0 lind0 aid109 fid0 pid0 cid94176 -> cid94461, cind0 -> cind285, (n=286)
	pind1 lind1 aid109 fid0 pid1 cid94462 -> cid94747, cind0 -> cind285, (n=286)
	pind2 lind2 aid109 fid0 pid2 cid94748 -> cid95039, cind0 -> cind291, (n=292)
 
[09:12:48.599] D [  main  ] configuring component: "DepoSetFilter":"ds-filter-switch-110"
[09:12:48.599] D [  gen   ] <DepoSetFilter:ds-filter-switch-110> face=0 bounds=[(-3250 3393.3 19514.1) --> (3250 5071.7 21003.2)] 
[09:12:48.599] D [  main  ] configuring component: "FrameSync":"frame-sync-switch-110"
[09:12:48.599] D [  main  ] configuring component: "DeposOrBust":"dorb-switch-110"
[09:12:48.599] D [  main  ] configuring component: "DepoTransform":"ductor110"
[09:12:48.600] D [  gen   ] <DepoTransform:ductor110> tick=0.5 us, start=-117.83536680306176 us, readin=4368 us, drift_speed=1.60563 mm/us 
[09:12:48.600] D [  main  ] configuring component: "Reframer":"reframer110"
[09:12:48.600] D [  gen   ] <Reframer:reframer110> using anode: "AnodePlane:crm110" 
[09:12:48.600] D [  main  ] configuring component: "AddNoise":"addnoisecrm110"
[09:12:48.600] D [  gen   ] <IncoherentAddNoise:addnoisecrm110> using noise model: "EmpiricalNoiseModel:empericalnoisemeganodes" 
[09:12:48.600] D [  main  ] configuring component: "Digitizer":"digitizer110"
[09:12:48.600] D [  gen   ] <Digitizer:digitizer110> tag="orig110", resolution=14 bits, maxvalue=16384 counts, gain=1, fullscale=[0,2000] mV, baselines=[900,900,200] mV round=0 
[09:12:48.600] D [  main  ] configuring component: "OmnibusSigProc":"crm110sigproc110"
[09:12:48.604] W [sigproc ] <OmnibusSigProc:crm110sigproc110> The 'wiener_threshold_tag' is obsolete, thresholds in summary on 'wiener' tagged traces 
[09:12:48.605] D [sigproc ] <OmnibusSigProc:crm110sigproc110> config: internal channel map for tags: gauss:"gauss110", wiener:"wiener110", frame:"sigproc"
	pind0 lind0 aid110 fid0 pid0 cid95040 -> cid95325, cind0 -> cind285, (n=286)
	pind1 lind1 aid110 fid0 pid1 cid95326 -> cid95611, cind0 -> cind285, (n=286)
	pind2 lind2 aid110 fid0 pid2 cid95612 -> cid95903, cind0 -> cind291, (n=292)
 
[09:12:48.605] D [  main  ] configuring component: "DepoSetFilter":"ds-filter-switch-111"
[09:12:48.605] D [  gen   ] <DepoSetFilter:ds-filter-switch-111> face=0 bounds=[(-3250 5072.3 19514.1) --> (3250 6750.7 21003.2)] 
[09:12:48.605] D [  main  ] configuring component: "FrameSync":"frame-sync-switch-111"
[09:12:48.605] D [  main  ] configuring component: "DeposOrBust":"dorb-switch-111"
[09:12:48.605] D [  main  ] configuring component: "DepoTransform":"ductor111"
[09:12:48.606] D [  gen   ] <DepoTransform:ductor111> tick=0.5 us, start=-117.83536680306176 us, readin=4368 us, drift_speed=1.60563 mm/us 
[09:12:48.606] D [  main  ] configuring component: "Reframer":"reframer111"
[09:12:48.606] D [  gen   ] <Reframer:reframer111> using anode: "AnodePlane:crm111" 
[09:12:48.606] D [  main  ] configuring component: "AddNoise":"addnoisecrm111"
[09:12:48.606] D [  gen   ] <IncoherentAddNoise:addnoisecrm111> using noise model: "EmpiricalNoiseModel:empericalnoisemeganodes" 
[09:12:48.606] D [  main  ] configuring component: "Digitizer":"digitizer111"
[09:12:48.606] D [  gen   ] <Digitizer:digitizer111> tag="orig111", resolution=14 bits, maxvalue=16384 counts, gain=1, fullscale=[0,2000] mV, baselines=[900,900,200] mV round=0 
[09:12:48.606] D [  main  ] configuring component: "OmnibusSigProc":"crm111sigproc111"
[09:12:48.610] W [sigproc ] <OmnibusSigProc:crm111sigproc111> The 'wiener_threshold_tag' is obsolete, thresholds in summary on 'wiener' tagged traces 
[09:12:48.611] D [sigproc ] <OmnibusSigProc:crm111sigproc111> config: internal channel map for tags: gauss:"gauss111", wiener:"wiener111", frame:"sigproc"
	pind0 lind0 aid111 fid0 pid0 cid95904 -> cid96189, cind0 -> cind285, (n=286)
	pind1 lind1 aid111 fid0 pid1 cid96190 -> cid96475, cind0 -> cind285, (n=286)
	pind2 lind2 aid111 fid0 pid2 cid96476 -> cid96767, cind0 -> cind291, (n=292)
 
[09:12:48.612] D [  main  ] configuring component: "Retagger":""
[09:12:48.612] D [  main  ] configuring component: "wclsFrameSaver":"spsignals"
[09:12:48.846] D [  main  ] configuring component: "DumpFrames":""
[09:12:48.874] D [  main  ] configuring component: "TbbFlow":""
[09:12:48.930] D [  tbb   ] <TbbFlow:> connecting graph with 1174 edges 
[09:12:48.930] D [  tbb   ] <TbbFlow:> connect: DepoSetFilter:ds-filter-switch-71 ( 0 -> 0 ) DeposOrBust:dorb-switch-71 
[09:12:48.930] D [  tbb   ] <TbbFlow:> connect: DepoSetFilter:ds-filter-switch-72 ( 0 -> 0 ) DeposOrBust:dorb-switch-72 
[09:12:48.930] D [  tbb   ] <TbbFlow:> connect: DepoSetFilter:ds-filter-switch-73 ( 0 -> 0 ) DeposOrBust:dorb-switch-73 
[09:12:48.930] D [  tbb   ] <TbbFlow:> connect: DepoSetFilter:ds-filter-switch-74 ( 0 -> 0 ) DeposOrBust:dorb-switch-74 
[09:12:48.930] D [  tbb   ] <TbbFlow:> connect: DepoSetFilter:ds-filter-switch-75 ( 0 -> 0 ) DeposOrBust:dorb-switch-75 
[09:12:48.930] D [  tbb   ] <TbbFlow:> connect: DepoSetFilter:ds-filter-switch-76 ( 0 -> 0 ) DeposOrBust:dorb-switch-76 
[09:12:48.930] D [  tbb   ] <TbbFlow:> connect: DepoSetFanout:sn_mag_fout_2_11 ( 0 -> 0 ) DepoSetFilter:ds-filter-switch-77 
[09:12:48.930] D [  tbb   ] <TbbFlow:> connect: DepoSetFanout:sn_mag_fout_2_11 ( 1 -> 0 ) DepoSetFilter:ds-filter-switch-78 
[09:12:48.930] D [  tbb   ] <TbbFlow:> connect: DepoSetFanout:sn_mag_fout_2_11 ( 2 -> 0 ) DepoSetFilter:ds-filter-switch-79 
[09:12:48.930] D [  tbb   ] <TbbFlow:> connect: DepoSetFanout:sn_mag_fout_2_11 ( 3 -> 0 ) DepoSetFilter:ds-filter-switch-80 
[09:12:48.930] D [  tbb   ] <TbbFlow:> connect: DepoSetFanout:sn_mag_fout_2_11 ( 4 -> 0 ) DepoSetFilter:ds-filter-switch-81 
[09:12:48.930] D [  tbb   ] <TbbFlow:> connect: DepoSetFanout:sn_mag_fout_2_11 ( 5 -> 0 ) DepoSetFilter:ds-filter-switch-82 
[09:12:48.930] D [  tbb   ] <TbbFlow:> connect: DepoSetFanout:sn_mag_fout_2_11 ( 6 -> 0 ) DepoSetFilter:ds-filter-switch-83 
[09:12:48.930] D [  tbb   ] <TbbFlow:> connect: DepoSetFilter:ds-filter-switch-77 ( 0 -> 0 ) DeposOrBust:dorb-switch-77 
[09:12:48.930] D [  tbb   ] <TbbFlow:> connect: DepoSetFilter:ds-filter-switch-78 ( 0 -> 0 ) DeposOrBust:dorb-switch-78 
[09:12:48.930] D [  tbb   ] <TbbFlow:> connect: DepoSetFilter:ds-filter-switch-79 ( 0 -> 0 ) DeposOrBust:dorb-switch-79 
[09:12:48.930] D [  tbb   ] <TbbFlow:> connect: DepoSetFilter:ds-filter-switch-80 ( 0 -> 0 ) DeposOrBust:dorb-switch-80 
[09:12:48.930] D [  tbb   ] <TbbFlow:> connect: DepoSetFilter:ds-filter-switch-81 ( 0 -> 0 ) DeposOrBust:dorb-switch-81 
[09:12:48.930] D [  tbb   ] <TbbFlow:> connect: DepoSetFilter:ds-filter-switch-82 ( 0 -> 0 ) DeposOrBust:dorb-switch-82 
[09:12:48.930] D [  tbb   ] <TbbFlow:> connect: DepoSetFilter:ds-filter-switch-83 ( 0 -> 0 ) DeposOrBust:dorb-switch-83 
[09:12:48.930] D [  tbb   ] <TbbFlow:> connect: DepoSetFanout:sn_mag_fout_2_12 ( 0 -> 0 ) DepoSetFilter:ds-filter-switch-84 
[09:12:48.930] D [  tbb   ] <TbbFlow:> connect: DepoSetFanout:sn_mag_fout_2_12 ( 1 -> 0 ) DepoSetFilter:ds-filter-switch-85 
[09:12:48.931] D [  tbb   ] <TbbFlow:> connect: DepoSetFanout:sn_mag_fout_2_12 ( 2 -> 0 ) DepoSetFilter:ds-filter-switch-86 
[09:12:48.931] D [  tbb   ] <TbbFlow:> connect: DepoSetFanout:sn_mag_fout_2_12 ( 3 -> 0 ) DepoSetFilter:ds-filter-switch-87 
[09:12:48.931] D [  tbb   ] <TbbFlow:> connect: DepoSetFanout:sn_mag_fout_2_12 ( 4 -> 0 ) DepoSetFilter:ds-filter-switch-88 
[09:12:48.931] D [  tbb   ] <TbbFlow:> connect: DepoSetFanout:sn_mag_fout_2_12 ( 5 -> 0 ) DepoSetFilter:ds-filter-switch-89 
[09:12:48.931] D [  tbb   ] <TbbFlow:> connect: DepoSetFanout:sn_mag_fout_2_12 ( 6 -> 0 ) DepoSetFilter:ds-filter-switch-90 
[09:12:48.931] D [  tbb   ] <TbbFlow:> connect: DepoSetFilter:ds-filter-switch-84 ( 0 -> 0 ) DeposOrBust:dorb-switch-84 
[09:12:48.931] D [  tbb   ] <TbbFlow:> connect: DepoSetFilter:ds-filter-switch-85 ( 0 -> 0 ) DeposOrBust:dorb-switch-85 
[09:12:48.931] D [  tbb   ] <TbbFlow:> connect: DepoSetFilter:ds-filter-switch-86 ( 0 -> 0 ) DeposOrBust:dorb-switch-86 
[09:12:48.931] D [  tbb   ] <TbbFlow:> connect: DepoSetFilter:ds-filter-switch-87 ( 0 -> 0 ) DeposOrBust:dorb-switch-87 
[09:12:48.931] D [  tbb   ] <TbbFlow:> connect: DepoSetFilter:ds-filter-switch-88 ( 0 -> 0 ) DeposOrBust:dorb-switch-88 
[09:12:48.931] D [  tbb   ] <TbbFlow:> connect: DepoSetFilter:ds-filter-switch-89 ( 0 -> 0 ) DeposOrBust:dorb-switch-89 
[09:12:48.931] D [  tbb   ] <TbbFlow:> connect: DepoSetFilter:ds-filter-switch-90 ( 0 -> 0 ) DeposOrBust:dorb-switch-90 
[09:12:48.931] D [  tbb   ] <TbbFlow:> connect: DepoSetFanout:sn_mag_fout_2_13 ( 0 -> 0 ) DepoSetFilter:ds-filter-switch-91 
[09:12:48.931] D [  tbb   ] <TbbFlow:> connect: DepoSetFanout:sn_mag_fout_2_13 ( 1 -> 0 ) DepoSetFilter:ds-filter-switch-92 
[09:12:48.931] D [  tbb   ] <TbbFlow:> connect: DepoSetFanout:sn_mag_fout_2_13 ( 2 -> 0 ) DepoSetFilter:ds-filter-switch-93 
[09:12:48.931] D [  tbb   ] <TbbFlow:> connect: DepoSetFanout:sn_mag_fout_2_13 ( 3 -> 0 ) DepoSetFilter:ds-filter-switch-94 
[09:12:48.931] D [  tbb   ] <TbbFlow:> connect: DepoSetFanout:sn_mag_fout_2_13 ( 4 -> 0 ) DepoSetFilter:ds-filter-switch-95 
[09:12:48.931] D [  tbb   ] <TbbFlow:> connect: DepoSetFanout:sn_mag_fout_2_13 ( 5 -> 0 ) DepoSetFilter:ds-filter-switch-96 
[09:12:48.931] D [  tbb   ] <TbbFlow:> connect: DepoSetFanout:sn_mag_fout_2_13 ( 6 -> 0 ) DepoSetFilter:ds-filter-switch-97 
[09:12:48.931] D [  tbb   ] <TbbFlow:> connect: DepoSetFilter:ds-filter-switch-91 ( 0 -> 0 ) DeposOrBust:dorb-switch-91 
[09:12:48.931] D [  tbb   ] <TbbFlow:> connect: DepoSetFilter:ds-filter-switch-92 ( 0 -> 0 ) DeposOrBust:dorb-switch-92 
[09:12:48.931] D [  tbb   ] <TbbFlow:> connect: DepoSetFilter:ds-filter-switch-93 ( 0 -> 0 ) DeposOrBust:dorb-switch-93 
[09:12:48.931] D [  tbb   ] <TbbFlow:> connect: DepoSetFilter:ds-filter-switch-94 ( 0 -> 0 ) DeposOrBust:dorb-switch-94 
[09:12:48.931] D [  tbb   ] <TbbFlow:> connect: DepoSetFilter:ds-filter-switch-95 ( 0 -> 0 ) DeposOrBust:dorb-switch-95 
[09:12:48.931] D [  tbb   ] <TbbFlow:> connect: DepoSetFilter:ds-filter-switch-96 ( 0 -> 0 ) DeposOrBust:dorb-switch-96 
[09:12:48.931] D [  tbb   ] <TbbFlow:> connect: DepoSetFilter:ds-filter-switch-97 ( 0 -> 0 ) DeposOrBust:dorb-switch-97 
[09:12:48.931] D [  tbb   ] <TbbFlow:> connect: DepoSetFanout:sn_mag_fout_2_14 ( 0 -> 0 ) DepoSetFilter:ds-filter-switch-98 
[09:12:48.931] D [  tbb   ] <TbbFlow:> connect: DepoSetFanout:sn_mag_fout_2_14 ( 1 -> 0 ) DepoSetFilter:ds-filter-switch-99 
[09:12:48.931] D [  tbb   ] <TbbFlow:> connect: DepoSetFanout:sn_mag_fout_2_14 ( 2 -> 0 ) DepoSetFilter:ds-filter-switch-100 
[09:12:48.931] D [  tbb   ] <TbbFlow:> connect: DepoSetFanout:sn_mag_fout_2_14 ( 3 -> 0 ) DepoSetFilter:ds-filter-switch-101 
[09:12:48.931] D [  tbb   ] <TbbFlow:> connect: DepoSetFanout:sn_mag_fout_2_14 ( 4 -> 0 ) DepoSetFilter:ds-filter-switch-102 
[09:12:48.931] D [  tbb   ] <TbbFlow:> connect: DepoSetFanout:sn_mag_fout_2_14 ( 5 -> 0 ) DepoSetFilter:ds-filter-switch-103 
[09:12:48.931] D [  tbb   ] <TbbFlow:> connect: DepoSetFanout:sn_mag_fout_2_14 ( 6 -> 0 ) DepoSetFilter:ds-filter-switch-104 
[09:12:48.931] D [  tbb   ] <TbbFlow:> connect: DepoSetFilter:ds-filter-switch-98 ( 0 -> 0 ) DeposOrBust:dorb-switch-98 
[09:12:48.931] D [  tbb   ] <TbbFlow:> connect: DepoSetFilter:ds-filter-switch-99 ( 0 -> 0 ) DeposOrBust:dorb-switch-99 
[09:12:48.931] D [  tbb   ] <TbbFlow:> connect: DepoSetFilter:ds-filter-switch-100 ( 0 -> 0 ) DeposOrBust:dorb-switch-100 
[09:12:48.931] D [  tbb   ] <TbbFlow:> connect: DepoSetFilter:ds-filter-switch-101 ( 0 -> 0 ) DeposOrBust:dorb-switch-101 
[09:12:48.931] D [  tbb   ] <TbbFlow:> connect: DepoSetFilter:ds-filter-switch-102 ( 0 -> 0 ) DeposOrBust:dorb-switch-102 
[09:12:48.931] D [  tbb   ] <TbbFlow:> connect: DepoSetFilter:ds-filter-switch-103 ( 0 -> 0 ) DeposOrBust:dorb-switch-103 
[09:12:48.931] D [  tbb   ] <TbbFlow:> connect: DepoSetFilter:ds-filter-switch-104 ( 0 -> 0 ) DeposOrBust:dorb-switch-104 
[09:12:48.931] D [  tbb   ] <TbbFlow:> connect: DepoSetFanout:sn_mag_fout_2_15 ( 0 -> 0 ) DepoSetFilter:ds-filter-switch-105 
[09:12:48.931] D [  tbb   ] <TbbFlow:> connect: DepoSetFanout:sn_mag_fout_2_15 ( 1 -> 0 ) DepoSetFilter:ds-filter-switch-106 
[09:12:48.931] D [  tbb   ] <TbbFlow:> connect: DepoSetFanout:sn_mag_fout_2_15 ( 2 -> 0 ) DepoSetFilter:ds-filter-switch-107 
[09:12:48.931] D [  tbb   ] <TbbFlow:> connect: DepoSetFanout:sn_mag_fout_2_15 ( 3 -> 0 ) DepoSetFilter:ds-filter-switch-108 
[09:12:48.931] D [  tbb   ] <TbbFlow:> connect: DepoSetFanout:sn_mag_fout_2_15 ( 4 -> 0 ) DepoSetFilter:ds-filter-switch-109 
[09:12:48.931] D [  tbb   ] <TbbFlow:> connect: DepoSetFanout:sn_mag_fout_2_15 ( 5 -> 0 ) DepoSetFilter:ds-filter-switch-110 
[09:12:48.931] D [  tbb   ] <TbbFlow:> connect: DepoSetFanout:sn_mag_fout_2_15 ( 6 -> 0 ) DepoSetFilter:ds-filter-switch-111 
[09:12:48.931] D [  tbb   ] <TbbFlow:> connect: DepoSetFilter:ds-filter-switch-105 ( 0 -> 0 ) DeposOrBust:dorb-switch-105 
[09:12:48.931] D [  tbb   ] <TbbFlow:> connect: DepoSetFilter:ds-filter-switch-106 ( 0 -> 0 ) DeposOrBust:dorb-switch-106 
[09:12:48.931] D [  tbb   ] <TbbFlow:> connect: DepoSetFilter:ds-filter-switch-107 ( 0 -> 0 ) DeposOrBust:dorb-switch-107 
[09:12:48.931] D [  tbb   ] <TbbFlow:> connect: DepoSetFilter:ds-filter-switch-108 ( 0 -> 0 ) DeposOrBust:dorb-switch-108 
[09:12:48.931] D [  tbb   ] <TbbFlow:> connect: DepoSetFilter:ds-filter-switch-109 ( 0 -> 0 ) DeposOrBust:dorb-switch-109 
[09:12:48.931] D [  tbb   ] <TbbFlow:> connect: DepoSetFilter:ds-filter-switch-110 ( 0 -> 0 ) DeposOrBust:dorb-switch-110 
[09:12:48.931] D [  tbb   ] <TbbFlow:> connect: DepoSetFilter:ds-filter-switch-111 ( 0 -> 0 ) DeposOrBust:dorb-switch-111 
[09:12:48.931] D [  tbb   ] <TbbFlow:> connect: FrameSync:frame-sync-switch-0 ( 0 -> 0 ) FrameFanin:sn_mag_fin_2_0 
[09:12:48.931] D [  tbb   ] <TbbFlow:> connect: FrameFanin:sn_mag_fin_2_0 ( 0 -> 0 ) FrameFanin:sn_mag_fin_1_0 
[09:12:48.931] D [  tbb   ] <TbbFlow:> connect: FrameSync:frame-sync-switch-1 ( 0 -> 1 ) FrameFanin:sn_mag_fin_2_0 
[09:12:48.931] D [  tbb   ] <TbbFlow:> connect: FrameSync:frame-sync-switch-2 ( 0 -> 2 ) FrameFanin:sn_mag_fin_2_0 
[09:12:48.931] D [  tbb   ] <TbbFlow:> connect: FrameSync:frame-sync-switch-3 ( 0 -> 3 ) FrameFanin:sn_mag_fin_2_0 
[09:12:48.931] D [  tbb   ] <TbbFlow:> connect: FrameSync:frame-sync-switch-4 ( 0 -> 4 ) FrameFanin:sn_mag_fin_2_0 
[09:12:48.931] D [  tbb   ] <TbbFlow:> connect: FrameSync:frame-sync-switch-5 ( 0 -> 5 ) FrameFanin:sn_mag_fin_2_0 
[09:12:48.931] D [  tbb   ] <TbbFlow:> connect: FrameSync:frame-sync-switch-6 ( 0 -> 6 ) FrameFanin:sn_mag_fin_2_0 
[09:12:48.931] D [  tbb   ] <TbbFlow:> connect: FrameSync:frame-sync-switch-7 ( 0 -> 0 ) FrameFanin:sn_mag_fin_2_1 
[09:12:48.931] D [  tbb   ] <TbbFlow:> connect: FrameFanin:sn_mag_fin_2_1 ( 0 -> 1 ) FrameFanin:sn_mag_fin_1_0 
[09:12:48.931] D [  tbb   ] <TbbFlow:> connect: FrameSync:frame-sync-switch-8 ( 0 -> 1 ) FrameFanin:sn_mag_fin_2_1 
[09:12:48.931] D [  tbb   ] <TbbFlow:> connect: FrameSync:frame-sync-switch-9 ( 0 -> 2 ) FrameFanin:sn_mag_fin_2_1 
[09:12:48.931] D [  tbb   ] <TbbFlow:> connect: FrameSync:frame-sync-switch-10 ( 0 -> 3 ) FrameFanin:sn_mag_fin_2_1 
[09:12:48.931] D [  tbb   ] <TbbFlow:> connect: FrameSync:frame-sync-switch-11 ( 0 -> 4 ) FrameFanin:sn_mag_fin_2_1 
[09:12:48.931] D [  tbb   ] <TbbFlow:> connect: FrameSync:frame-sync-switch-12 ( 0 -> 5 ) FrameFanin:sn_mag_fin_2_1 
[09:12:48.931] D [  tbb   ] <TbbFlow:> connect: wclsDepoFluxWriter:postdrift ( 0 -> 0 ) DepoSetFanout:sn_mag_fout_0_0 
[09:12:48.931] D [  tbb   ] <TbbFlow:> connect: DepoSetFanout:sn_mag_fout_0_0 ( 0 -> 0 ) DepoSetFanout:sn_mag_fout_1_0 
[09:12:48.931] D [  tbb   ] <TbbFlow:> connect: DepoSetFanout:sn_mag_fout_0_0 ( 1 -> 0 ) DepoSetFanout:sn_mag_fout_1_1 
[09:12:48.931] D [  tbb   ] <TbbFlow:> connect: DepoSetFanout:sn_mag_fout_0_0 ( 2 -> 0 ) DepoSetFanout:sn_mag_fout_1_2 
[09:12:48.931] D [  tbb   ] <TbbFlow:> connect: DepoSetFanout:sn_mag_fout_0_0 ( 3 -> 0 ) DepoSetFanout:sn_mag_fout_1_3 
[09:12:48.931] D [  tbb   ] <TbbFlow:> connect: DepoSetFanout:sn_mag_fout_0_0 ( 4 -> 0 ) DepoSetFanout:sn_mag_fout_1_4 
[09:12:48.931] D [  tbb   ] <TbbFlow:> connect: DepoSetFanout:sn_mag_fout_0_0 ( 5 -> 0 ) DepoSetFanout:sn_mag_fout_1_5 
[09:12:48.931] D [  tbb   ] <TbbFlow:> connect: DepoSetFanout:sn_mag_fout_0_0 ( 6 -> 0 ) DepoSetFanout:sn_mag_fout_1_6 
[09:12:48.931] D [  tbb   ] <TbbFlow:> connect: DepoSetFanout:sn_mag_fout_0_0 ( 7 -> 0 ) DepoSetFanout:sn_mag_fout_1_7 
[09:12:48.931] D [  tbb   ] <TbbFlow:> connect: FrameFanin:sn_mag_fin_0_0 ( 0 -> 0 ) Retagger: 
[09:12:48.931] D [  tbb   ] <TbbFlow:> connect: Retagger: ( 0 -> 0 ) wclsFrameSaver:spsignals 
[09:12:48.931] D [  tbb   ] <TbbFlow:> connect: wclsFrameSaver:spsignals ( 0 -> 0 ) DumpFrames: 
[09:12:48.931] D [  tbb   ] <TbbFlow:> connect: DepoSetFanout:sn_mag_fout_2_0 ( 0 -> 0 ) DepoSetFilter:ds-filter-switch-0 
[09:12:48.931] D [  tbb   ] <TbbFlow:> connect: DepoSetFanout:sn_mag_fout_2_0 ( 1 -> 0 ) DepoSetFilter:ds-filter-switch-1 
[09:12:48.931] D [  tbb   ] <TbbFlow:> connect: DepoSetFanout:sn_mag_fout_2_0 ( 2 -> 0 ) DepoSetFilter:ds-filter-switch-2 
[09:12:48.931] D [  tbb   ] <TbbFlow:> connect: DepoSetFanout:sn_mag_fout_2_0 ( 3 -> 0 ) DepoSetFilter:ds-filter-switch-3 
[09:12:48.931] D [  tbb   ] <TbbFlow:> connect: DepoSetFanout:sn_mag_fout_2_0 ( 4 -> 0 ) DepoSetFilter:ds-filter-switch-4 
[09:12:48.931] D [  tbb   ] <TbbFlow:> connect: DepoSetFanout:sn_mag_fout_2_0 ( 5 -> 0 ) DepoSetFilter:ds-filter-switch-5 
[09:12:48.931] D [  tbb   ] <TbbFlow:> connect: DepoSetFanout:sn_mag_fout_2_0 ( 6 -> 0 ) DepoSetFilter:ds-filter-switch-6 
[09:12:48.931] D [  tbb   ] <TbbFlow:> connect: DepoSetFilter:ds-filter-switch-0 ( 0 -> 0 ) DeposOrBust:dorb-switch-0 
[09:12:48.931] D [  tbb   ] <TbbFlow:> connect: DepoSetFilter:ds-filter-switch-1 ( 0 -> 0 ) DeposOrBust:dorb-switch-1 
[09:12:48.931] D [  tbb   ] <TbbFlow:> connect: DepoSetFilter:ds-filter-switch-2 ( 0 -> 0 ) DeposOrBust:dorb-switch-2 
[09:12:48.931] D [  tbb   ] <TbbFlow:> connect: DepoSetFilter:ds-filter-switch-3 ( 0 -> 0 ) DeposOrBust:dorb-switch-3 
[09:12:48.931] D [  tbb   ] <TbbFlow:> connect: DepoSetFilter:ds-filter-switch-4 ( 0 -> 0 ) DeposOrBust:dorb-switch-4 
[09:12:48.931] D [  tbb   ] <TbbFlow:> connect: DepoSetFilter:ds-filter-switch-5 ( 0 -> 0 ) DeposOrBust:dorb-switch-5 
[09:12:48.932] D [  tbb   ] <TbbFlow:> connect: DepoSetFilter:ds-filter-switch-6 ( 0 -> 0 ) DeposOrBust:dorb-switch-6 
[09:12:48.932] D [  tbb   ] <TbbFlow:> connect: DepoSetFanout:sn_mag_fout_2_1 ( 0 -> 0 ) DepoSetFilter:ds-filter-switch-7 
[09:12:48.932] D [  tbb   ] <TbbFlow:> connect: DepoSetFanout:sn_mag_fout_2_1 ( 1 -> 0 ) DepoSetFilter:ds-filter-switch-8 
[09:12:48.932] D [  tbb   ] <TbbFlow:> connect: DepoSetFanout:sn_mag_fout_2_1 ( 2 -> 0 ) DepoSetFilter:ds-filter-switch-9 
[09:12:48.932] D [  tbb   ] <TbbFlow:> connect: DepoSetFanout:sn_mag_fout_2_1 ( 3 -> 0 ) DepoSetFilter:ds-filter-switch-10 
[09:12:48.932] D [  tbb   ] <TbbFlow:> connect: DepoSetFanout:sn_mag_fout_2_1 ( 4 -> 0 ) DepoSetFilter:ds-filter-switch-11 
[09:12:48.932] D [  tbb   ] <TbbFlow:> connect: DepoSetFanout:sn_mag_fout_2_1 ( 5 -> 0 ) DepoSetFilter:ds-filter-switch-12 
[09:12:48.932] D [  tbb   ] <TbbFlow:> connect: DepoSetFanout:sn_mag_fout_2_1 ( 6 -> 0 ) DepoSetFilter:ds-filter-switch-13 
[09:12:48.932] D [  tbb   ] <TbbFlow:> connect: DepoSetFilter:ds-filter-switch-7 ( 0 -> 0 ) DeposOrBust:dorb-switch-7 
[09:12:48.932] D [  tbb   ] <TbbFlow:> connect: DepoSetFilter:ds-filter-switch-8 ( 0 -> 0 ) DeposOrBust:dorb-switch-8 
[09:12:48.932] D [  tbb   ] <TbbFlow:> connect: DepoSetFilter:ds-filter-switch-9 ( 0 -> 0 ) DeposOrBust:dorb-switch-9 
[09:12:48.932] D [  tbb   ] <TbbFlow:> connect: DepoSetFilter:ds-filter-switch-10 ( 0 -> 0 ) DeposOrBust:dorb-switch-10 
[09:12:48.932] D [  tbb   ] <TbbFlow:> connect: DepoSetFilter:ds-filter-switch-11 ( 0 -> 0 ) DeposOrBust:dorb-switch-11 
[09:12:48.932] D [  tbb   ] <TbbFlow:> connect: DepoSetFilter:ds-filter-switch-12 ( 0 -> 0 ) DeposOrBust:dorb-switch-12 
[09:12:48.932] D [  tbb   ] <TbbFlow:> connect: DepoSetFilter:ds-filter-switch-13 ( 0 -> 0 ) DeposOrBust:dorb-switch-13 
[09:12:48.932] D [  tbb   ] <TbbFlow:> connect: DepoSetFanout:sn_mag_fout_2_2 ( 0 -> 0 ) DepoSetFilter:ds-filter-switch-14 
[09:12:48.932] D [  tbb   ] <TbbFlow:> connect: DepoSetFanout:sn_mag_fout_2_2 ( 1 -> 0 ) DepoSetFilter:ds-filter-switch-15 
[09:12:48.932] D [  tbb   ] <TbbFlow:> connect: DepoSetFanout:sn_mag_fout_2_2 ( 2 -> 0 ) DepoSetFilter:ds-filter-switch-16 
[09:12:48.932] D [  tbb   ] <TbbFlow:> connect: DepoSetFanout:sn_mag_fout_2_2 ( 3 -> 0 ) DepoSetFilter:ds-filter-switch-17 
[09:12:48.932] D [  tbb   ] <TbbFlow:> connect: DepoSetFanout:sn_mag_fout_2_2 ( 4 -> 0 ) DepoSetFilter:ds-filter-switch-18 
[09:12:48.932] D [  tbb   ] <TbbFlow:> connect: DepoSetFanout:sn_mag_fout_2_2 ( 5 -> 0 ) DepoSetFilter:ds-filter-switch-19 
[09:12:48.932] D [  tbb   ] <TbbFlow:> connect: DepoSetFanout:sn_mag_fout_2_2 ( 6 -> 0 ) DepoSetFilter:ds-filter-switch-20 
[09:12:48.932] D [  tbb   ] <TbbFlow:> connect: DepoSetFilter:ds-filter-switch-14 ( 0 -> 0 ) DeposOrBust:dorb-switch-14 
[09:12:48.932] D [  tbb   ] <TbbFlow:> connect: DepoSetFilter:ds-filter-switch-15 ( 0 -> 0 ) DeposOrBust:dorb-switch-15 
[09:12:48.932] D [  tbb   ] <TbbFlow:> connect: DepoSetFilter:ds-filter-switch-16 ( 0 -> 0 ) DeposOrBust:dorb-switch-16 
[09:12:48.932] D [  tbb   ] <TbbFlow:> connect: DepoSetFilter:ds-filter-switch-17 ( 0 -> 0 ) DeposOrBust:dorb-switch-17 
[09:12:48.932] D [  tbb   ] <TbbFlow:> connect: DepoSetFilter:ds-filter-switch-18 ( 0 -> 0 ) DeposOrBust:dorb-switch-18 
[09:12:48.932] D [  tbb   ] <TbbFlow:> connect: DepoSetFilter:ds-filter-switch-19 ( 0 -> 0 ) DeposOrBust:dorb-switch-19 
[09:12:48.932] D [  tbb   ] <TbbFlow:> connect: DepoSetFilter:ds-filter-switch-20 ( 0 -> 0 ) DeposOrBust:dorb-switch-20 
[09:12:48.932] D [  tbb   ] <TbbFlow:> connect: DepoSetFanout:sn_mag_fout_2_3 ( 0 -> 0 ) DepoSetFilter:ds-filter-switch-21 
[09:12:48.932] D [  tbb   ] <TbbFlow:> connect: DepoSetFanout:sn_mag_fout_2_3 ( 1 -> 0 ) DepoSetFilter:ds-filter-switch-22 
[09:12:48.932] D [  tbb   ] <TbbFlow:> connect: DepoSetFanout:sn_mag_fout_2_3 ( 2 -> 0 ) DepoSetFilter:ds-filter-switch-23 
[09:12:48.932] D [  tbb   ] <TbbFlow:> connect: DepoSetFanout:sn_mag_fout_2_3 ( 3 -> 0 ) DepoSetFilter:ds-filter-switch-24 
[09:12:48.932] D [  tbb   ] <TbbFlow:> connect: DepoSetFanout:sn_mag_fout_2_3 ( 4 -> 0 ) DepoSetFilter:ds-filter-switch-25 
[09:12:48.932] D [  tbb   ] <TbbFlow:> connect: DepoSetFanout:sn_mag_fout_2_3 ( 5 -> 0 ) DepoSetFilter:ds-filter-switch-26 
[09:12:48.932] D [  tbb   ] <TbbFlow:> connect: DepoSetFanout:sn_mag_fout_2_3 ( 6 -> 0 ) DepoSetFilter:ds-filter-switch-27 
[09:12:48.932] D [  tbb   ] <TbbFlow:> connect: DepoSetFilter:ds-filter-switch-21 ( 0 -> 0 ) DeposOrBust:dorb-switch-21 
[09:12:48.932] D [  tbb   ] <TbbFlow:> connect: DepoSetFilter:ds-filter-switch-22 ( 0 -> 0 ) DeposOrBust:dorb-switch-22 
[09:12:48.932] D [  tbb   ] <TbbFlow:> connect: wclsSimDepoSetSource: ( 0 -> 0 ) DepoSetDrifter: 
[09:12:48.932] D [  tbb   ] <TbbFlow:> connect: DepoSetDrifter: ( 0 -> 0 ) wclsDepoFluxWriter:postdrift 
[09:12:48.932] D [  tbb   ] <TbbFlow:> connect: FrameSync:frame-sync-switch-13 ( 0 -> 6 ) FrameFanin:sn_mag_fin_2_1 
[09:12:48.932] D [  tbb   ] <TbbFlow:> connect: FrameSync:frame-sync-switch-14 ( 0 -> 0 ) FrameFanin:sn_mag_fin_2_2 
[09:12:48.932] D [  tbb   ] <TbbFlow:> connect: FrameFanin:sn_mag_fin_2_2 ( 0 -> 0 ) FrameFanin:sn_mag_fin_1_1 
[09:12:48.932] D [  tbb   ] <TbbFlow:> connect: FrameSync:frame-sync-switch-15 ( 0 -> 1 ) FrameFanin:sn_mag_fin_2_2 
[09:12:48.932] D [  tbb   ] <TbbFlow:> connect: FrameSync:frame-sync-switch-16 ( 0 -> 2 ) FrameFanin:sn_mag_fin_2_2 
[09:12:48.932] D [  tbb   ] <TbbFlow:> connect: FrameSync:frame-sync-switch-17 ( 0 -> 3 ) FrameFanin:sn_mag_fin_2_2 
[09:12:48.932] D [  tbb   ] <TbbFlow:> connect: FrameSync:frame-sync-switch-18 ( 0 -> 4 ) FrameFanin:sn_mag_fin_2_2 
[09:12:48.932] D [  tbb   ] <TbbFlow:> connect: FrameSync:frame-sync-switch-19 ( 0 -> 5 ) FrameFanin:sn_mag_fin_2_2 
[09:12:48.932] D [  tbb   ] <TbbFlow:> connect: FrameSync:frame-sync-switch-20 ( 0 -> 6 ) FrameFanin:sn_mag_fin_2_2 
[09:12:48.932] D [  tbb   ] <TbbFlow:> connect: FrameSync:frame-sync-switch-21 ( 0 -> 0 ) FrameFanin:sn_mag_fin_2_3 
[09:12:48.932] D [  tbb   ] <TbbFlow:> connect: FrameFanin:sn_mag_fin_2_3 ( 0 -> 1 ) FrameFanin:sn_mag_fin_1_1 
[09:12:48.932] D [  tbb   ] <TbbFlow:> connect: FrameSync:frame-sync-switch-22 ( 0 -> 1 ) FrameFanin:sn_mag_fin_2_3 
[09:12:48.932] D [  tbb   ] <TbbFlow:> connect: FrameSync:frame-sync-switch-23 ( 0 -> 2 ) FrameFanin:sn_mag_fin_2_3 
[09:12:48.932] D [  tbb   ] <TbbFlow:> connect: FrameSync:frame-sync-switch-24 ( 0 -> 3 ) FrameFanin:sn_mag_fin_2_3 
[09:12:48.932] D [  tbb   ] <TbbFlow:> connect: FrameSync:frame-sync-switch-25 ( 0 -> 4 ) FrameFanin:sn_mag_fin_2_3 
[09:12:48.932] D [  tbb   ] <TbbFlow:> connect: FrameSync:frame-sync-switch-26 ( 0 -> 5 ) FrameFanin:sn_mag_fin_2_3 
[09:12:48.932] D [  tbb   ] <TbbFlow:> connect: FrameSync:frame-sync-switch-27 ( 0 -> 6 ) FrameFanin:sn_mag_fin_2_3 
[09:12:48.932] D [  tbb   ] <TbbFlow:> connect: FrameSync:frame-sync-switch-28 ( 0 -> 0 ) FrameFanin:sn_mag_fin_2_4 
[09:12:48.932] D [  tbb   ] <TbbFlow:> connect: FrameFanin:sn_mag_fin_2_4 ( 0 -> 0 ) FrameFanin:sn_mag_fin_1_2 
[09:12:48.932] D [  tbb   ] <TbbFlow:> connect: FrameSync:frame-sync-switch-29 ( 0 -> 1 ) FrameFanin:sn_mag_fin_2_4 
[09:12:48.932] D [  tbb   ] <TbbFlow:> connect: FrameSync:frame-sync-switch-30 ( 0 -> 2 ) FrameFanin:sn_mag_fin_2_4 
[09:12:48.932] D [  tbb   ] <TbbFlow:> connect: FrameSync:frame-sync-switch-31 ( 0 -> 3 ) FrameFanin:sn_mag_fin_2_4 
[09:12:48.932] D [  tbb   ] <TbbFlow:> connect: FrameSync:frame-sync-switch-32 ( 0 -> 4 ) FrameFanin:sn_mag_fin_2_4 
[09:12:48.932] D [  tbb   ] <TbbFlow:> connect: FrameSync:frame-sync-switch-33 ( 0 -> 5 ) FrameFanin:sn_mag_fin_2_4 
[09:12:48.932] D [  tbb   ] <TbbFlow:> connect: FrameSync:frame-sync-switch-34 ( 0 -> 6 ) FrameFanin:sn_mag_fin_2_4 
[09:12:48.932] D [  tbb   ] <TbbFlow:> connect: FrameSync:frame-sync-switch-35 ( 0 -> 0 ) FrameFanin:sn_mag_fin_2_5 
[09:12:48.932] D [  tbb   ] <TbbFlow:> connect: FrameFanin:sn_mag_fin_2_5 ( 0 -> 1 ) FrameFanin:sn_mag_fin_1_2 
[09:12:48.932] D [  tbb   ] <TbbFlow:> connect: FrameSync:frame-sync-switch-36 ( 0 -> 1 ) FrameFanin:sn_mag_fin_2_5 
[09:12:48.932] D [  tbb   ] <TbbFlow:> connect: FrameSync:frame-sync-switch-37 ( 0 -> 2 ) FrameFanin:sn_mag_fin_2_5 
[09:12:48.932] D [  tbb   ] <TbbFlow:> connect: FrameSync:frame-sync-switch-38 ( 0 -> 3 ) FrameFanin:sn_mag_fin_2_5 
[09:12:48.932] D [  tbb   ] <TbbFlow:> connect: FrameSync:frame-sync-switch-39 ( 0 -> 4 ) FrameFanin:sn_mag_fin_2_5 
[09:12:48.932] D [  tbb   ] <TbbFlow:> connect: FrameSync:frame-sync-switch-40 ( 0 -> 5 ) FrameFanin:sn_mag_fin_2_5 
[09:12:48.932] D [  tbb   ] <TbbFlow:> connect: FrameSync:frame-sync-switch-41 ( 0 -> 6 ) FrameFanin:sn_mag_fin_2_5 
[09:12:48.932] D [  tbb   ] <TbbFlow:> connect: FrameSync:frame-sync-switch-42 ( 0 -> 0 ) FrameFanin:sn_mag_fin_2_6 
[09:12:48.932] D [  tbb   ] <TbbFlow:> connect: FrameFanin:sn_mag_fin_2_6 ( 0 -> 0 ) FrameFanin:sn_mag_fin_1_3 
[09:12:48.932] D [  tbb   ] <TbbFlow:> connect: FrameSync:frame-sync-switch-43 ( 0 -> 1 ) FrameFanin:sn_mag_fin_2_6 
[09:12:48.932] D [  tbb   ] <TbbFlow:> connect: FrameSync:frame-sync-switch-44 ( 0 -> 2 ) FrameFanin:sn_mag_fin_2_6 
[09:12:48.932] D [  tbb   ] <TbbFlow:> connect: FrameSync:frame-sync-switch-45 ( 0 -> 3 ) FrameFanin:sn_mag_fin_2_6 
[09:12:48.932] D [  tbb   ] <TbbFlow:> connect: FrameSync:frame-sync-switch-46 ( 0 -> 4 ) FrameFanin:sn_mag_fin_2_6 
[09:12:48.932] D [  tbb   ] <TbbFlow:> connect: FrameSync:frame-sync-switch-47 ( 0 -> 5 ) FrameFanin:sn_mag_fin_2_6 
[09:12:48.932] D [  tbb   ] <TbbFlow:> connect: FrameSync:frame-sync-switch-48 ( 0 -> 6 ) FrameFanin:sn_mag_fin_2_6 
[09:12:48.932] D [  tbb   ] <TbbFlow:> connect: FrameSync:frame-sync-switch-49 ( 0 -> 0 ) FrameFanin:sn_mag_fin_2_7 
[09:12:48.932] D [  tbb   ] <TbbFlow:> connect: FrameFanin:sn_mag_fin_2_7 ( 0 -> 1 ) FrameFanin:sn_mag_fin_1_3 
[09:12:48.932] D [  tbb   ] <TbbFlow:> connect: FrameSync:frame-sync-switch-50 ( 0 -> 1 ) FrameFanin:sn_mag_fin_2_7 
[09:12:48.932] D [  tbb   ] <TbbFlow:> connect: FrameSync:frame-sync-switch-51 ( 0 -> 2 ) FrameFanin:sn_mag_fin_2_7 
[09:12:48.932] D [  tbb   ] <TbbFlow:> connect: FrameSync:frame-sync-switch-52 ( 0 -> 3 ) FrameFanin:sn_mag_fin_2_7 
[09:12:48.932] D [  tbb   ] <TbbFlow:> connect: FrameSync:frame-sync-switch-53 ( 0 -> 4 ) FrameFanin:sn_mag_fin_2_7 
[09:12:48.932] D [  tbb   ] <TbbFlow:> connect: FrameSync:frame-sync-switch-54 ( 0 -> 5 ) FrameFanin:sn_mag_fin_2_7 
[09:12:48.932] D [  tbb   ] <TbbFlow:> connect: FrameSync:frame-sync-switch-55 ( 0 -> 6 ) FrameFanin:sn_mag_fin_2_7 
[09:12:48.932] D [  tbb   ] <TbbFlow:> connect: FrameSync:frame-sync-switch-56 ( 0 -> 0 ) FrameFanin:sn_mag_fin_2_8 
[09:12:48.932] D [  tbb   ] <TbbFlow:> connect: FrameFanin:sn_mag_fin_2_8 ( 0 -> 0 ) FrameFanin:sn_mag_fin_1_4 
[09:12:48.932] D [  tbb   ] <TbbFlow:> connect: FrameSync:frame-sync-switch-57 ( 0 -> 1 ) FrameFanin:sn_mag_fin_2_8 
[09:12:48.932] D [  tbb   ] <TbbFlow:> connect: FrameSync:frame-sync-switch-58 ( 0 -> 2 ) FrameFanin:sn_mag_fin_2_8 
[09:12:48.932] D [  tbb   ] <TbbFlow:> connect: FrameSync:frame-sync-switch-59 ( 0 -> 3 ) FrameFanin:sn_mag_fin_2_8 
[09:12:48.932] D [  tbb   ] <TbbFlow:> connect: FrameSync:frame-sync-switch-60 ( 0 -> 4 ) FrameFanin:sn_mag_fin_2_8 
[09:12:48.932] D [  tbb   ] <TbbFlow:> connect: FrameSync:frame-sync-switch-61 ( 0 -> 5 ) FrameFanin:sn_mag_fin_2_8 
[09:12:48.932] D [  tbb   ] <TbbFlow:> connect: FrameSync:frame-sync-switch-62 ( 0 -> 6 ) FrameFanin:sn_mag_fin_2_8 
[09:12:48.932] D [  tbb   ] <TbbFlow:> connect: FrameSync:frame-sync-switch-63 ( 0 -> 0 ) FrameFanin:sn_mag_fin_2_9 
[09:12:48.932] D [  tbb   ] <TbbFlow:> connect: FrameFanin:sn_mag_fin_2_9 ( 0 -> 1 ) FrameFanin:sn_mag_fin_1_4 
[09:12:48.933] D [  tbb   ] <TbbFlow:> connect: FrameSync:frame-sync-switch-64 ( 0 -> 1 ) FrameFanin:sn_mag_fin_2_9 
[09:12:48.933] D [  tbb   ] <TbbFlow:> connect: FrameSync:frame-sync-switch-65 ( 0 -> 2 ) FrameFanin:sn_mag_fin_2_9 
[09:12:48.933] D [  tbb   ] <TbbFlow:> connect: FrameSync:frame-sync-switch-66 ( 0 -> 3 ) FrameFanin:sn_mag_fin_2_9 
[09:12:48.933] D [  tbb   ] <TbbFlow:> connect: FrameSync:frame-sync-switch-67 ( 0 -> 4 ) FrameFanin:sn_mag_fin_2_9 
[09:12:48.933] D [  tbb   ] <TbbFlow:> connect: FrameSync:frame-sync-switch-68 ( 0 -> 5 ) FrameFanin:sn_mag_fin_2_9 
[09:12:48.933] D [  tbb   ] <TbbFlow:> connect: FrameSync:frame-sync-switch-69 ( 0 -> 6 ) FrameFanin:sn_mag_fin_2_9 
[09:12:48.933] D [  tbb   ] <TbbFlow:> connect: FrameSync:frame-sync-switch-70 ( 0 -> 0 ) FrameFanin:sn_mag_fin_2_10 
[09:12:48.933] D [  tbb   ] <TbbFlow:> connect: FrameFanin:sn_mag_fin_2_10 ( 0 -> 0 ) FrameFanin:sn_mag_fin_1_5 
[09:12:48.933] D [  tbb   ] <TbbFlow:> connect: FrameSync:frame-sync-switch-71 ( 0 -> 1 ) FrameFanin:sn_mag_fin_2_10 
[09:12:48.933] D [  tbb   ] <TbbFlow:> connect: FrameSync:frame-sync-switch-72 ( 0 -> 2 ) FrameFanin:sn_mag_fin_2_10 
[09:12:48.933] D [  tbb   ] <TbbFlow:> connect: FrameSync:frame-sync-switch-73 ( 0 -> 3 ) FrameFanin:sn_mag_fin_2_10 
[09:12:48.933] D [  tbb   ] <TbbFlow:> connect: FrameSync:frame-sync-switch-74 ( 0 -> 4 ) FrameFanin:sn_mag_fin_2_10 
[09:12:48.933] D [  tbb   ] <TbbFlow:> connect: FrameSync:frame-sync-switch-75 ( 0 -> 5 ) FrameFanin:sn_mag_fin_2_10 
[09:12:48.933] D [  tbb   ] <TbbFlow:> connect: FrameSync:frame-sync-switch-76 ( 0 -> 6 ) FrameFanin:sn_mag_fin_2_10 
[09:12:48.933] D [  tbb   ] <TbbFlow:> connect: FrameSync:frame-sync-switch-77 ( 0 -> 0 ) FrameFanin:sn_mag_fin_2_11 
[09:12:48.933] D [  tbb   ] <TbbFlow:> connect: FrameFanin:sn_mag_fin_2_11 ( 0 -> 1 ) FrameFanin:sn_mag_fin_1_5 
[09:12:48.933] D [  tbb   ] <TbbFlow:> connect: FrameSync:frame-sync-switch-78 ( 0 -> 1 ) FrameFanin:sn_mag_fin_2_11 
[09:12:48.933] D [  tbb   ] <TbbFlow:> connect: FrameSync:frame-sync-switch-79 ( 0 -> 2 ) FrameFanin:sn_mag_fin_2_11 
[09:12:48.933] D [  tbb   ] <TbbFlow:> connect: FrameSync:frame-sync-switch-80 ( 0 -> 3 ) FrameFanin:sn_mag_fin_2_11 
[09:12:48.933] D [  tbb   ] <TbbFlow:> connect: FrameSync:frame-sync-switch-81 ( 0 -> 4 ) FrameFanin:sn_mag_fin_2_11 
[09:12:48.933] D [  tbb   ] <TbbFlow:> connect: FrameSync:frame-sync-switch-82 ( 0 -> 5 ) FrameFanin:sn_mag_fin_2_11 
[09:12:48.933] D [  tbb   ] <TbbFlow:> connect: FrameSync:frame-sync-switch-83 ( 0 -> 6 ) FrameFanin:sn_mag_fin_2_11 
[09:12:48.933] D [  tbb   ] <TbbFlow:> connect: FrameSync:frame-sync-switch-84 ( 0 -> 0 ) FrameFanin:sn_mag_fin_2_12 
[09:12:48.933] D [  tbb   ] <TbbFlow:> connect: FrameFanin:sn_mag_fin_2_12 ( 0 -> 0 ) FrameFanin:sn_mag_fin_1_6 
[09:12:48.933] D [  tbb   ] <TbbFlow:> connect: FrameSync:frame-sync-switch-85 ( 0 -> 1 ) FrameFanin:sn_mag_fin_2_12 
[09:12:48.933] D [  tbb   ] <TbbFlow:> connect: FrameSync:frame-sync-switch-86 ( 0 -> 2 ) FrameFanin:sn_mag_fin_2_12 
[09:12:48.933] D [  tbb   ] <TbbFlow:> connect: FrameSync:frame-sync-switch-87 ( 0 -> 3 ) FrameFanin:sn_mag_fin_2_12 
[09:12:48.933] D [  tbb   ] <TbbFlow:> connect: FrameSync:frame-sync-switch-88 ( 0 -> 4 ) FrameFanin:sn_mag_fin_2_12 
[09:12:48.933] D [  tbb   ] <TbbFlow:> connect: FrameSync:frame-sync-switch-89 ( 0 -> 5 ) FrameFanin:sn_mag_fin_2_12 
[09:12:48.933] D [  tbb   ] <TbbFlow:> connect: FrameSync:frame-sync-switch-90 ( 0 -> 6 ) FrameFanin:sn_mag_fin_2_12 
[09:12:48.933] D [  tbb   ] <TbbFlow:> connect: FrameSync:frame-sync-switch-91 ( 0 -> 0 ) FrameFanin:sn_mag_fin_2_13 
[09:12:48.933] D [  tbb   ] <TbbFlow:> connect: FrameFanin:sn_mag_fin_2_13 ( 0 -> 1 ) FrameFanin:sn_mag_fin_1_6 
[09:12:48.933] D [  tbb   ] <TbbFlow:> connect: FrameSync:frame-sync-switch-92 ( 0 -> 1 ) FrameFanin:sn_mag_fin_2_13 
[09:12:48.933] D [  tbb   ] <TbbFlow:> connect: FrameSync:frame-sync-switch-93 ( 0 -> 2 ) FrameFanin:sn_mag_fin_2_13 
[09:12:48.933] D [  tbb   ] <TbbFlow:> connect: FrameSync:frame-sync-switch-94 ( 0 -> 3 ) FrameFanin:sn_mag_fin_2_13 
[09:12:48.933] D [  tbb   ] <TbbFlow:> connect: FrameSync:frame-sync-switch-95 ( 0 -> 4 ) FrameFanin:sn_mag_fin_2_13 
[09:12:48.933] D [  tbb   ] <TbbFlow:> connect: FrameSync:frame-sync-switch-96 ( 0 -> 5 ) FrameFanin:sn_mag_fin_2_13 
[09:12:48.933] D [  tbb   ] <TbbFlow:> connect: FrameSync:frame-sync-switch-97 ( 0 -> 6 ) FrameFanin:sn_mag_fin_2_13 
[09:12:48.933] D [  tbb   ] <TbbFlow:> connect: FrameSync:frame-sync-switch-98 ( 0 -> 0 ) FrameFanin:sn_mag_fin_2_14 
[09:12:48.933] D [  tbb   ] <TbbFlow:> connect: FrameFanin:sn_mag_fin_2_14 ( 0 -> 0 ) FrameFanin:sn_mag_fin_1_7 
[09:12:48.933] D [  tbb   ] <TbbFlow:> connect: FrameSync:frame-sync-switch-99 ( 0 -> 1 ) FrameFanin:sn_mag_fin_2_14 
[09:12:48.933] D [  tbb   ] <TbbFlow:> connect: FrameSync:frame-sync-switch-100 ( 0 -> 2 ) FrameFanin:sn_mag_fin_2_14 
[09:12:48.933] D [  tbb   ] <TbbFlow:> connect: FrameSync:frame-sync-switch-101 ( 0 -> 3 ) FrameFanin:sn_mag_fin_2_14 
[09:12:48.933] D [  tbb   ] <TbbFlow:> connect: FrameSync:frame-sync-switch-102 ( 0 -> 4 ) FrameFanin:sn_mag_fin_2_14 
[09:12:48.933] D [  tbb   ] <TbbFlow:> connect: FrameSync:frame-sync-switch-103 ( 0 -> 5 ) FrameFanin:sn_mag_fin_2_14 
[09:12:48.933] D [  tbb   ] <TbbFlow:> connect: FrameSync:frame-sync-switch-104 ( 0 -> 6 ) FrameFanin:sn_mag_fin_2_14 
[09:12:48.933] D [  tbb   ] <TbbFlow:> connect: FrameSync:frame-sync-switch-105 ( 0 -> 0 ) FrameFanin:sn_mag_fin_2_15 
[09:12:48.933] D [  tbb   ] <TbbFlow:> connect: FrameFanin:sn_mag_fin_2_15 ( 0 -> 1 ) FrameFanin:sn_mag_fin_1_7 
[09:12:48.933] D [  tbb   ] <TbbFlow:> connect: FrameSync:frame-sync-switch-106 ( 0 -> 1 ) FrameFanin:sn_mag_fin_2_15 
[09:12:48.933] D [  tbb   ] <TbbFlow:> connect: FrameSync:frame-sync-switch-107 ( 0 -> 2 ) FrameFanin:sn_mag_fin_2_15 
[09:12:48.933] D [  tbb   ] <TbbFlow:> connect: FrameSync:frame-sync-switch-108 ( 0 -> 3 ) FrameFanin:sn_mag_fin_2_15 
[09:12:48.933] D [  tbb   ] <TbbFlow:> connect: FrameSync:frame-sync-switch-109 ( 0 -> 4 ) FrameFanin:sn_mag_fin_2_15 
[09:12:48.933] D [  tbb   ] <TbbFlow:> connect: FrameSync:frame-sync-switch-110 ( 0 -> 5 ) FrameFanin:sn_mag_fin_2_15 
[09:12:48.933] D [  tbb   ] <TbbFlow:> connect: FrameSync:frame-sync-switch-111 ( 0 -> 6 ) FrameFanin:sn_mag_fin_2_15 
[09:12:48.933] D [  tbb   ] <TbbFlow:> connect: DepoSetFanout:sn_mag_fout_1_0 ( 0 -> 0 ) DepoSetFanout:sn_mag_fout_2_0 
[09:12:48.933] D [  tbb   ] <TbbFlow:> connect: DepoSetFanout:sn_mag_fout_1_0 ( 1 -> 0 ) DepoSetFanout:sn_mag_fout_2_1 
[09:12:48.933] D [  tbb   ] <TbbFlow:> connect: DepoSetFanout:sn_mag_fout_1_1 ( 0 -> 0 ) DepoSetFanout:sn_mag_fout_2_2 
[09:12:48.933] D [  tbb   ] <TbbFlow:> connect: DepoSetFanout:sn_mag_fout_1_1 ( 1 -> 0 ) DepoSetFanout:sn_mag_fout_2_3 
[09:12:48.933] D [  tbb   ] <TbbFlow:> connect: DepoSetFanout:sn_mag_fout_1_2 ( 0 -> 0 ) DepoSetFanout:sn_mag_fout_2_4 
[09:12:48.933] D [  tbb   ] <TbbFlow:> connect: DepoSetFanout:sn_mag_fout_1_2 ( 1 -> 0 ) DepoSetFanout:sn_mag_fout_2_5 
[09:12:48.933] D [  tbb   ] <TbbFlow:> connect: DepoSetFanout:sn_mag_fout_1_3 ( 0 -> 0 ) DepoSetFanout:sn_mag_fout_2_6 
[09:12:48.933] D [  tbb   ] <TbbFlow:> connect: DepoSetFanout:sn_mag_fout_1_3 ( 1 -> 0 ) DepoSetFanout:sn_mag_fout_2_7 
[09:12:48.933] D [  tbb   ] <TbbFlow:> connect: DepoSetFanout:sn_mag_fout_1_4 ( 0 -> 0 ) DepoSetFanout:sn_mag_fout_2_8 
[09:12:48.933] D [  tbb   ] <TbbFlow:> connect: DepoSetFanout:sn_mag_fout_1_4 ( 1 -> 0 ) DepoSetFanout:sn_mag_fout_2_9 
[09:12:48.933] D [  tbb   ] <TbbFlow:> connect: DepoSetFanout:sn_mag_fout_1_5 ( 0 -> 0 ) DepoSetFanout:sn_mag_fout_2_10 
[09:12:48.933] D [  tbb   ] <TbbFlow:> connect: DepoSetFanout:sn_mag_fout_1_5 ( 1 -> 0 ) DepoSetFanout:sn_mag_fout_2_11 
[09:12:48.933] D [  tbb   ] <TbbFlow:> connect: DepoSetFanout:sn_mag_fout_1_6 ( 0 -> 0 ) DepoSetFanout:sn_mag_fout_2_12 
[09:12:48.933] D [  tbb   ] <TbbFlow:> connect: DepoSetFanout:sn_mag_fout_1_6 ( 1 -> 0 ) DepoSetFanout:sn_mag_fout_2_13 
[09:12:48.933] D [  tbb   ] <TbbFlow:> connect: DepoSetFanout:sn_mag_fout_1_7 ( 0 -> 0 ) DepoSetFanout:sn_mag_fout_2_14 
[09:12:48.933] D [  tbb   ] <TbbFlow:> connect: DepoSetFanout:sn_mag_fout_1_7 ( 1 -> 0 ) DepoSetFanout:sn_mag_fout_2_15 
[09:12:48.933] D [  tbb   ] <TbbFlow:> connect: FrameFanin:sn_mag_fin_1_0 ( 0 -> 0 ) FrameFanin:sn_mag_fin_0_0 
[09:12:48.933] D [  tbb   ] <TbbFlow:> connect: FrameFanin:sn_mag_fin_1_1 ( 0 -> 1 ) FrameFanin:sn_mag_fin_0_0 
[09:12:48.933] D [  tbb   ] <TbbFlow:> connect: FrameFanin:sn_mag_fin_1_2 ( 0 -> 2 ) FrameFanin:sn_mag_fin_0_0 
[09:12:48.933] D [  tbb   ] <TbbFlow:> connect: FrameFanin:sn_mag_fin_1_3 ( 0 -> 3 ) FrameFanin:sn_mag_fin_0_0 
[09:12:48.933] D [  tbb   ] <TbbFlow:> connect: FrameFanin:sn_mag_fin_1_4 ( 0 -> 4 ) FrameFanin:sn_mag_fin_0_0 
[09:12:48.933] D [  tbb   ] <TbbFlow:> connect: FrameFanin:sn_mag_fin_1_5 ( 0 -> 5 ) FrameFanin:sn_mag_fin_0_0 
[09:12:48.933] D [  tbb   ] <TbbFlow:> connect: FrameFanin:sn_mag_fin_1_6 ( 0 -> 6 ) FrameFanin:sn_mag_fin_0_0 
[09:12:48.933] D [  tbb   ] <TbbFlow:> connect: FrameFanin:sn_mag_fin_1_7 ( 0 -> 7 ) FrameFanin:sn_mag_fin_0_0 
[09:12:48.933] D [  tbb   ] <TbbFlow:> connect: DeposOrBust:dorb-switch-0 ( 0 -> 0 ) DepoTransform:ductor0 
[09:12:48.933] D [  tbb   ] <TbbFlow:> connect: DeposOrBust:dorb-switch-0 ( 1 -> 1 ) FrameSync:frame-sync-switch-0 
[09:12:48.933] D [  tbb   ] <TbbFlow:> connect: DepoTransform:ductor0 ( 0 -> 0 ) Reframer:reframer0 
[09:12:48.933] D [  tbb   ] <TbbFlow:> connect: OmnibusSigProc:crm0sigproc0 ( 0 -> 0 ) FrameSync:frame-sync-switch-0 
[09:12:48.933] D [  tbb   ] <TbbFlow:> connect: Digitizer:digitizer0 ( 0 -> 0 ) OmnibusSigProc:crm0sigproc0 
[09:12:48.933] D [  tbb   ] <TbbFlow:> connect: Reframer:reframer0 ( 0 -> 0 ) AddNoise:addnoisecrm0 
[09:12:48.933] D [  tbb   ] <TbbFlow:> connect: AddNoise:addnoisecrm0 ( 0 -> 0 ) Digitizer:digitizer0 
[09:12:48.933] D [  tbb   ] <TbbFlow:> connect: DeposOrBust:dorb-switch-1 ( 0 -> 0 ) DepoTransform:ductor1 
[09:12:48.933] D [  tbb   ] <TbbFlow:> connect: DeposOrBust:dorb-switch-1 ( 1 -> 1 ) FrameSync:frame-sync-switch-1 
[09:12:48.933] D [  tbb   ] <TbbFlow:> connect: DepoTransform:ductor1 ( 0 -> 0 ) Reframer:reframer1 
[09:12:48.933] D [  tbb   ] <TbbFlow:> connect: OmnibusSigProc:crm1sigproc1 ( 0 -> 0 ) FrameSync:frame-sync-switch-1 
[09:12:48.933] D [  tbb   ] <TbbFlow:> connect: Digitizer:digitizer1 ( 0 -> 0 ) OmnibusSigProc:crm1sigproc1 
[09:12:48.933] D [  tbb   ] <TbbFlow:> connect: Reframer:reframer1 ( 0 -> 0 ) AddNoise:addnoisecrm1 
[09:12:48.933] D [  tbb   ] <TbbFlow:> connect: AddNoise:addnoisecrm1 ( 0 -> 0 ) Digitizer:digitizer1 
[09:12:48.933] D [  tbb   ] <TbbFlow:> connect: DeposOrBust:dorb-switch-2 ( 0 -> 0 ) DepoTransform:ductor2 
[09:12:48.933] D [  tbb   ] <TbbFlow:> connect: DeposOrBust:dorb-switch-2 ( 1 -> 1 ) FrameSync:frame-sync-switch-2 
[09:12:48.933] D [  tbb   ] <TbbFlow:> connect: DepoTransform:ductor2 ( 0 -> 0 ) Reframer:reframer2 
[09:12:48.933] D [  tbb   ] <TbbFlow:> connect: OmnibusSigProc:crm2sigproc2 ( 0 -> 0 ) FrameSync:frame-sync-switch-2 
[09:12:48.933] D [  tbb   ] <TbbFlow:> connect: Digitizer:digitizer2 ( 0 -> 0 ) OmnibusSigProc:crm2sigproc2 
[09:12:48.933] D [  tbb   ] <TbbFlow:> connect: Reframer:reframer2 ( 0 -> 0 ) AddNoise:addnoisecrm2 
[09:12:48.933] D [  tbb   ] <TbbFlow:> connect: AddNoise:addnoisecrm2 ( 0 -> 0 ) Digitizer:digitizer2 
[09:12:48.933] D [  tbb   ] <TbbFlow:> connect: DeposOrBust:dorb-switch-3 ( 0 -> 0 ) DepoTransform:ductor3 
[09:12:48.933] D [  tbb   ] <TbbFlow:> connect: DeposOrBust:dorb-switch-3 ( 1 -> 1 ) FrameSync:frame-sync-switch-3 
[09:12:48.933] D [  tbb   ] <TbbFlow:> connect: DepoTransform:ductor3 ( 0 -> 0 ) Reframer:reframer3 
[09:12:48.933] D [  tbb   ] <TbbFlow:> connect: OmnibusSigProc:crm3sigproc3 ( 0 -> 0 ) FrameSync:frame-sync-switch-3 
[09:12:48.933] D [  tbb   ] <TbbFlow:> connect: Digitizer:digitizer3 ( 0 -> 0 ) OmnibusSigProc:crm3sigproc3 
[09:12:48.934] D [  tbb   ] <TbbFlow:> connect: Reframer:reframer3 ( 0 -> 0 ) AddNoise:addnoisecrm3 
[09:12:48.934] D [  tbb   ] <TbbFlow:> connect: AddNoise:addnoisecrm3 ( 0 -> 0 ) Digitizer:digitizer3 
[09:12:48.934] D [  tbb   ] <TbbFlow:> connect: DeposOrBust:dorb-switch-4 ( 0 -> 0 ) DepoTransform:ductor4 
[09:12:48.934] D [  tbb   ] <TbbFlow:> connect: DeposOrBust:dorb-switch-4 ( 1 -> 1 ) FrameSync:frame-sync-switch-4 
[09:12:48.934] D [  tbb   ] <TbbFlow:> connect: DepoTransform:ductor4 ( 0 -> 0 ) Reframer:reframer4 
[09:12:48.934] D [  tbb   ] <TbbFlow:> connect: OmnibusSigProc:crm4sigproc4 ( 0 -> 0 ) FrameSync:frame-sync-switch-4 
[09:12:48.934] D [  tbb   ] <TbbFlow:> connect: Digitizer:digitizer4 ( 0 -> 0 ) OmnibusSigProc:crm4sigproc4 
[09:12:48.934] D [  tbb   ] <TbbFlow:> connect: Reframer:reframer4 ( 0 -> 0 ) AddNoise:addnoisecrm4 
[09:12:48.934] D [  tbb   ] <TbbFlow:> connect: AddNoise:addnoisecrm4 ( 0 -> 0 ) Digitizer:digitizer4 
[09:12:48.934] D [  tbb   ] <TbbFlow:> connect: DeposOrBust:dorb-switch-5 ( 0 -> 0 ) DepoTransform:ductor5 
[09:12:48.934] D [  tbb   ] <TbbFlow:> connect: DeposOrBust:dorb-switch-5 ( 1 -> 1 ) FrameSync:frame-sync-switch-5 
[09:12:48.934] D [  tbb   ] <TbbFlow:> connect: DepoTransform:ductor5 ( 0 -> 0 ) Reframer:reframer5 
[09:12:48.934] D [  tbb   ] <TbbFlow:> connect: OmnibusSigProc:crm5sigproc5 ( 0 -> 0 ) FrameSync:frame-sync-switch-5 
[09:12:48.934] D [  tbb   ] <TbbFlow:> connect: Digitizer:digitizer5 ( 0 -> 0 ) OmnibusSigProc:crm5sigproc5 
[09:12:48.934] D [  tbb   ] <TbbFlow:> connect: Reframer:reframer5 ( 0 -> 0 ) AddNoise:addnoisecrm5 
[09:12:48.934] D [  tbb   ] <TbbFlow:> connect: AddNoise:addnoisecrm5 ( 0 -> 0 ) Digitizer:digitizer5 
[09:12:48.934] D [  tbb   ] <TbbFlow:> connect: DeposOrBust:dorb-switch-6 ( 0 -> 0 ) DepoTransform:ductor6 
[09:12:48.934] D [  tbb   ] <TbbFlow:> connect: DeposOrBust:dorb-switch-6 ( 1 -> 1 ) FrameSync:frame-sync-switch-6 
[09:12:48.934] D [  tbb   ] <TbbFlow:> connect: DepoTransform:ductor6 ( 0 -> 0 ) Reframer:reframer6 
[09:12:48.934] D [  tbb   ] <TbbFlow:> connect: OmnibusSigProc:crm6sigproc6 ( 0 -> 0 ) FrameSync:frame-sync-switch-6 
[09:12:48.934] D [  tbb   ] <TbbFlow:> connect: Digitizer:digitizer6 ( 0 -> 0 ) OmnibusSigProc:crm6sigproc6 
[09:12:48.934] D [  tbb   ] <TbbFlow:> connect: Reframer:reframer6 ( 0 -> 0 ) AddNoise:addnoisecrm6 
[09:12:48.934] D [  tbb   ] <TbbFlow:> connect: AddNoise:addnoisecrm6 ( 0 -> 0 ) Digitizer:digitizer6 
[09:12:48.934] D [  tbb   ] <TbbFlow:> connect: DeposOrBust:dorb-switch-7 ( 0 -> 0 ) DepoTransform:ductor7 
[09:12:48.934] D [  tbb   ] <TbbFlow:> connect: DeposOrBust:dorb-switch-7 ( 1 -> 1 ) FrameSync:frame-sync-switch-7 
[09:12:48.934] D [  tbb   ] <TbbFlow:> connect: DepoTransform:ductor7 ( 0 -> 0 ) Reframer:reframer7 
[09:12:48.934] D [  tbb   ] <TbbFlow:> connect: OmnibusSigProc:crm7sigproc7 ( 0 -> 0 ) FrameSync:frame-sync-switch-7 
[09:12:48.934] D [  tbb   ] <TbbFlow:> connect: Digitizer:digitizer7 ( 0 -> 0 ) OmnibusSigProc:crm7sigproc7 
[09:12:48.934] D [  tbb   ] <TbbFlow:> connect: Reframer:reframer7 ( 0 -> 0 ) AddNoise:addnoisecrm7 
[09:12:48.934] D [  tbb   ] <TbbFlow:> connect: AddNoise:addnoisecrm7 ( 0 -> 0 ) Digitizer:digitizer7 
[09:12:48.934] D [  tbb   ] <TbbFlow:> connect: DeposOrBust:dorb-switch-8 ( 0 -> 0 ) DepoTransform:ductor8 
[09:12:48.934] D [  tbb   ] <TbbFlow:> connect: DeposOrBust:dorb-switch-8 ( 1 -> 1 ) FrameSync:frame-sync-switch-8 
[09:12:48.934] D [  tbb   ] <TbbFlow:> connect: DepoTransform:ductor8 ( 0 -> 0 ) Reframer:reframer8 
[09:12:48.934] D [  tbb   ] <TbbFlow:> connect: OmnibusSigProc:crm8sigproc8 ( 0 -> 0 ) FrameSync:frame-sync-switch-8 
[09:12:48.934] D [  tbb   ] <TbbFlow:> connect: Digitizer:digitizer8 ( 0 -> 0 ) OmnibusSigProc:crm8sigproc8 
[09:12:48.934] D [  tbb   ] <TbbFlow:> connect: Reframer:reframer8 ( 0 -> 0 ) AddNoise:addnoisecrm8 
[09:12:48.934] D [  tbb   ] <TbbFlow:> connect: AddNoise:addnoisecrm8 ( 0 -> 0 ) Digitizer:digitizer8 
[09:12:48.934] D [  tbb   ] <TbbFlow:> connect: DeposOrBust:dorb-switch-9 ( 0 -> 0 ) DepoTransform:ductor9 
[09:12:48.934] D [  tbb   ] <TbbFlow:> connect: DeposOrBust:dorb-switch-9 ( 1 -> 1 ) FrameSync:frame-sync-switch-9 
[09:12:48.934] D [  tbb   ] <TbbFlow:> connect: DepoTransform:ductor9 ( 0 -> 0 ) Reframer:reframer9 
[09:12:48.934] D [  tbb   ] <TbbFlow:> connect: OmnibusSigProc:crm9sigproc9 ( 0 -> 0 ) FrameSync:frame-sync-switch-9 
[09:12:48.934] D [  tbb   ] <TbbFlow:> connect: Digitizer:digitizer9 ( 0 -> 0 ) OmnibusSigProc:crm9sigproc9 
[09:12:48.934] D [  tbb   ] <TbbFlow:> connect: Reframer:reframer9 ( 0 -> 0 ) AddNoise:addnoisecrm9 
[09:12:48.934] D [  tbb   ] <TbbFlow:> connect: AddNoise:addnoisecrm9 ( 0 -> 0 ) Digitizer:digitizer9 
[09:12:48.934] D [  tbb   ] <TbbFlow:> connect: DeposOrBust:dorb-switch-10 ( 0 -> 0 ) DepoTransform:ductor10 
[09:12:48.934] D [  tbb   ] <TbbFlow:> connect: DeposOrBust:dorb-switch-10 ( 1 -> 1 ) FrameSync:frame-sync-switch-10 
[09:12:48.934] D [  tbb   ] <TbbFlow:> connect: DepoTransform:ductor10 ( 0 -> 0 ) Reframer:reframer10 
[09:12:48.934] D [  tbb   ] <TbbFlow:> connect: OmnibusSigProc:crm10sigproc10 ( 0 -> 0 ) FrameSync:frame-sync-switch-10 
[09:12:48.934] D [  tbb   ] <TbbFlow:> connect: Digitizer:digitizer10 ( 0 -> 0 ) OmnibusSigProc:crm10sigproc10 
[09:12:48.934] D [  tbb   ] <TbbFlow:> connect: Reframer:reframer10 ( 0 -> 0 ) AddNoise:addnoisecrm10 
[09:12:48.934] D [  tbb   ] <TbbFlow:> connect: AddNoise:addnoisecrm10 ( 0 -> 0 ) Digitizer:digitizer10 
[09:12:48.934] D [  tbb   ] <TbbFlow:> connect: DeposOrBust:dorb-switch-11 ( 0 -> 0 ) DepoTransform:ductor11 
[09:12:48.934] D [  tbb   ] <TbbFlow:> connect: DeposOrBust:dorb-switch-11 ( 1 -> 1 ) FrameSync:frame-sync-switch-11 
[09:12:48.934] D [  tbb   ] <TbbFlow:> connect: DepoTransform:ductor11 ( 0 -> 0 ) Reframer:reframer11 
[09:12:48.934] D [  tbb   ] <TbbFlow:> connect: OmnibusSigProc:crm11sigproc11 ( 0 -> 0 ) FrameSync:frame-sync-switch-11 
[09:12:48.934] D [  tbb   ] <TbbFlow:> connect: Digitizer:digitizer11 ( 0 -> 0 ) OmnibusSigProc:crm11sigproc11 
[09:12:48.934] D [  tbb   ] <TbbFlow:> connect: Reframer:reframer11 ( 0 -> 0 ) AddNoise:addnoisecrm11 
[09:12:48.934] D [  tbb   ] <TbbFlow:> connect: AddNoise:addnoisecrm11 ( 0 -> 0 ) Digitizer:digitizer11 
[09:12:48.934] D [  tbb   ] <TbbFlow:> connect: DeposOrBust:dorb-switch-12 ( 0 -> 0 ) DepoTransform:ductor12 
[09:12:48.934] D [  tbb   ] <TbbFlow:> connect: DeposOrBust:dorb-switch-12 ( 1 -> 1 ) FrameSync:frame-sync-switch-12 
[09:12:48.934] D [  tbb   ] <TbbFlow:> connect: DepoTransform:ductor12 ( 0 -> 0 ) Reframer:reframer12 
[09:12:48.934] D [  tbb   ] <TbbFlow:> connect: OmnibusSigProc:crm12sigproc12 ( 0 -> 0 ) FrameSync:frame-sync-switch-12 
[09:12:48.934] D [  tbb   ] <TbbFlow:> connect: Digitizer:digitizer12 ( 0 -> 0 ) OmnibusSigProc:crm12sigproc12 
[09:12:48.934] D [  tbb   ] <TbbFlow:> connect: Reframer:reframer12 ( 0 -> 0 ) AddNoise:addnoisecrm12 
[09:12:48.934] D [  tbb   ] <TbbFlow:> connect: AddNoise:addnoisecrm12 ( 0 -> 0 ) Digitizer:digitizer12 
[09:12:48.934] D [  tbb   ] <TbbFlow:> connect: DeposOrBust:dorb-switch-13 ( 0 -> 0 ) DepoTransform:ductor13 
[09:12:48.934] D [  tbb   ] <TbbFlow:> connect: DeposOrBust:dorb-switch-13 ( 1 -> 1 ) FrameSync:frame-sync-switch-13 
[09:12:48.934] D [  tbb   ] <TbbFlow:> connect: DepoTransform:ductor13 ( 0 -> 0 ) Reframer:reframer13 
[09:12:48.934] D [  tbb   ] <TbbFlow:> connect: OmnibusSigProc:crm13sigproc13 ( 0 -> 0 ) FrameSync:frame-sync-switch-13 
[09:12:48.934] D [  tbb   ] <TbbFlow:> connect: Digitizer:digitizer13 ( 0 -> 0 ) OmnibusSigProc:crm13sigproc13 
[09:12:48.934] D [  tbb   ] <TbbFlow:> connect: Reframer:reframer13 ( 0 -> 0 ) AddNoise:addnoisecrm13 
[09:12:48.934] D [  tbb   ] <TbbFlow:> connect: AddNoise:addnoisecrm13 ( 0 -> 0 ) Digitizer:digitizer13 
[09:12:48.934] D [  tbb   ] <TbbFlow:> connect: DeposOrBust:dorb-switch-14 ( 0 -> 0 ) DepoTransform:ductor14 
[09:12:48.934] D [  tbb   ] <TbbFlow:> connect: DeposOrBust:dorb-switch-14 ( 1 -> 1 ) FrameSync:frame-sync-switch-14 
[09:12:48.934] D [  tbb   ] <TbbFlow:> connect: DepoTransform:ductor14 ( 0 -> 0 ) Reframer:reframer14 
[09:12:48.934] D [  tbb   ] <TbbFlow:> connect: OmnibusSigProc:crm14sigproc14 ( 0 -> 0 ) FrameSync:frame-sync-switch-14 
[09:12:48.934] D [  tbb   ] <TbbFlow:> connect: Digitizer:digitizer14 ( 0 -> 0 ) OmnibusSigProc:crm14sigproc14 
[09:12:48.934] D [  tbb   ] <TbbFlow:> connect: Reframer:reframer14 ( 0 -> 0 ) AddNoise:addnoisecrm14 
[09:12:48.934] D [  tbb   ] <TbbFlow:> connect: AddNoise:addnoisecrm14 ( 0 -> 0 ) Digitizer:digitizer14 
[09:12:48.934] D [  tbb   ] <TbbFlow:> connect: DeposOrBust:dorb-switch-15 ( 0 -> 0 ) DepoTransform:ductor15 
[09:12:48.934] D [  tbb   ] <TbbFlow:> connect: DeposOrBust:dorb-switch-15 ( 1 -> 1 ) FrameSync:frame-sync-switch-15 
[09:12:48.934] D [  tbb   ] <TbbFlow:> connect: DepoTransform:ductor15 ( 0 -> 0 ) Reframer:reframer15 
[09:12:48.934] D [  tbb   ] <TbbFlow:> connect: OmnibusSigProc:crm15sigproc15 ( 0 -> 0 ) FrameSync:frame-sync-switch-15 
[09:12:48.934] D [  tbb   ] <TbbFlow:> connect: Digitizer:digitizer15 ( 0 -> 0 ) OmnibusSigProc:crm15sigproc15 
[09:12:48.934] D [  tbb   ] <TbbFlow:> connect: Reframer:reframer15 ( 0 -> 0 ) AddNoise:addnoisecrm15 
[09:12:48.934] D [  tbb   ] <TbbFlow:> connect: AddNoise:addnoisecrm15 ( 0 -> 0 ) Digitizer:digitizer15 
[09:12:48.934] D [  tbb   ] <TbbFlow:> connect: DeposOrBust:dorb-switch-16 ( 0 -> 0 ) DepoTransform:ductor16 
[09:12:48.934] D [  tbb   ] <TbbFlow:> connect: DeposOrBust:dorb-switch-16 ( 1 -> 1 ) FrameSync:frame-sync-switch-16 
[09:12:48.934] D [  tbb   ] <TbbFlow:> connect: DepoTransform:ductor16 ( 0 -> 0 ) Reframer:reframer16 
[09:12:48.934] D [  tbb   ] <TbbFlow:> connect: OmnibusSigProc:crm16sigproc16 ( 0 -> 0 ) FrameSync:frame-sync-switch-16 
[09:12:48.934] D [  tbb   ] <TbbFlow:> connect: Digitizer:digitizer16 ( 0 -> 0 ) OmnibusSigProc:crm16sigproc16 
[09:12:48.934] D [  tbb   ] <TbbFlow:> connect: Reframer:reframer16 ( 0 -> 0 ) AddNoise:addnoisecrm16 
[09:12:48.934] D [  tbb   ] <TbbFlow:> connect: AddNoise:addnoisecrm16 ( 0 -> 0 ) Digitizer:digitizer16 
[09:12:48.934] D [  tbb   ] <TbbFlow:> connect: DeposOrBust:dorb-switch-17 ( 0 -> 0 ) DepoTransform:ductor17 
[09:12:48.934] D [  tbb   ] <TbbFlow:> connect: DeposOrBust:dorb-switch-17 ( 1 -> 1 ) FrameSync:frame-sync-switch-17 
[09:12:48.934] D [  tbb   ] <TbbFlow:> connect: DepoTransform:ductor17 ( 0 -> 0 ) Reframer:reframer17 
[09:12:48.934] D [  tbb   ] <TbbFlow:> connect: OmnibusSigProc:crm17sigproc17 ( 0 -> 0 ) FrameSync:frame-sync-switch-17 
[09:12:48.934] D [  tbb   ] <TbbFlow:> connect: Digitizer:digitizer17 ( 0 -> 0 ) OmnibusSigProc:crm17sigproc17 
[09:12:48.934] D [  tbb   ] <TbbFlow:> connect: Reframer:reframer17 ( 0 -> 0 ) AddNoise:addnoisecrm17 
[09:12:48.934] D [  tbb   ] <TbbFlow:> connect: AddNoise:addnoisecrm17 ( 0 -> 0 ) Digitizer:digitizer17 
[09:12:48.934] D [  tbb   ] <TbbFlow:> connect: DeposOrBust:dorb-switch-18 ( 0 -> 0 ) DepoTransform:ductor18 
[09:12:48.934] D [  tbb   ] <TbbFlow:> connect: DeposOrBust:dorb-switch-18 ( 1 -> 1 ) FrameSync:frame-sync-switch-18 
[09:12:48.934] D [  tbb   ] <TbbFlow:> connect: DepoTransform:ductor18 ( 0 -> 0 ) Reframer:reframer18 
[09:12:48.934] D [  tbb   ] <TbbFlow:> connect: OmnibusSigProc:crm18sigproc18 ( 0 -> 0 ) FrameSync:frame-sync-switch-18 
[09:12:48.934] D [  tbb   ] <TbbFlow:> connect: Digitizer:digitizer18 ( 0 -> 0 ) OmnibusSigProc:crm18sigproc18 
[09:12:48.934] D [  tbb   ] <TbbFlow:> connect: Reframer:reframer18 ( 0 -> 0 ) AddNoise:addnoisecrm18 
[09:12:48.934] D [  tbb   ] <TbbFlow:> connect: AddNoise:addnoisecrm18 ( 0 -> 0 ) Digitizer:digitizer18 
[09:12:48.934] D [  tbb   ] <TbbFlow:> connect: DeposOrBust:dorb-switch-19 ( 0 -> 0 ) DepoTransform:ductor19 
[09:12:48.934] D [  tbb   ] <TbbFlow:> connect: DeposOrBust:dorb-switch-19 ( 1 -> 1 ) FrameSync:frame-sync-switch-19 
[09:12:48.934] D [  tbb   ] <TbbFlow:> connect: DepoTransform:ductor19 ( 0 -> 0 ) Reframer:reframer19 
[09:12:48.934] D [  tbb   ] <TbbFlow:> connect: OmnibusSigProc:crm19sigproc19 ( 0 -> 0 ) FrameSync:frame-sync-switch-19 
[09:12:48.934] D [  tbb   ] <TbbFlow:> connect: Digitizer:digitizer19 ( 0 -> 0 ) OmnibusSigProc:crm19sigproc19 
[09:12:48.934] D [  tbb   ] <TbbFlow:> connect: Reframer:reframer19 ( 0 -> 0 ) AddNoise:addnoisecrm19 
[09:12:48.934] D [  tbb   ] <TbbFlow:> connect: AddNoise:addnoisecrm19 ( 0 -> 0 ) Digitizer:digitizer19 
[09:12:48.934] D [  tbb   ] <TbbFlow:> connect: DeposOrBust:dorb-switch-20 ( 0 -> 0 ) DepoTransform:ductor20 
[09:12:48.934] D [  tbb   ] <TbbFlow:> connect: DeposOrBust:dorb-switch-20 ( 1 -> 1 ) FrameSync:frame-sync-switch-20 
[09:12:48.934] D [  tbb   ] <TbbFlow:> connect: DepoTransform:ductor20 ( 0 -> 0 ) Reframer:reframer20 
[09:12:48.934] D [  tbb   ] <TbbFlow:> connect: OmnibusSigProc:crm20sigproc20 ( 0 -> 0 ) FrameSync:frame-sync-switch-20 
[09:12:48.934] D [  tbb   ] <TbbFlow:> connect: Digitizer:digitizer20 ( 0 -> 0 ) OmnibusSigProc:crm20sigproc20 
[09:12:48.934] D [  tbb   ] <TbbFlow:> connect: Reframer:reframer20 ( 0 -> 0 ) AddNoise:addnoisecrm20 
[09:12:48.934] D [  tbb   ] <TbbFlow:> connect: AddNoise:addnoisecrm20 ( 0 -> 0 ) Digitizer:digitizer20 
[09:12:48.934] D [  tbb   ] <TbbFlow:> connect: DeposOrBust:dorb-switch-21 ( 0 -> 0 ) DepoTransform:ductor21 
[09:12:48.934] D [  tbb   ] <TbbFlow:> connect: DeposOrBust:dorb-switch-21 ( 1 -> 1 ) FrameSync:frame-sync-switch-21 
[09:12:48.934] D [  tbb   ] <TbbFlow:> connect: DepoTransform:ductor21 ( 0 -> 0 ) Reframer:reframer21 
[09:12:48.934] D [  tbb   ] <TbbFlow:> connect: OmnibusSigProc:crm21sigproc21 ( 0 -> 0 ) FrameSync:frame-sync-switch-21 
[09:12:48.934] D [  tbb   ] <TbbFlow:> connect: Digitizer:digitizer21 ( 0 -> 0 ) OmnibusSigProc:crm21sigproc21 
[09:12:48.934] D [  tbb   ] <TbbFlow:> connect: Reframer:reframer21 ( 0 -> 0 ) AddNoise:addnoisecrm21 
[09:12:48.934] D [  tbb   ] <TbbFlow:> connect: AddNoise:addnoisecrm21 ( 0 -> 0 ) Digitizer:digitizer21 
[09:12:48.935] D [  tbb   ] <TbbFlow:> connect: DeposOrBust:dorb-switch-22 ( 0 -> 0 ) DepoTransform:ductor22 
[09:12:48.935] D [  tbb   ] <TbbFlow:> connect: DeposOrBust:dorb-switch-22 ( 1 -> 1 ) FrameSync:frame-sync-switch-22 
[09:12:48.935] D [  tbb   ] <TbbFlow:> connect: DepoTransform:ductor22 ( 0 -> 0 ) Reframer:reframer22 
[09:12:48.935] D [  tbb   ] <TbbFlow:> connect: OmnibusSigProc:crm22sigproc22 ( 0 -> 0 ) FrameSync:frame-sync-switch-22 
[09:12:48.935] D [  tbb   ] <TbbFlow:> connect: Digitizer:digitizer22 ( 0 -> 0 ) OmnibusSigProc:crm22sigproc22 
[09:12:48.935] D [  tbb   ] <TbbFlow:> connect: Reframer:reframer22 ( 0 -> 0 ) AddNoise:addnoisecrm22 
[09:12:48.935] D [  tbb   ] <TbbFlow:> connect: AddNoise:addnoisecrm22 ( 0 -> 0 ) Digitizer:digitizer22 
[09:12:48.935] D [  tbb   ] <TbbFlow:> connect: DeposOrBust:dorb-switch-23 ( 0 -> 0 ) DepoTransform:ductor23 
[09:12:48.935] D [  tbb   ] <TbbFlow:> connect: DeposOrBust:dorb-switch-23 ( 1 -> 1 ) FrameSync:frame-sync-switch-23 
[09:12:48.935] D [  tbb   ] <TbbFlow:> connect: DepoTransform:ductor23 ( 0 -> 0 ) Reframer:reframer23 
[09:12:48.935] D [  tbb   ] <TbbFlow:> connect: OmnibusSigProc:crm23sigproc23 ( 0 -> 0 ) FrameSync:frame-sync-switch-23 
[09:12:48.935] D [  tbb   ] <TbbFlow:> connect: Digitizer:digitizer23 ( 0 -> 0 ) OmnibusSigProc:crm23sigproc23 
[09:12:48.935] D [  tbb   ] <TbbFlow:> connect: Reframer:reframer23 ( 0 -> 0 ) AddNoise:addnoisecrm23 
[09:12:48.935] D [  tbb   ] <TbbFlow:> connect: AddNoise:addnoisecrm23 ( 0 -> 0 ) Digitizer:digitizer23 
[09:12:48.935] D [  tbb   ] <TbbFlow:> connect: DeposOrBust:dorb-switch-24 ( 0 -> 0 ) DepoTransform:ductor24 
[09:12:48.935] D [  tbb   ] <TbbFlow:> connect: DeposOrBust:dorb-switch-24 ( 1 -> 1 ) FrameSync:frame-sync-switch-24 
[09:12:48.935] D [  tbb   ] <TbbFlow:> connect: DepoTransform:ductor24 ( 0 -> 0 ) Reframer:reframer24 
[09:12:48.935] D [  tbb   ] <TbbFlow:> connect: OmnibusSigProc:crm24sigproc24 ( 0 -> 0 ) FrameSync:frame-sync-switch-24 
[09:12:48.935] D [  tbb   ] <TbbFlow:> connect: Digitizer:digitizer24 ( 0 -> 0 ) OmnibusSigProc:crm24sigproc24 
[09:12:48.935] D [  tbb   ] <TbbFlow:> connect: Reframer:reframer24 ( 0 -> 0 ) AddNoise:addnoisecrm24 
[09:12:48.935] D [  tbb   ] <TbbFlow:> connect: AddNoise:addnoisecrm24 ( 0 -> 0 ) Digitizer:digitizer24 
[09:12:48.935] D [  tbb   ] <TbbFlow:> connect: DeposOrBust:dorb-switch-25 ( 0 -> 0 ) DepoTransform:ductor25 
[09:12:48.935] D [  tbb   ] <TbbFlow:> connect: DeposOrBust:dorb-switch-25 ( 1 -> 1 ) FrameSync:frame-sync-switch-25 
[09:12:48.935] D [  tbb   ] <TbbFlow:> connect: DepoTransform:ductor25 ( 0 -> 0 ) Reframer:reframer25 
[09:12:48.935] D [  tbb   ] <TbbFlow:> connect: OmnibusSigProc:crm25sigproc25 ( 0 -> 0 ) FrameSync:frame-sync-switch-25 
[09:12:48.935] D [  tbb   ] <TbbFlow:> connect: Digitizer:digitizer25 ( 0 -> 0 ) OmnibusSigProc:crm25sigproc25 
[09:12:48.935] D [  tbb   ] <TbbFlow:> connect: Reframer:reframer25 ( 0 -> 0 ) AddNoise:addnoisecrm25 
[09:12:48.935] D [  tbb   ] <TbbFlow:> connect: AddNoise:addnoisecrm25 ( 0 -> 0 ) Digitizer:digitizer25 
[09:12:48.935] D [  tbb   ] <TbbFlow:> connect: DeposOrBust:dorb-switch-26 ( 0 -> 0 ) DepoTransform:ductor26 
[09:12:48.935] D [  tbb   ] <TbbFlow:> connect: DeposOrBust:dorb-switch-26 ( 1 -> 1 ) FrameSync:frame-sync-switch-26 
[09:12:48.935] D [  tbb   ] <TbbFlow:> connect: DepoTransform:ductor26 ( 0 -> 0 ) Reframer:reframer26 
[09:12:48.935] D [  tbb   ] <TbbFlow:> connect: OmnibusSigProc:crm26sigproc26 ( 0 -> 0 ) FrameSync:frame-sync-switch-26 
[09:12:48.935] D [  tbb   ] <TbbFlow:> connect: Digitizer:digitizer26 ( 0 -> 0 ) OmnibusSigProc:crm26sigproc26 
[09:12:48.935] D [  tbb   ] <TbbFlow:> connect: Reframer:reframer26 ( 0 -> 0 ) AddNoise:addnoisecrm26 
[09:12:48.935] D [  tbb   ] <TbbFlow:> connect: AddNoise:addnoisecrm26 ( 0 -> 0 ) Digitizer:digitizer26 
[09:12:48.935] D [  tbb   ] <TbbFlow:> connect: DeposOrBust:dorb-switch-27 ( 0 -> 0 ) DepoTransform:ductor27 
[09:12:48.935] D [  tbb   ] <TbbFlow:> connect: DeposOrBust:dorb-switch-27 ( 1 -> 1 ) FrameSync:frame-sync-switch-27 
[09:12:48.935] D [  tbb   ] <TbbFlow:> connect: DepoTransform:ductor27 ( 0 -> 0 ) Reframer:reframer27 
[09:12:48.935] D [  tbb   ] <TbbFlow:> connect: OmnibusSigProc:crm27sigproc27 ( 0 -> 0 ) FrameSync:frame-sync-switch-27 
[09:12:48.935] D [  tbb   ] <TbbFlow:> connect: Digitizer:digitizer27 ( 0 -> 0 ) OmnibusSigProc:crm27sigproc27 
[09:12:48.935] D [  tbb   ] <TbbFlow:> connect: Reframer:reframer27 ( 0 -> 0 ) AddNoise:addnoisecrm27 
[09:12:48.935] D [  tbb   ] <TbbFlow:> connect: AddNoise:addnoisecrm27 ( 0 -> 0 ) Digitizer:digitizer27 
[09:12:48.935] D [  tbb   ] <TbbFlow:> connect: DeposOrBust:dorb-switch-28 ( 0 -> 0 ) DepoTransform:ductor28 
[09:12:48.935] D [  tbb   ] <TbbFlow:> connect: DeposOrBust:dorb-switch-28 ( 1 -> 1 ) FrameSync:frame-sync-switch-28 
[09:12:48.935] D [  tbb   ] <TbbFlow:> connect: DepoTransform:ductor28 ( 0 -> 0 ) Reframer:reframer28 
[09:12:48.935] D [  tbb   ] <TbbFlow:> connect: OmnibusSigProc:crm28sigproc28 ( 0 -> 0 ) FrameSync:frame-sync-switch-28 
[09:12:48.935] D [  tbb   ] <TbbFlow:> connect: Digitizer:digitizer28 ( 0 -> 0 ) OmnibusSigProc:crm28sigproc28 
[09:12:48.935] D [  tbb   ] <TbbFlow:> connect: Reframer:reframer28 ( 0 -> 0 ) AddNoise:addnoisecrm28 
[09:12:48.935] D [  tbb   ] <TbbFlow:> connect: AddNoise:addnoisecrm28 ( 0 -> 0 ) Digitizer:digitizer28 
[09:12:48.935] D [  tbb   ] <TbbFlow:> connect: DeposOrBust:dorb-switch-29 ( 0 -> 0 ) DepoTransform:ductor29 
[09:12:48.935] D [  tbb   ] <TbbFlow:> connect: DeposOrBust:dorb-switch-29 ( 1 -> 1 ) FrameSync:frame-sync-switch-29 
[09:12:48.935] D [  tbb   ] <TbbFlow:> connect: DepoTransform:ductor29 ( 0 -> 0 ) Reframer:reframer29 
[09:12:48.935] D [  tbb   ] <TbbFlow:> connect: OmnibusSigProc:crm29sigproc29 ( 0 -> 0 ) FrameSync:frame-sync-switch-29 
[09:12:48.935] D [  tbb   ] <TbbFlow:> connect: Digitizer:digitizer29 ( 0 -> 0 ) OmnibusSigProc:crm29sigproc29 
[09:12:48.935] D [  tbb   ] <TbbFlow:> connect: Reframer:reframer29 ( 0 -> 0 ) AddNoise:addnoisecrm29 
[09:12:48.935] D [  tbb   ] <TbbFlow:> connect: AddNoise:addnoisecrm29 ( 0 -> 0 ) Digitizer:digitizer29 
[09:12:48.935] D [  tbb   ] <TbbFlow:> connect: DeposOrBust:dorb-switch-30 ( 0 -> 0 ) DepoTransform:ductor30 
[09:12:48.935] D [  tbb   ] <TbbFlow:> connect: DeposOrBust:dorb-switch-30 ( 1 -> 1 ) FrameSync:frame-sync-switch-30 
[09:12:48.935] D [  tbb   ] <TbbFlow:> connect: DepoTransform:ductor30 ( 0 -> 0 ) Reframer:reframer30 
[09:12:48.935] D [  tbb   ] <TbbFlow:> connect: OmnibusSigProc:crm30sigproc30 ( 0 -> 0 ) FrameSync:frame-sync-switch-30 
[09:12:48.935] D [  tbb   ] <TbbFlow:> connect: Digitizer:digitizer30 ( 0 -> 0 ) OmnibusSigProc:crm30sigproc30 
[09:12:48.935] D [  tbb   ] <TbbFlow:> connect: Reframer:reframer30 ( 0 -> 0 ) AddNoise:addnoisecrm30 
[09:12:48.935] D [  tbb   ] <TbbFlow:> connect: AddNoise:addnoisecrm30 ( 0 -> 0 ) Digitizer:digitizer30 
[09:12:48.935] D [  tbb   ] <TbbFlow:> connect: DeposOrBust:dorb-switch-31 ( 0 -> 0 ) DepoTransform:ductor31 
[09:12:48.935] D [  tbb   ] <TbbFlow:> connect: DeposOrBust:dorb-switch-31 ( 1 -> 1 ) FrameSync:frame-sync-switch-31 
[09:12:48.935] D [  tbb   ] <TbbFlow:> connect: DepoTransform:ductor31 ( 0 -> 0 ) Reframer:reframer31 
[09:12:48.935] D [  tbb   ] <TbbFlow:> connect: OmnibusSigProc:crm31sigproc31 ( 0 -> 0 ) FrameSync:frame-sync-switch-31 
[09:12:48.935] D [  tbb   ] <TbbFlow:> connect: Digitizer:digitizer31 ( 0 -> 0 ) OmnibusSigProc:crm31sigproc31 
[09:12:48.935] D [  tbb   ] <TbbFlow:> connect: Reframer:reframer31 ( 0 -> 0 ) AddNoise:addnoisecrm31 
[09:12:48.935] D [  tbb   ] <TbbFlow:> connect: AddNoise:addnoisecrm31 ( 0 -> 0 ) Digitizer:digitizer31 
[09:12:48.935] D [  tbb   ] <TbbFlow:> connect: DeposOrBust:dorb-switch-32 ( 0 -> 0 ) DepoTransform:ductor32 
[09:12:48.935] D [  tbb   ] <TbbFlow:> connect: DeposOrBust:dorb-switch-32 ( 1 -> 1 ) FrameSync:frame-sync-switch-32 
[09:12:48.935] D [  tbb   ] <TbbFlow:> connect: DepoTransform:ductor32 ( 0 -> 0 ) Reframer:reframer32 
[09:12:48.935] D [  tbb   ] <TbbFlow:> connect: OmnibusSigProc:crm32sigproc32 ( 0 -> 0 ) FrameSync:frame-sync-switch-32 
[09:12:48.935] D [  tbb   ] <TbbFlow:> connect: Digitizer:digitizer32 ( 0 -> 0 ) OmnibusSigProc:crm32sigproc32 
[09:12:48.935] D [  tbb   ] <TbbFlow:> connect: Reframer:reframer32 ( 0 -> 0 ) AddNoise:addnoisecrm32 
[09:12:48.935] D [  tbb   ] <TbbFlow:> connect: AddNoise:addnoisecrm32 ( 0 -> 0 ) Digitizer:digitizer32 
[09:12:48.935] D [  tbb   ] <TbbFlow:> connect: DeposOrBust:dorb-switch-33 ( 0 -> 0 ) DepoTransform:ductor33 
[09:12:48.935] D [  tbb   ] <TbbFlow:> connect: DeposOrBust:dorb-switch-33 ( 1 -> 1 ) FrameSync:frame-sync-switch-33 
[09:12:48.935] D [  tbb   ] <TbbFlow:> connect: DepoTransform:ductor33 ( 0 -> 0 ) Reframer:reframer33 
[09:12:48.935] D [  tbb   ] <TbbFlow:> connect: OmnibusSigProc:crm33sigproc33 ( 0 -> 0 ) FrameSync:frame-sync-switch-33 
[09:12:48.935] D [  tbb   ] <TbbFlow:> connect: Digitizer:digitizer33 ( 0 -> 0 ) OmnibusSigProc:crm33sigproc33 
[09:12:48.935] D [  tbb   ] <TbbFlow:> connect: Reframer:reframer33 ( 0 -> 0 ) AddNoise:addnoisecrm33 
[09:12:48.935] D [  tbb   ] <TbbFlow:> connect: AddNoise:addnoisecrm33 ( 0 -> 0 ) Digitizer:digitizer33 
[09:12:48.935] D [  tbb   ] <TbbFlow:> connect: DeposOrBust:dorb-switch-34 ( 0 -> 0 ) DepoTransform:ductor34 
[09:12:48.935] D [  tbb   ] <TbbFlow:> connect: DeposOrBust:dorb-switch-34 ( 1 -> 1 ) FrameSync:frame-sync-switch-34 
[09:12:48.935] D [  tbb   ] <TbbFlow:> connect: DepoTransform:ductor34 ( 0 -> 0 ) Reframer:reframer34 
[09:12:48.935] D [  tbb   ] <TbbFlow:> connect: OmnibusSigProc:crm34sigproc34 ( 0 -> 0 ) FrameSync:frame-sync-switch-34 
[09:12:48.935] D [  tbb   ] <TbbFlow:> connect: Digitizer:digitizer34 ( 0 -> 0 ) OmnibusSigProc:crm34sigproc34 
[09:12:48.935] D [  tbb   ] <TbbFlow:> connect: Reframer:reframer34 ( 0 -> 0 ) AddNoise:addnoisecrm34 
[09:12:48.935] D [  tbb   ] <TbbFlow:> connect: AddNoise:addnoisecrm34 ( 0 -> 0 ) Digitizer:digitizer34 
[09:12:48.935] D [  tbb   ] <TbbFlow:> connect: DeposOrBust:dorb-switch-35 ( 0 -> 0 ) DepoTransform:ductor35 
[09:12:48.935] D [  tbb   ] <TbbFlow:> connect: DeposOrBust:dorb-switch-35 ( 1 -> 1 ) FrameSync:frame-sync-switch-35 
[09:12:48.935] D [  tbb   ] <TbbFlow:> connect: DepoTransform:ductor35 ( 0 -> 0 ) Reframer:reframer35 
[09:12:48.935] D [  tbb   ] <TbbFlow:> connect: OmnibusSigProc:crm35sigproc35 ( 0 -> 0 ) FrameSync:frame-sync-switch-35 
[09:12:48.935] D [  tbb   ] <TbbFlow:> connect: Digitizer:digitizer35 ( 0 -> 0 ) OmnibusSigProc:crm35sigproc35 
[09:12:48.935] D [  tbb   ] <TbbFlow:> connect: Reframer:reframer35 ( 0 -> 0 ) AddNoise:addnoisecrm35 
[09:12:48.935] D [  tbb   ] <TbbFlow:> connect: AddNoise:addnoisecrm35 ( 0 -> 0 ) Digitizer:digitizer35 
[09:12:48.935] D [  tbb   ] <TbbFlow:> connect: DeposOrBust:dorb-switch-36 ( 0 -> 0 ) DepoTransform:ductor36 
[09:12:48.935] D [  tbb   ] <TbbFlow:> connect: DeposOrBust:dorb-switch-36 ( 1 -> 1 ) FrameSync:frame-sync-switch-36 
[09:12:48.935] D [  tbb   ] <TbbFlow:> connect: DepoTransform:ductor36 ( 0 -> 0 ) Reframer:reframer36 
[09:12:48.935] D [  tbb   ] <TbbFlow:> connect: OmnibusSigProc:crm36sigproc36 ( 0 -> 0 ) FrameSync:frame-sync-switch-36 
[09:12:48.935] D [  tbb   ] <TbbFlow:> connect: Digitizer:digitizer36 ( 0 -> 0 ) OmnibusSigProc:crm36sigproc36 
[09:12:48.935] D [  tbb   ] <TbbFlow:> connect: Reframer:reframer36 ( 0 -> 0 ) AddNoise:addnoisecrm36 
[09:12:48.935] D [  tbb   ] <TbbFlow:> connect: AddNoise:addnoisecrm36 ( 0 -> 0 ) Digitizer:digitizer36 
[09:12:48.935] D [  tbb   ] <TbbFlow:> connect: DeposOrBust:dorb-switch-37 ( 0 -> 0 ) DepoTransform:ductor37 
[09:12:48.935] D [  tbb   ] <TbbFlow:> connect: DeposOrBust:dorb-switch-37 ( 1 -> 1 ) FrameSync:frame-sync-switch-37 
[09:12:48.935] D [  tbb   ] <TbbFlow:> connect: DepoTransform:ductor37 ( 0 -> 0 ) Reframer:reframer37 
[09:12:48.935] D [  tbb   ] <TbbFlow:> connect: OmnibusSigProc:crm37sigproc37 ( 0 -> 0 ) FrameSync:frame-sync-switch-37 
[09:12:48.935] D [  tbb   ] <TbbFlow:> connect: Digitizer:digitizer37 ( 0 -> 0 ) OmnibusSigProc:crm37sigproc37 
[09:12:48.935] D [  tbb   ] <TbbFlow:> connect: Reframer:reframer37 ( 0 -> 0 ) AddNoise:addnoisecrm37 
[09:12:48.935] D [  tbb   ] <TbbFlow:> connect: AddNoise:addnoisecrm37 ( 0 -> 0 ) Digitizer:digitizer37 
[09:12:48.935] D [  tbb   ] <TbbFlow:> connect: DeposOrBust:dorb-switch-38 ( 0 -> 0 ) DepoTransform:ductor38 
[09:12:48.935] D [  tbb   ] <TbbFlow:> connect: DeposOrBust:dorb-switch-38 ( 1 -> 1 ) FrameSync:frame-sync-switch-38 
[09:12:48.935] D [  tbb   ] <TbbFlow:> connect: DepoTransform:ductor38 ( 0 -> 0 ) Reframer:reframer38 
[09:12:48.935] D [  tbb   ] <TbbFlow:> connect: OmnibusSigProc:crm38sigproc38 ( 0 -> 0 ) FrameSync:frame-sync-switch-38 
[09:12:48.935] D [  tbb   ] <TbbFlow:> connect: Digitizer:digitizer38 ( 0 -> 0 ) OmnibusSigProc:crm38sigproc38 
[09:12:48.935] D [  tbb   ] <TbbFlow:> connect: Reframer:reframer38 ( 0 -> 0 ) AddNoise:addnoisecrm38 
[09:12:48.935] D [  tbb   ] <TbbFlow:> connect: AddNoise:addnoisecrm38 ( 0 -> 0 ) Digitizer:digitizer38 
[09:12:48.935] D [  tbb   ] <TbbFlow:> connect: DeposOrBust:dorb-switch-39 ( 0 -> 0 ) DepoTransform:ductor39 
[09:12:48.935] D [  tbb   ] <TbbFlow:> connect: DeposOrBust:dorb-switch-39 ( 1 -> 1 ) FrameSync:frame-sync-switch-39 
[09:12:48.935] D [  tbb   ] <TbbFlow:> connect: DepoTransform:ductor39 ( 0 -> 0 ) Reframer:reframer39 
[09:12:48.935] D [  tbb   ] <TbbFlow:> connect: OmnibusSigProc:crm39sigproc39 ( 0 -> 0 ) FrameSync:frame-sync-switch-39 
[09:12:48.935] D [  tbb   ] <TbbFlow:> connect: Digitizer:digitizer39 ( 0 -> 0 ) OmnibusSigProc:crm39sigproc39 
[09:12:48.935] D [  tbb   ] <TbbFlow:> connect: Reframer:reframer39 ( 0 -> 0 ) AddNoise:addnoisecrm39 
[09:12:48.936] D [  tbb   ] <TbbFlow:> connect: AddNoise:addnoisecrm39 ( 0 -> 0 ) Digitizer:digitizer39 
[09:12:48.936] D [  tbb   ] <TbbFlow:> connect: DeposOrBust:dorb-switch-40 ( 0 -> 0 ) DepoTransform:ductor40 
[09:12:48.936] D [  tbb   ] <TbbFlow:> connect: DeposOrBust:dorb-switch-40 ( 1 -> 1 ) FrameSync:frame-sync-switch-40 
[09:12:48.936] D [  tbb   ] <TbbFlow:> connect: DepoTransform:ductor40 ( 0 -> 0 ) Reframer:reframer40 
[09:12:48.936] D [  tbb   ] <TbbFlow:> connect: OmnibusSigProc:crm40sigproc40 ( 0 -> 0 ) FrameSync:frame-sync-switch-40 
[09:12:48.936] D [  tbb   ] <TbbFlow:> connect: Digitizer:digitizer40 ( 0 -> 0 ) OmnibusSigProc:crm40sigproc40 
[09:12:48.936] D [  tbb   ] <TbbFlow:> connect: Reframer:reframer40 ( 0 -> 0 ) AddNoise:addnoisecrm40 
[09:12:48.936] D [  tbb   ] <TbbFlow:> connect: AddNoise:addnoisecrm40 ( 0 -> 0 ) Digitizer:digitizer40 
[09:12:48.936] D [  tbb   ] <TbbFlow:> connect: DeposOrBust:dorb-switch-41 ( 0 -> 0 ) DepoTransform:ductor41 
[09:12:48.936] D [  tbb   ] <TbbFlow:> connect: DeposOrBust:dorb-switch-41 ( 1 -> 1 ) FrameSync:frame-sync-switch-41 
[09:12:48.936] D [  tbb   ] <TbbFlow:> connect: DepoTransform:ductor41 ( 0 -> 0 ) Reframer:reframer41 
[09:12:48.936] D [  tbb   ] <TbbFlow:> connect: OmnibusSigProc:crm41sigproc41 ( 0 -> 0 ) FrameSync:frame-sync-switch-41 
[09:12:48.936] D [  tbb   ] <TbbFlow:> connect: Digitizer:digitizer41 ( 0 -> 0 ) OmnibusSigProc:crm41sigproc41 
[09:12:48.936] D [  tbb   ] <TbbFlow:> connect: Reframer:reframer41 ( 0 -> 0 ) AddNoise:addnoisecrm41 
[09:12:48.936] D [  tbb   ] <TbbFlow:> connect: AddNoise:addnoisecrm41 ( 0 -> 0 ) Digitizer:digitizer41 
[09:12:48.936] D [  tbb   ] <TbbFlow:> connect: DeposOrBust:dorb-switch-42 ( 0 -> 0 ) DepoTransform:ductor42 
[09:12:48.936] D [  tbb   ] <TbbFlow:> connect: DeposOrBust:dorb-switch-42 ( 1 -> 1 ) FrameSync:frame-sync-switch-42 
[09:12:48.936] D [  tbb   ] <TbbFlow:> connect: DepoTransform:ductor42 ( 0 -> 0 ) Reframer:reframer42 
[09:12:48.936] D [  tbb   ] <TbbFlow:> connect: OmnibusSigProc:crm42sigproc42 ( 0 -> 0 ) FrameSync:frame-sync-switch-42 
[09:12:48.936] D [  tbb   ] <TbbFlow:> connect: Digitizer:digitizer42 ( 0 -> 0 ) OmnibusSigProc:crm42sigproc42 
[09:12:48.936] D [  tbb   ] <TbbFlow:> connect: Reframer:reframer42 ( 0 -> 0 ) AddNoise:addnoisecrm42 
[09:12:48.936] D [  tbb   ] <TbbFlow:> connect: AddNoise:addnoisecrm42 ( 0 -> 0 ) Digitizer:digitizer42 
[09:12:48.936] D [  tbb   ] <TbbFlow:> connect: DeposOrBust:dorb-switch-43 ( 0 -> 0 ) DepoTransform:ductor43 
[09:12:48.936] D [  tbb   ] <TbbFlow:> connect: DeposOrBust:dorb-switch-43 ( 1 -> 1 ) FrameSync:frame-sync-switch-43 
[09:12:48.936] D [  tbb   ] <TbbFlow:> connect: DepoTransform:ductor43 ( 0 -> 0 ) Reframer:reframer43 
[09:12:48.936] D [  tbb   ] <TbbFlow:> connect: OmnibusSigProc:crm43sigproc43 ( 0 -> 0 ) FrameSync:frame-sync-switch-43 
[09:12:48.936] D [  tbb   ] <TbbFlow:> connect: Digitizer:digitizer43 ( 0 -> 0 ) OmnibusSigProc:crm43sigproc43 
[09:12:48.936] D [  tbb   ] <TbbFlow:> connect: Reframer:reframer43 ( 0 -> 0 ) AddNoise:addnoisecrm43 
[09:12:48.936] D [  tbb   ] <TbbFlow:> connect: AddNoise:addnoisecrm43 ( 0 -> 0 ) Digitizer:digitizer43 
[09:12:48.936] D [  tbb   ] <TbbFlow:> connect: DeposOrBust:dorb-switch-44 ( 0 -> 0 ) DepoTransform:ductor44 
[09:12:48.936] D [  tbb   ] <TbbFlow:> connect: DeposOrBust:dorb-switch-44 ( 1 -> 1 ) FrameSync:frame-sync-switch-44 
[09:12:48.936] D [  tbb   ] <TbbFlow:> connect: DepoTransform:ductor44 ( 0 -> 0 ) Reframer:reframer44 
[09:12:48.936] D [  tbb   ] <TbbFlow:> connect: OmnibusSigProc:crm44sigproc44 ( 0 -> 0 ) FrameSync:frame-sync-switch-44 
[09:12:48.936] D [  tbb   ] <TbbFlow:> connect: Digitizer:digitizer44 ( 0 -> 0 ) OmnibusSigProc:crm44sigproc44 
[09:12:48.936] D [  tbb   ] <TbbFlow:> connect: Reframer:reframer44 ( 0 -> 0 ) AddNoise:addnoisecrm44 
[09:12:48.936] D [  tbb   ] <TbbFlow:> connect: AddNoise:addnoisecrm44 ( 0 -> 0 ) Digitizer:digitizer44 
[09:12:48.936] D [  tbb   ] <TbbFlow:> connect: DeposOrBust:dorb-switch-45 ( 0 -> 0 ) DepoTransform:ductor45 
[09:12:48.936] D [  tbb   ] <TbbFlow:> connect: DeposOrBust:dorb-switch-45 ( 1 -> 1 ) FrameSync:frame-sync-switch-45 
[09:12:48.936] D [  tbb   ] <TbbFlow:> connect: DepoTransform:ductor45 ( 0 -> 0 ) Reframer:reframer45 
[09:12:48.936] D [  tbb   ] <TbbFlow:> connect: OmnibusSigProc:crm45sigproc45 ( 0 -> 0 ) FrameSync:frame-sync-switch-45 
[09:12:48.936] D [  tbb   ] <TbbFlow:> connect: Digitizer:digitizer45 ( 0 -> 0 ) OmnibusSigProc:crm45sigproc45 
[09:12:48.936] D [  tbb   ] <TbbFlow:> connect: Reframer:reframer45 ( 0 -> 0 ) AddNoise:addnoisecrm45 
[09:12:48.936] D [  tbb   ] <TbbFlow:> connect: AddNoise:addnoisecrm45 ( 0 -> 0 ) Digitizer:digitizer45 
[09:12:48.936] D [  tbb   ] <TbbFlow:> connect: DeposOrBust:dorb-switch-46 ( 0 -> 0 ) DepoTransform:ductor46 
[09:12:48.936] D [  tbb   ] <TbbFlow:> connect: DeposOrBust:dorb-switch-46 ( 1 -> 1 ) FrameSync:frame-sync-switch-46 
[09:12:48.936] D [  tbb   ] <TbbFlow:> connect: DepoTransform:ductor46 ( 0 -> 0 ) Reframer:reframer46 
[09:12:48.936] D [  tbb   ] <TbbFlow:> connect: OmnibusSigProc:crm46sigproc46 ( 0 -> 0 ) FrameSync:frame-sync-switch-46 
[09:12:48.936] D [  tbb   ] <TbbFlow:> connect: Digitizer:digitizer46 ( 0 -> 0 ) OmnibusSigProc:crm46sigproc46 
[09:12:48.936] D [  tbb   ] <TbbFlow:> connect: Reframer:reframer46 ( 0 -> 0 ) AddNoise:addnoisecrm46 
[09:12:48.936] D [  tbb   ] <TbbFlow:> connect: AddNoise:addnoisecrm46 ( 0 -> 0 ) Digitizer:digitizer46 
[09:12:48.936] D [  tbb   ] <TbbFlow:> connect: DeposOrBust:dorb-switch-47 ( 0 -> 0 ) DepoTransform:ductor47 
[09:12:48.936] D [  tbb   ] <TbbFlow:> connect: DeposOrBust:dorb-switch-47 ( 1 -> 1 ) FrameSync:frame-sync-switch-47 
[09:12:48.936] D [  tbb   ] <TbbFlow:> connect: DepoTransform:ductor47 ( 0 -> 0 ) Reframer:reframer47 
[09:12:48.936] D [  tbb   ] <TbbFlow:> connect: OmnibusSigProc:crm47sigproc47 ( 0 -> 0 ) FrameSync:frame-sync-switch-47 
[09:12:48.936] D [  tbb   ] <TbbFlow:> connect: Digitizer:digitizer47 ( 0 -> 0 ) OmnibusSigProc:crm47sigproc47 
[09:12:48.936] D [  tbb   ] <TbbFlow:> connect: Reframer:reframer47 ( 0 -> 0 ) AddNoise:addnoisecrm47 
[09:12:48.936] D [  tbb   ] <TbbFlow:> connect: AddNoise:addnoisecrm47 ( 0 -> 0 ) Digitizer:digitizer47 
[09:12:48.936] D [  tbb   ] <TbbFlow:> connect: DeposOrBust:dorb-switch-48 ( 0 -> 0 ) DepoTransform:ductor48 
[09:12:48.936] D [  tbb   ] <TbbFlow:> connect: DeposOrBust:dorb-switch-48 ( 1 -> 1 ) FrameSync:frame-sync-switch-48 
[09:12:48.936] D [  tbb   ] <TbbFlow:> connect: DepoTransform:ductor48 ( 0 -> 0 ) Reframer:reframer48 
[09:12:48.936] D [  tbb   ] <TbbFlow:> connect: OmnibusSigProc:crm48sigproc48 ( 0 -> 0 ) FrameSync:frame-sync-switch-48 
[09:12:48.936] D [  tbb   ] <TbbFlow:> connect: Digitizer:digitizer48 ( 0 -> 0 ) OmnibusSigProc:crm48sigproc48 
[09:12:48.936] D [  tbb   ] <TbbFlow:> connect: Reframer:reframer48 ( 0 -> 0 ) AddNoise:addnoisecrm48 
[09:12:48.936] D [  tbb   ] <TbbFlow:> connect: AddNoise:addnoisecrm48 ( 0 -> 0 ) Digitizer:digitizer48 
[09:12:48.936] D [  tbb   ] <TbbFlow:> connect: DeposOrBust:dorb-switch-49 ( 0 -> 0 ) DepoTransform:ductor49 
[09:12:48.936] D [  tbb   ] <TbbFlow:> connect: DeposOrBust:dorb-switch-49 ( 1 -> 1 ) FrameSync:frame-sync-switch-49 
[09:12:48.936] D [  tbb   ] <TbbFlow:> connect: DepoTransform:ductor49 ( 0 -> 0 ) Reframer:reframer49 
[09:12:48.936] D [  tbb   ] <TbbFlow:> connect: OmnibusSigProc:crm49sigproc49 ( 0 -> 0 ) FrameSync:frame-sync-switch-49 
[09:12:48.936] D [  tbb   ] <TbbFlow:> connect: Digitizer:digitizer49 ( 0 -> 0 ) OmnibusSigProc:crm49sigproc49 
[09:12:48.936] D [  tbb   ] <TbbFlow:> connect: Reframer:reframer49 ( 0 -> 0 ) AddNoise:addnoisecrm49 
[09:12:48.936] D [  tbb   ] <TbbFlow:> connect: AddNoise:addnoisecrm49 ( 0 -> 0 ) Digitizer:digitizer49 
[09:12:48.936] D [  tbb   ] <TbbFlow:> connect: DeposOrBust:dorb-switch-50 ( 0 -> 0 ) DepoTransform:ductor50 
[09:12:48.936] D [  tbb   ] <TbbFlow:> connect: DeposOrBust:dorb-switch-50 ( 1 -> 1 ) FrameSync:frame-sync-switch-50 
[09:12:48.936] D [  tbb   ] <TbbFlow:> connect: DepoTransform:ductor50 ( 0 -> 0 ) Reframer:reframer50 
[09:12:48.936] D [  tbb   ] <TbbFlow:> connect: OmnibusSigProc:crm50sigproc50 ( 0 -> 0 ) FrameSync:frame-sync-switch-50 
[09:12:48.936] D [  tbb   ] <TbbFlow:> connect: Digitizer:digitizer50 ( 0 -> 0 ) OmnibusSigProc:crm50sigproc50 
[09:12:48.936] D [  tbb   ] <TbbFlow:> connect: Reframer:reframer50 ( 0 -> 0 ) AddNoise:addnoisecrm50 
[09:12:48.936] D [  tbb   ] <TbbFlow:> connect: AddNoise:addnoisecrm50 ( 0 -> 0 ) Digitizer:digitizer50 
[09:12:48.936] D [  tbb   ] <TbbFlow:> connect: DeposOrBust:dorb-switch-51 ( 0 -> 0 ) DepoTransform:ductor51 
[09:12:48.936] D [  tbb   ] <TbbFlow:> connect: DeposOrBust:dorb-switch-51 ( 1 -> 1 ) FrameSync:frame-sync-switch-51 
[09:12:48.936] D [  tbb   ] <TbbFlow:> connect: DepoTransform:ductor51 ( 0 -> 0 ) Reframer:reframer51 
[09:12:48.936] D [  tbb   ] <TbbFlow:> connect: OmnibusSigProc:crm51sigproc51 ( 0 -> 0 ) FrameSync:frame-sync-switch-51 
[09:12:48.936] D [  tbb   ] <TbbFlow:> connect: Digitizer:digitizer51 ( 0 -> 0 ) OmnibusSigProc:crm51sigproc51 
[09:12:48.936] D [  tbb   ] <TbbFlow:> connect: Reframer:reframer51 ( 0 -> 0 ) AddNoise:addnoisecrm51 
[09:12:48.936] D [  tbb   ] <TbbFlow:> connect: AddNoise:addnoisecrm51 ( 0 -> 0 ) Digitizer:digitizer51 
[09:12:48.936] D [  tbb   ] <TbbFlow:> connect: DeposOrBust:dorb-switch-52 ( 0 -> 0 ) DepoTransform:ductor52 
[09:12:48.936] D [  tbb   ] <TbbFlow:> connect: DeposOrBust:dorb-switch-52 ( 1 -> 1 ) FrameSync:frame-sync-switch-52 
[09:12:48.936] D [  tbb   ] <TbbFlow:> connect: DepoTransform:ductor52 ( 0 -> 0 ) Reframer:reframer52 
[09:12:48.936] D [  tbb   ] <TbbFlow:> connect: OmnibusSigProc:crm52sigproc52 ( 0 -> 0 ) FrameSync:frame-sync-switch-52 
[09:12:48.936] D [  tbb   ] <TbbFlow:> connect: Digitizer:digitizer52 ( 0 -> 0 ) OmnibusSigProc:crm52sigproc52 
[09:12:48.936] D [  tbb   ] <TbbFlow:> connect: Reframer:reframer52 ( 0 -> 0 ) AddNoise:addnoisecrm52 
[09:12:48.936] D [  tbb   ] <TbbFlow:> connect: AddNoise:addnoisecrm52 ( 0 -> 0 ) Digitizer:digitizer52 
[09:12:48.936] D [  tbb   ] <TbbFlow:> connect: DeposOrBust:dorb-switch-53 ( 0 -> 0 ) DepoTransform:ductor53 
[09:12:48.936] D [  tbb   ] <TbbFlow:> connect: DeposOrBust:dorb-switch-53 ( 1 -> 1 ) FrameSync:frame-sync-switch-53 
[09:12:48.936] D [  tbb   ] <TbbFlow:> connect: DepoTransform:ductor53 ( 0 -> 0 ) Reframer:reframer53 
[09:12:48.936] D [  tbb   ] <TbbFlow:> connect: OmnibusSigProc:crm53sigproc53 ( 0 -> 0 ) FrameSync:frame-sync-switch-53 
[09:12:48.936] D [  tbb   ] <TbbFlow:> connect: Digitizer:digitizer53 ( 0 -> 0 ) OmnibusSigProc:crm53sigproc53 
[09:12:48.936] D [  tbb   ] <TbbFlow:> connect: Reframer:reframer53 ( 0 -> 0 ) AddNoise:addnoisecrm53 
[09:12:48.936] D [  tbb   ] <TbbFlow:> connect: AddNoise:addnoisecrm53 ( 0 -> 0 ) Digitizer:digitizer53 
[09:12:48.936] D [  tbb   ] <TbbFlow:> connect: DeposOrBust:dorb-switch-54 ( 0 -> 0 ) DepoTransform:ductor54 
[09:12:48.936] D [  tbb   ] <TbbFlow:> connect: DeposOrBust:dorb-switch-54 ( 1 -> 1 ) FrameSync:frame-sync-switch-54 
[09:12:48.936] D [  tbb   ] <TbbFlow:> connect: DepoTransform:ductor54 ( 0 -> 0 ) Reframer:reframer54 
[09:12:48.936] D [  tbb   ] <TbbFlow:> connect: OmnibusSigProc:crm54sigproc54 ( 0 -> 0 ) FrameSync:frame-sync-switch-54 
[09:12:48.936] D [  tbb   ] <TbbFlow:> connect: Digitizer:digitizer54 ( 0 -> 0 ) OmnibusSigProc:crm54sigproc54 
[09:12:48.936] D [  tbb   ] <TbbFlow:> connect: Reframer:reframer54 ( 0 -> 0 ) AddNoise:addnoisecrm54 
[09:12:48.936] D [  tbb   ] <TbbFlow:> connect: AddNoise:addnoisecrm54 ( 0 -> 0 ) Digitizer:digitizer54 
[09:12:48.936] D [  tbb   ] <TbbFlow:> connect: DeposOrBust:dorb-switch-55 ( 0 -> 0 ) DepoTransform:ductor55 
[09:12:48.936] D [  tbb   ] <TbbFlow:> connect: DeposOrBust:dorb-switch-55 ( 1 -> 1 ) FrameSync:frame-sync-switch-55 
[09:12:48.936] D [  tbb   ] <TbbFlow:> connect: DepoTransform:ductor55 ( 0 -> 0 ) Reframer:reframer55 
[09:12:48.936] D [  tbb   ] <TbbFlow:> connect: OmnibusSigProc:crm55sigproc55 ( 0 -> 0 ) FrameSync:frame-sync-switch-55 
[09:12:48.936] D [  tbb   ] <TbbFlow:> connect: Digitizer:digitizer55 ( 0 -> 0 ) OmnibusSigProc:crm55sigproc55 
[09:12:48.936] D [  tbb   ] <TbbFlow:> connect: Reframer:reframer55 ( 0 -> 0 ) AddNoise:addnoisecrm55 
[09:12:48.936] D [  tbb   ] <TbbFlow:> connect: AddNoise:addnoisecrm55 ( 0 -> 0 ) Digitizer:digitizer55 
[09:12:48.936] D [  tbb   ] <TbbFlow:> connect: DeposOrBust:dorb-switch-56 ( 0 -> 0 ) DepoTransform:ductor56 
[09:12:48.936] D [  tbb   ] <TbbFlow:> connect: DeposOrBust:dorb-switch-56 ( 1 -> 1 ) FrameSync:frame-sync-switch-56 
[09:12:48.936] D [  tbb   ] <TbbFlow:> connect: DepoTransform:ductor56 ( 0 -> 0 ) Reframer:reframer56 
[09:12:48.936] D [  tbb   ] <TbbFlow:> connect: OmnibusSigProc:crm56sigproc56 ( 0 -> 0 ) FrameSync:frame-sync-switch-56 
[09:12:48.936] D [  tbb   ] <TbbFlow:> connect: Digitizer:digitizer56 ( 0 -> 0 ) OmnibusSigProc:crm56sigproc56 
[09:12:48.936] D [  tbb   ] <TbbFlow:> connect: Reframer:reframer56 ( 0 -> 0 ) AddNoise:addnoisecrm56 
[09:12:48.936] D [  tbb   ] <TbbFlow:> connect: AddNoise:addnoisecrm56 ( 0 -> 0 ) Digitizer:digitizer56 
[09:12:48.936] D [  tbb   ] <TbbFlow:> connect: DeposOrBust:dorb-switch-57 ( 0 -> 0 ) DepoTransform:ductor57 
[09:12:48.936] D [  tbb   ] <TbbFlow:> connect: DeposOrBust:dorb-switch-57 ( 1 -> 1 ) FrameSync:frame-sync-switch-57 
[09:12:48.936] D [  tbb   ] <TbbFlow:> connect: DepoTransform:ductor57 ( 0 -> 0 ) Reframer:reframer57 
[09:12:48.936] D [  tbb   ] <TbbFlow:> connect: OmnibusSigProc:crm57sigproc57 ( 0 -> 0 ) FrameSync:frame-sync-switch-57 
[09:12:48.936] D [  tbb   ] <TbbFlow:> connect: Digitizer:digitizer57 ( 0 -> 0 ) OmnibusSigProc:crm57sigproc57 
[09:12:48.936] D [  tbb   ] <TbbFlow:> connect: Reframer:reframer57 ( 0 -> 0 ) AddNoise:addnoisecrm57 
[09:12:48.937] D [  tbb   ] <TbbFlow:> connect: AddNoise:addnoisecrm57 ( 0 -> 0 ) Digitizer:digitizer57 
[09:12:48.937] D [  tbb   ] <TbbFlow:> connect: DeposOrBust:dorb-switch-58 ( 0 -> 0 ) DepoTransform:ductor58 
[09:12:48.937] D [  tbb   ] <TbbFlow:> connect: DeposOrBust:dorb-switch-58 ( 1 -> 1 ) FrameSync:frame-sync-switch-58 
[09:12:48.937] D [  tbb   ] <TbbFlow:> connect: DepoTransform:ductor58 ( 0 -> 0 ) Reframer:reframer58 
[09:12:48.937] D [  tbb   ] <TbbFlow:> connect: OmnibusSigProc:crm58sigproc58 ( 0 -> 0 ) FrameSync:frame-sync-switch-58 
[09:12:48.937] D [  tbb   ] <TbbFlow:> connect: Digitizer:digitizer58 ( 0 -> 0 ) OmnibusSigProc:crm58sigproc58 
[09:12:48.937] D [  tbb   ] <TbbFlow:> connect: Reframer:reframer58 ( 0 -> 0 ) AddNoise:addnoisecrm58 
[09:12:48.937] D [  tbb   ] <TbbFlow:> connect: AddNoise:addnoisecrm58 ( 0 -> 0 ) Digitizer:digitizer58 
[09:12:48.937] D [  tbb   ] <TbbFlow:> connect: DeposOrBust:dorb-switch-59 ( 0 -> 0 ) DepoTransform:ductor59 
[09:12:48.937] D [  tbb   ] <TbbFlow:> connect: DeposOrBust:dorb-switch-59 ( 1 -> 1 ) FrameSync:frame-sync-switch-59 
[09:12:48.937] D [  tbb   ] <TbbFlow:> connect: DepoTransform:ductor59 ( 0 -> 0 ) Reframer:reframer59 
[09:12:48.937] D [  tbb   ] <TbbFlow:> connect: OmnibusSigProc:crm59sigproc59 ( 0 -> 0 ) FrameSync:frame-sync-switch-59 
[09:12:48.937] D [  tbb   ] <TbbFlow:> connect: Digitizer:digitizer59 ( 0 -> 0 ) OmnibusSigProc:crm59sigproc59 
[09:12:48.937] D [  tbb   ] <TbbFlow:> connect: Reframer:reframer59 ( 0 -> 0 ) AddNoise:addnoisecrm59 
[09:12:48.937] D [  tbb   ] <TbbFlow:> connect: AddNoise:addnoisecrm59 ( 0 -> 0 ) Digitizer:digitizer59 
[09:12:48.937] D [  tbb   ] <TbbFlow:> connect: DeposOrBust:dorb-switch-60 ( 0 -> 0 ) DepoTransform:ductor60 
[09:12:48.937] D [  tbb   ] <TbbFlow:> connect: DeposOrBust:dorb-switch-60 ( 1 -> 1 ) FrameSync:frame-sync-switch-60 
[09:12:48.937] D [  tbb   ] <TbbFlow:> connect: DepoTransform:ductor60 ( 0 -> 0 ) Reframer:reframer60 
[09:12:48.937] D [  tbb   ] <TbbFlow:> connect: OmnibusSigProc:crm60sigproc60 ( 0 -> 0 ) FrameSync:frame-sync-switch-60 
[09:12:48.937] D [  tbb   ] <TbbFlow:> connect: Digitizer:digitizer60 ( 0 -> 0 ) OmnibusSigProc:crm60sigproc60 
[09:12:48.937] D [  tbb   ] <TbbFlow:> connect: Reframer:reframer60 ( 0 -> 0 ) AddNoise:addnoisecrm60 
[09:12:48.937] D [  tbb   ] <TbbFlow:> connect: AddNoise:addnoisecrm60 ( 0 -> 0 ) Digitizer:digitizer60 
[09:12:48.937] D [  tbb   ] <TbbFlow:> connect: DeposOrBust:dorb-switch-61 ( 0 -> 0 ) DepoTransform:ductor61 
[09:12:48.937] D [  tbb   ] <TbbFlow:> connect: DeposOrBust:dorb-switch-61 ( 1 -> 1 ) FrameSync:frame-sync-switch-61 
[09:12:48.937] D [  tbb   ] <TbbFlow:> connect: DepoTransform:ductor61 ( 0 -> 0 ) Reframer:reframer61 
[09:12:48.937] D [  tbb   ] <TbbFlow:> connect: OmnibusSigProc:crm61sigproc61 ( 0 -> 0 ) FrameSync:frame-sync-switch-61 
[09:12:48.937] D [  tbb   ] <TbbFlow:> connect: Digitizer:digitizer61 ( 0 -> 0 ) OmnibusSigProc:crm61sigproc61 
[09:12:48.937] D [  tbb   ] <TbbFlow:> connect: Reframer:reframer61 ( 0 -> 0 ) AddNoise:addnoisecrm61 
[09:12:48.937] D [  tbb   ] <TbbFlow:> connect: AddNoise:addnoisecrm61 ( 0 -> 0 ) Digitizer:digitizer61 
[09:12:48.937] D [  tbb   ] <TbbFlow:> connect: DeposOrBust:dorb-switch-62 ( 0 -> 0 ) DepoTransform:ductor62 
[09:12:48.937] D [  tbb   ] <TbbFlow:> connect: DeposOrBust:dorb-switch-62 ( 1 -> 1 ) FrameSync:frame-sync-switch-62 
[09:12:48.937] D [  tbb   ] <TbbFlow:> connect: DepoTransform:ductor62 ( 0 -> 0 ) Reframer:reframer62 
[09:12:48.937] D [  tbb   ] <TbbFlow:> connect: OmnibusSigProc:crm62sigproc62 ( 0 -> 0 ) FrameSync:frame-sync-switch-62 
[09:12:48.937] D [  tbb   ] <TbbFlow:> connect: Digitizer:digitizer62 ( 0 -> 0 ) OmnibusSigProc:crm62sigproc62 
[09:12:48.937] D [  tbb   ] <TbbFlow:> connect: Reframer:reframer62 ( 0 -> 0 ) AddNoise:addnoisecrm62 
[09:12:48.937] D [  tbb   ] <TbbFlow:> connect: AddNoise:addnoisecrm62 ( 0 -> 0 ) Digitizer:digitizer62 
[09:12:48.937] D [  tbb   ] <TbbFlow:> connect: DeposOrBust:dorb-switch-63 ( 0 -> 0 ) DepoTransform:ductor63 
[09:12:48.937] D [  tbb   ] <TbbFlow:> connect: DeposOrBust:dorb-switch-63 ( 1 -> 1 ) FrameSync:frame-sync-switch-63 
[09:12:48.937] D [  tbb   ] <TbbFlow:> connect: DepoTransform:ductor63 ( 0 -> 0 ) Reframer:reframer63 
[09:12:48.937] D [  tbb   ] <TbbFlow:> connect: OmnibusSigProc:crm63sigproc63 ( 0 -> 0 ) FrameSync:frame-sync-switch-63 
[09:12:48.937] D [  tbb   ] <TbbFlow:> connect: Digitizer:digitizer63 ( 0 -> 0 ) OmnibusSigProc:crm63sigproc63 
[09:12:48.937] D [  tbb   ] <TbbFlow:> connect: Reframer:reframer63 ( 0 -> 0 ) AddNoise:addnoisecrm63 
[09:12:48.937] D [  tbb   ] <TbbFlow:> connect: AddNoise:addnoisecrm63 ( 0 -> 0 ) Digitizer:digitizer63 
[09:12:48.937] D [  tbb   ] <TbbFlow:> connect: DeposOrBust:dorb-switch-64 ( 0 -> 0 ) DepoTransform:ductor64 
[09:12:48.937] D [  tbb   ] <TbbFlow:> connect: DeposOrBust:dorb-switch-64 ( 1 -> 1 ) FrameSync:frame-sync-switch-64 
[09:12:48.937] D [  tbb   ] <TbbFlow:> connect: DepoTransform:ductor64 ( 0 -> 0 ) Reframer:reframer64 
[09:12:48.937] D [  tbb   ] <TbbFlow:> connect: OmnibusSigProc:crm64sigproc64 ( 0 -> 0 ) FrameSync:frame-sync-switch-64 
[09:12:48.937] D [  tbb   ] <TbbFlow:> connect: Digitizer:digitizer64 ( 0 -> 0 ) OmnibusSigProc:crm64sigproc64 
[09:12:48.937] D [  tbb   ] <TbbFlow:> connect: Reframer:reframer64 ( 0 -> 0 ) AddNoise:addnoisecrm64 
[09:12:48.937] D [  tbb   ] <TbbFlow:> connect: AddNoise:addnoisecrm64 ( 0 -> 0 ) Digitizer:digitizer64 
[09:12:48.937] D [  tbb   ] <TbbFlow:> connect: DeposOrBust:dorb-switch-65 ( 0 -> 0 ) DepoTransform:ductor65 
[09:12:48.937] D [  tbb   ] <TbbFlow:> connect: DeposOrBust:dorb-switch-65 ( 1 -> 1 ) FrameSync:frame-sync-switch-65 
[09:12:48.937] D [  tbb   ] <TbbFlow:> connect: DepoTransform:ductor65 ( 0 -> 0 ) Reframer:reframer65 
[09:12:48.937] D [  tbb   ] <TbbFlow:> connect: OmnibusSigProc:crm65sigproc65 ( 0 -> 0 ) FrameSync:frame-sync-switch-65 
[09:12:48.937] D [  tbb   ] <TbbFlow:> connect: Digitizer:digitizer65 ( 0 -> 0 ) OmnibusSigProc:crm65sigproc65 
[09:12:48.937] D [  tbb   ] <TbbFlow:> connect: Reframer:reframer65 ( 0 -> 0 ) AddNoise:addnoisecrm65 
[09:12:48.937] D [  tbb   ] <TbbFlow:> connect: AddNoise:addnoisecrm65 ( 0 -> 0 ) Digitizer:digitizer65 
[09:12:48.937] D [  tbb   ] <TbbFlow:> connect: DeposOrBust:dorb-switch-66 ( 0 -> 0 ) DepoTransform:ductor66 
[09:12:48.937] D [  tbb   ] <TbbFlow:> connect: DeposOrBust:dorb-switch-66 ( 1 -> 1 ) FrameSync:frame-sync-switch-66 
[09:12:48.937] D [  tbb   ] <TbbFlow:> connect: DepoTransform:ductor66 ( 0 -> 0 ) Reframer:reframer66 
[09:12:48.937] D [  tbb   ] <TbbFlow:> connect: OmnibusSigProc:crm66sigproc66 ( 0 -> 0 ) FrameSync:frame-sync-switch-66 
[09:12:48.937] D [  tbb   ] <TbbFlow:> connect: Digitizer:digitizer66 ( 0 -> 0 ) OmnibusSigProc:crm66sigproc66 
[09:12:48.937] D [  tbb   ] <TbbFlow:> connect: Reframer:reframer66 ( 0 -> 0 ) AddNoise:addnoisecrm66 
[09:12:48.937] D [  tbb   ] <TbbFlow:> connect: AddNoise:addnoisecrm66 ( 0 -> 0 ) Digitizer:digitizer66 
[09:12:48.937] D [  tbb   ] <TbbFlow:> connect: DeposOrBust:dorb-switch-67 ( 0 -> 0 ) DepoTransform:ductor67 
[09:12:48.937] D [  tbb   ] <TbbFlow:> connect: DeposOrBust:dorb-switch-67 ( 1 -> 1 ) FrameSync:frame-sync-switch-67 
[09:12:48.937] D [  tbb   ] <TbbFlow:> connect: DepoTransform:ductor67 ( 0 -> 0 ) Reframer:reframer67 
[09:12:48.937] D [  tbb   ] <TbbFlow:> connect: OmnibusSigProc:crm67sigproc67 ( 0 -> 0 ) FrameSync:frame-sync-switch-67 
[09:12:48.937] D [  tbb   ] <TbbFlow:> connect: Digitizer:digitizer67 ( 0 -> 0 ) OmnibusSigProc:crm67sigproc67 
[09:12:48.937] D [  tbb   ] <TbbFlow:> connect: Reframer:reframer67 ( 0 -> 0 ) AddNoise:addnoisecrm67 
[09:12:48.937] D [  tbb   ] <TbbFlow:> connect: AddNoise:addnoisecrm67 ( 0 -> 0 ) Digitizer:digitizer67 
[09:12:48.937] D [  tbb   ] <TbbFlow:> connect: DeposOrBust:dorb-switch-68 ( 0 -> 0 ) DepoTransform:ductor68 
[09:12:48.937] D [  tbb   ] <TbbFlow:> connect: DeposOrBust:dorb-switch-68 ( 1 -> 1 ) FrameSync:frame-sync-switch-68 
[09:12:48.937] D [  tbb   ] <TbbFlow:> connect: DepoTransform:ductor68 ( 0 -> 0 ) Reframer:reframer68 
[09:12:48.937] D [  tbb   ] <TbbFlow:> connect: OmnibusSigProc:crm68sigproc68 ( 0 -> 0 ) FrameSync:frame-sync-switch-68 
[09:12:48.937] D [  tbb   ] <TbbFlow:> connect: Digitizer:digitizer68 ( 0 -> 0 ) OmnibusSigProc:crm68sigproc68 
[09:12:48.937] D [  tbb   ] <TbbFlow:> connect: Reframer:reframer68 ( 0 -> 0 ) AddNoise:addnoisecrm68 
[09:12:48.937] D [  tbb   ] <TbbFlow:> connect: AddNoise:addnoisecrm68 ( 0 -> 0 ) Digitizer:digitizer68 
[09:12:48.937] D [  tbb   ] <TbbFlow:> connect: DeposOrBust:dorb-switch-69 ( 0 -> 0 ) DepoTransform:ductor69 
[09:12:48.937] D [  tbb   ] <TbbFlow:> connect: DeposOrBust:dorb-switch-69 ( 1 -> 1 ) FrameSync:frame-sync-switch-69 
[09:12:48.937] D [  tbb   ] <TbbFlow:> connect: DepoTransform:ductor69 ( 0 -> 0 ) Reframer:reframer69 
[09:12:48.937] D [  tbb   ] <TbbFlow:> connect: OmnibusSigProc:crm69sigproc69 ( 0 -> 0 ) FrameSync:frame-sync-switch-69 
[09:12:48.937] D [  tbb   ] <TbbFlow:> connect: Digitizer:digitizer69 ( 0 -> 0 ) OmnibusSigProc:crm69sigproc69 
[09:12:48.937] D [  tbb   ] <TbbFlow:> connect: Reframer:reframer69 ( 0 -> 0 ) AddNoise:addnoisecrm69 
[09:12:48.937] D [  tbb   ] <TbbFlow:> connect: AddNoise:addnoisecrm69 ( 0 -> 0 ) Digitizer:digitizer69 
[09:12:48.937] D [  tbb   ] <TbbFlow:> connect: DeposOrBust:dorb-switch-70 ( 0 -> 0 ) DepoTransform:ductor70 
[09:12:48.937] D [  tbb   ] <TbbFlow:> connect: DeposOrBust:dorb-switch-70 ( 1 -> 1 ) FrameSync:frame-sync-switch-70 
[09:12:48.937] D [  tbb   ] <TbbFlow:> connect: DepoTransform:ductor70 ( 0 -> 0 ) Reframer:reframer70 
[09:12:48.937] D [  tbb   ] <TbbFlow:> connect: OmnibusSigProc:crm70sigproc70 ( 0 -> 0 ) FrameSync:frame-sync-switch-70 
[09:12:48.937] D [  tbb   ] <TbbFlow:> connect: Digitizer:digitizer70 ( 0 -> 0 ) OmnibusSigProc:crm70sigproc70 
[09:12:48.937] D [  tbb   ] <TbbFlow:> connect: Reframer:reframer70 ( 0 -> 0 ) AddNoise:addnoisecrm70 
[09:12:48.937] D [  tbb   ] <TbbFlow:> connect: AddNoise:addnoisecrm70 ( 0 -> 0 ) Digitizer:digitizer70 
[09:12:48.937] D [  tbb   ] <TbbFlow:> connect: DeposOrBust:dorb-switch-71 ( 0 -> 0 ) DepoTransform:ductor71 
[09:12:48.937] D [  tbb   ] <TbbFlow:> connect: DeposOrBust:dorb-switch-71 ( 1 -> 1 ) FrameSync:frame-sync-switch-71 
[09:12:48.937] D [  tbb   ] <TbbFlow:> connect: DepoTransform:ductor71 ( 0 -> 0 ) Reframer:reframer71 
[09:12:48.937] D [  tbb   ] <TbbFlow:> connect: OmnibusSigProc:crm71sigproc71 ( 0 -> 0 ) FrameSync:frame-sync-switch-71 
[09:12:48.937] D [  tbb   ] <TbbFlow:> connect: Digitizer:digitizer71 ( 0 -> 0 ) OmnibusSigProc:crm71sigproc71 
[09:12:48.937] D [  tbb   ] <TbbFlow:> connect: Reframer:reframer71 ( 0 -> 0 ) AddNoise:addnoisecrm71 
[09:12:48.937] D [  tbb   ] <TbbFlow:> connect: AddNoise:addnoisecrm71 ( 0 -> 0 ) Digitizer:digitizer71 
[09:12:48.937] D [  tbb   ] <TbbFlow:> connect: DeposOrBust:dorb-switch-72 ( 0 -> 0 ) DepoTransform:ductor72 
[09:12:48.937] D [  tbb   ] <TbbFlow:> connect: DeposOrBust:dorb-switch-72 ( 1 -> 1 ) FrameSync:frame-sync-switch-72 
[09:12:48.937] D [  tbb   ] <TbbFlow:> connect: DepoTransform:ductor72 ( 0 -> 0 ) Reframer:reframer72 
[09:12:48.937] D [  tbb   ] <TbbFlow:> connect: OmnibusSigProc:crm72sigproc72 ( 0 -> 0 ) FrameSync:frame-sync-switch-72 
[09:12:48.937] D [  tbb   ] <TbbFlow:> connect: Digitizer:digitizer72 ( 0 -> 0 ) OmnibusSigProc:crm72sigproc72 
[09:12:48.937] D [  tbb   ] <TbbFlow:> connect: Reframer:reframer72 ( 0 -> 0 ) AddNoise:addnoisecrm72 
[09:12:48.937] D [  tbb   ] <TbbFlow:> connect: AddNoise:addnoisecrm72 ( 0 -> 0 ) Digitizer:digitizer72 
[09:12:48.937] D [  tbb   ] <TbbFlow:> connect: DeposOrBust:dorb-switch-73 ( 0 -> 0 ) DepoTransform:ductor73 
[09:12:48.937] D [  tbb   ] <TbbFlow:> connect: DeposOrBust:dorb-switch-73 ( 1 -> 1 ) FrameSync:frame-sync-switch-73 
[09:12:48.937] D [  tbb   ] <TbbFlow:> connect: DepoTransform:ductor73 ( 0 -> 0 ) Reframer:reframer73 
[09:12:48.937] D [  tbb   ] <TbbFlow:> connect: OmnibusSigProc:crm73sigproc73 ( 0 -> 0 ) FrameSync:frame-sync-switch-73 
[09:12:48.937] D [  tbb   ] <TbbFlow:> connect: Digitizer:digitizer73 ( 0 -> 0 ) OmnibusSigProc:crm73sigproc73 
[09:12:48.937] D [  tbb   ] <TbbFlow:> connect: Reframer:reframer73 ( 0 -> 0 ) AddNoise:addnoisecrm73 
[09:12:48.937] D [  tbb   ] <TbbFlow:> connect: AddNoise:addnoisecrm73 ( 0 -> 0 ) Digitizer:digitizer73 
[09:12:48.937] D [  tbb   ] <TbbFlow:> connect: DeposOrBust:dorb-switch-74 ( 0 -> 0 ) DepoTransform:ductor74 
[09:12:48.937] D [  tbb   ] <TbbFlow:> connect: DeposOrBust:dorb-switch-74 ( 1 -> 1 ) FrameSync:frame-sync-switch-74 
[09:12:48.937] D [  tbb   ] <TbbFlow:> connect: DepoTransform:ductor74 ( 0 -> 0 ) Reframer:reframer74 
[09:12:48.937] D [  tbb   ] <TbbFlow:> connect: OmnibusSigProc:crm74sigproc74 ( 0 -> 0 ) FrameSync:frame-sync-switch-74 
[09:12:48.937] D [  tbb   ] <TbbFlow:> connect: Digitizer:digitizer74 ( 0 -> 0 ) OmnibusSigProc:crm74sigproc74 
[09:12:48.937] D [  tbb   ] <TbbFlow:> connect: Reframer:reframer74 ( 0 -> 0 ) AddNoise:addnoisecrm74 
[09:12:48.937] D [  tbb   ] <TbbFlow:> connect: AddNoise:addnoisecrm74 ( 0 -> 0 ) Digitizer:digitizer74 
[09:12:48.937] D [  tbb   ] <TbbFlow:> connect: DeposOrBust:dorb-switch-75 ( 0 -> 0 ) DepoTransform:ductor75 
[09:12:48.937] D [  tbb   ] <TbbFlow:> connect: DeposOrBust:dorb-switch-75 ( 1 -> 1 ) FrameSync:frame-sync-switch-75 
[09:12:48.937] D [  tbb   ] <TbbFlow:> connect: DepoTransform:ductor75 ( 0 -> 0 ) Reframer:reframer75 
[09:12:48.937] D [  tbb   ] <TbbFlow:> connect: OmnibusSigProc:crm75sigproc75 ( 0 -> 0 ) FrameSync:frame-sync-switch-75 
[09:12:48.937] D [  tbb   ] <TbbFlow:> connect: Digitizer:digitizer75 ( 0 -> 0 ) OmnibusSigProc:crm75sigproc75 
[09:12:48.937] D [  tbb   ] <TbbFlow:> connect: Reframer:reframer75 ( 0 -> 0 ) AddNoise:addnoisecrm75 
[09:12:48.937] D [  tbb   ] <TbbFlow:> connect: AddNoise:addnoisecrm75 ( 0 -> 0 ) Digitizer:digitizer75 
[09:12:48.937] D [  tbb   ] <TbbFlow:> connect: DeposOrBust:dorb-switch-76 ( 0 -> 0 ) DepoTransform:ductor76 
[09:12:48.937] D [  tbb   ] <TbbFlow:> connect: DeposOrBust:dorb-switch-76 ( 1 -> 1 ) FrameSync:frame-sync-switch-76 
[09:12:48.937] D [  tbb   ] <TbbFlow:> connect: DepoTransform:ductor76 ( 0 -> 0 ) Reframer:reframer76 
[09:12:48.938] D [  tbb   ] <TbbFlow:> connect: OmnibusSigProc:crm76sigproc76 ( 0 -> 0 ) FrameSync:frame-sync-switch-76 
[09:12:48.938] D [  tbb   ] <TbbFlow:> connect: Digitizer:digitizer76 ( 0 -> 0 ) OmnibusSigProc:crm76sigproc76 
[09:12:48.938] D [  tbb   ] <TbbFlow:> connect: Reframer:reframer76 ( 0 -> 0 ) AddNoise:addnoisecrm76 
[09:12:48.938] D [  tbb   ] <TbbFlow:> connect: AddNoise:addnoisecrm76 ( 0 -> 0 ) Digitizer:digitizer76 
[09:12:48.938] D [  tbb   ] <TbbFlow:> connect: DeposOrBust:dorb-switch-77 ( 0 -> 0 ) DepoTransform:ductor77 
[09:12:48.938] D [  tbb   ] <TbbFlow:> connect: DeposOrBust:dorb-switch-77 ( 1 -> 1 ) FrameSync:frame-sync-switch-77 
[09:12:48.938] D [  tbb   ] <TbbFlow:> connect: DepoTransform:ductor77 ( 0 -> 0 ) Reframer:reframer77 
[09:12:48.938] D [  tbb   ] <TbbFlow:> connect: OmnibusSigProc:crm77sigproc77 ( 0 -> 0 ) FrameSync:frame-sync-switch-77 
[09:12:48.938] D [  tbb   ] <TbbFlow:> connect: Digitizer:digitizer77 ( 0 -> 0 ) OmnibusSigProc:crm77sigproc77 
[09:12:48.938] D [  tbb   ] <TbbFlow:> connect: Reframer:reframer77 ( 0 -> 0 ) AddNoise:addnoisecrm77 
[09:12:48.938] D [  tbb   ] <TbbFlow:> connect: AddNoise:addnoisecrm77 ( 0 -> 0 ) Digitizer:digitizer77 
[09:12:48.938] D [  tbb   ] <TbbFlow:> connect: DeposOrBust:dorb-switch-78 ( 0 -> 0 ) DepoTransform:ductor78 
[09:12:48.938] D [  tbb   ] <TbbFlow:> connect: DeposOrBust:dorb-switch-78 ( 1 -> 1 ) FrameSync:frame-sync-switch-78 
[09:12:48.938] D [  tbb   ] <TbbFlow:> connect: DepoTransform:ductor78 ( 0 -> 0 ) Reframer:reframer78 
[09:12:48.938] D [  tbb   ] <TbbFlow:> connect: OmnibusSigProc:crm78sigproc78 ( 0 -> 0 ) FrameSync:frame-sync-switch-78 
[09:12:48.938] D [  tbb   ] <TbbFlow:> connect: Digitizer:digitizer78 ( 0 -> 0 ) OmnibusSigProc:crm78sigproc78 
[09:12:48.938] D [  tbb   ] <TbbFlow:> connect: Reframer:reframer78 ( 0 -> 0 ) AddNoise:addnoisecrm78 
[09:12:48.938] D [  tbb   ] <TbbFlow:> connect: AddNoise:addnoisecrm78 ( 0 -> 0 ) Digitizer:digitizer78 
[09:12:48.938] D [  tbb   ] <TbbFlow:> connect: DeposOrBust:dorb-switch-79 ( 0 -> 0 ) DepoTransform:ductor79 
[09:12:48.938] D [  tbb   ] <TbbFlow:> connect: DeposOrBust:dorb-switch-79 ( 1 -> 1 ) FrameSync:frame-sync-switch-79 
[09:12:48.938] D [  tbb   ] <TbbFlow:> connect: DepoTransform:ductor79 ( 0 -> 0 ) Reframer:reframer79 
[09:12:48.938] D [  tbb   ] <TbbFlow:> connect: OmnibusSigProc:crm79sigproc79 ( 0 -> 0 ) FrameSync:frame-sync-switch-79 
[09:12:48.938] D [  tbb   ] <TbbFlow:> connect: Digitizer:digitizer79 ( 0 -> 0 ) OmnibusSigProc:crm79sigproc79 
[09:12:48.938] D [  tbb   ] <TbbFlow:> connect: Reframer:reframer79 ( 0 -> 0 ) AddNoise:addnoisecrm79 
[09:12:48.938] D [  tbb   ] <TbbFlow:> connect: AddNoise:addnoisecrm79 ( 0 -> 0 ) Digitizer:digitizer79 
[09:12:48.938] D [  tbb   ] <TbbFlow:> connect: DeposOrBust:dorb-switch-80 ( 0 -> 0 ) DepoTransform:ductor80 
[09:12:48.938] D [  tbb   ] <TbbFlow:> connect: DeposOrBust:dorb-switch-80 ( 1 -> 1 ) FrameSync:frame-sync-switch-80 
[09:12:48.938] D [  tbb   ] <TbbFlow:> connect: DepoTransform:ductor80 ( 0 -> 0 ) Reframer:reframer80 
[09:12:48.938] D [  tbb   ] <TbbFlow:> connect: OmnibusSigProc:crm80sigproc80 ( 0 -> 0 ) FrameSync:frame-sync-switch-80 
[09:12:48.938] D [  tbb   ] <TbbFlow:> connect: Digitizer:digitizer80 ( 0 -> 0 ) OmnibusSigProc:crm80sigproc80 
[09:12:48.938] D [  tbb   ] <TbbFlow:> connect: Reframer:reframer80 ( 0 -> 0 ) AddNoise:addnoisecrm80 
[09:12:48.938] D [  tbb   ] <TbbFlow:> connect: AddNoise:addnoisecrm80 ( 0 -> 0 ) Digitizer:digitizer80 
[09:12:48.938] D [  tbb   ] <TbbFlow:> connect: DeposOrBust:dorb-switch-81 ( 0 -> 0 ) DepoTransform:ductor81 
[09:12:48.938] D [  tbb   ] <TbbFlow:> connect: DeposOrBust:dorb-switch-81 ( 1 -> 1 ) FrameSync:frame-sync-switch-81 
[09:12:48.938] D [  tbb   ] <TbbFlow:> connect: DepoTransform:ductor81 ( 0 -> 0 ) Reframer:reframer81 
[09:12:48.938] D [  tbb   ] <TbbFlow:> connect: OmnibusSigProc:crm81sigproc81 ( 0 -> 0 ) FrameSync:frame-sync-switch-81 
[09:12:48.938] D [  tbb   ] <TbbFlow:> connect: Digitizer:digitizer81 ( 0 -> 0 ) OmnibusSigProc:crm81sigproc81 
[09:12:48.938] D [  tbb   ] <TbbFlow:> connect: Reframer:reframer81 ( 0 -> 0 ) AddNoise:addnoisecrm81 
[09:12:48.938] D [  tbb   ] <TbbFlow:> connect: AddNoise:addnoisecrm81 ( 0 -> 0 ) Digitizer:digitizer81 
[09:12:48.938] D [  tbb   ] <TbbFlow:> connect: DeposOrBust:dorb-switch-82 ( 0 -> 0 ) DepoTransform:ductor82 
[09:12:48.938] D [  tbb   ] <TbbFlow:> connect: DeposOrBust:dorb-switch-82 ( 1 -> 1 ) FrameSync:frame-sync-switch-82 
[09:12:48.938] D [  tbb   ] <TbbFlow:> connect: DepoTransform:ductor82 ( 0 -> 0 ) Reframer:reframer82 
[09:12:48.938] D [  tbb   ] <TbbFlow:> connect: OmnibusSigProc:crm82sigproc82 ( 0 -> 0 ) FrameSync:frame-sync-switch-82 
[09:12:48.938] D [  tbb   ] <TbbFlow:> connect: Digitizer:digitizer82 ( 0 -> 0 ) OmnibusSigProc:crm82sigproc82 
[09:12:48.938] D [  tbb   ] <TbbFlow:> connect: Reframer:reframer82 ( 0 -> 0 ) AddNoise:addnoisecrm82 
[09:12:48.938] D [  tbb   ] <TbbFlow:> connect: AddNoise:addnoisecrm82 ( 0 -> 0 ) Digitizer:digitizer82 
[09:12:48.938] D [  tbb   ] <TbbFlow:> connect: DeposOrBust:dorb-switch-83 ( 0 -> 0 ) DepoTransform:ductor83 
[09:12:48.938] D [  tbb   ] <TbbFlow:> connect: DeposOrBust:dorb-switch-83 ( 1 -> 1 ) FrameSync:frame-sync-switch-83 
[09:12:48.938] D [  tbb   ] <TbbFlow:> connect: DepoTransform:ductor83 ( 0 -> 0 ) Reframer:reframer83 
[09:12:48.938] D [  tbb   ] <TbbFlow:> connect: OmnibusSigProc:crm83sigproc83 ( 0 -> 0 ) FrameSync:frame-sync-switch-83 
[09:12:48.938] D [  tbb   ] <TbbFlow:> connect: Digitizer:digitizer83 ( 0 -> 0 ) OmnibusSigProc:crm83sigproc83 
[09:12:48.938] D [  tbb   ] <TbbFlow:> connect: Reframer:reframer83 ( 0 -> 0 ) AddNoise:addnoisecrm83 
[09:12:48.938] D [  tbb   ] <TbbFlow:> connect: AddNoise:addnoisecrm83 ( 0 -> 0 ) Digitizer:digitizer83 
[09:12:48.938] D [  tbb   ] <TbbFlow:> connect: DeposOrBust:dorb-switch-84 ( 0 -> 0 ) DepoTransform:ductor84 
[09:12:48.938] D [  tbb   ] <TbbFlow:> connect: DeposOrBust:dorb-switch-84 ( 1 -> 1 ) FrameSync:frame-sync-switch-84 
[09:12:48.938] D [  tbb   ] <TbbFlow:> connect: DepoTransform:ductor84 ( 0 -> 0 ) Reframer:reframer84 
[09:12:48.938] D [  tbb   ] <TbbFlow:> connect: OmnibusSigProc:crm84sigproc84 ( 0 -> 0 ) FrameSync:frame-sync-switch-84 
[09:12:48.938] D [  tbb   ] <TbbFlow:> connect: Digitizer:digitizer84 ( 0 -> 0 ) OmnibusSigProc:crm84sigproc84 
[09:12:48.938] D [  tbb   ] <TbbFlow:> connect: Reframer:reframer84 ( 0 -> 0 ) AddNoise:addnoisecrm84 
[09:12:48.938] D [  tbb   ] <TbbFlow:> connect: AddNoise:addnoisecrm84 ( 0 -> 0 ) Digitizer:digitizer84 
[09:12:48.938] D [  tbb   ] <TbbFlow:> connect: DeposOrBust:dorb-switch-85 ( 0 -> 0 ) DepoTransform:ductor85 
[09:12:48.938] D [  tbb   ] <TbbFlow:> connect: DeposOrBust:dorb-switch-85 ( 1 -> 1 ) FrameSync:frame-sync-switch-85 
[09:12:48.938] D [  tbb   ] <TbbFlow:> connect: DepoTransform:ductor85 ( 0 -> 0 ) Reframer:reframer85 
[09:12:48.938] D [  tbb   ] <TbbFlow:> connect: OmnibusSigProc:crm85sigproc85 ( 0 -> 0 ) FrameSync:frame-sync-switch-85 
[09:12:48.938] D [  tbb   ] <TbbFlow:> connect: Digitizer:digitizer85 ( 0 -> 0 ) OmnibusSigProc:crm85sigproc85 
[09:12:48.938] D [  tbb   ] <TbbFlow:> connect: Reframer:reframer85 ( 0 -> 0 ) AddNoise:addnoisecrm85 
[09:12:48.938] D [  tbb   ] <TbbFlow:> connect: AddNoise:addnoisecrm85 ( 0 -> 0 ) Digitizer:digitizer85 
[09:12:48.938] D [  tbb   ] <TbbFlow:> connect: DeposOrBust:dorb-switch-86 ( 0 -> 0 ) DepoTransform:ductor86 
[09:12:48.938] D [  tbb   ] <TbbFlow:> connect: DeposOrBust:dorb-switch-86 ( 1 -> 1 ) FrameSync:frame-sync-switch-86 
[09:12:48.938] D [  tbb   ] <TbbFlow:> connect: DepoTransform:ductor86 ( 0 -> 0 ) Reframer:reframer86 
[09:12:48.938] D [  tbb   ] <TbbFlow:> connect: OmnibusSigProc:crm86sigproc86 ( 0 -> 0 ) FrameSync:frame-sync-switch-86 
[09:12:48.938] D [  tbb   ] <TbbFlow:> connect: Digitizer:digitizer86 ( 0 -> 0 ) OmnibusSigProc:crm86sigproc86 
[09:12:48.938] D [  tbb   ] <TbbFlow:> connect: Reframer:reframer86 ( 0 -> 0 ) AddNoise:addnoisecrm86 
[09:12:48.938] D [  tbb   ] <TbbFlow:> connect: AddNoise:addnoisecrm86 ( 0 -> 0 ) Digitizer:digitizer86 
[09:12:48.938] D [  tbb   ] <TbbFlow:> connect: DeposOrBust:dorb-switch-87 ( 0 -> 0 ) DepoTransform:ductor87 
[09:12:48.938] D [  tbb   ] <TbbFlow:> connect: DeposOrBust:dorb-switch-87 ( 1 -> 1 ) FrameSync:frame-sync-switch-87 
[09:12:48.938] D [  tbb   ] <TbbFlow:> connect: DepoTransform:ductor87 ( 0 -> 0 ) Reframer:reframer87 
[09:12:48.938] D [  tbb   ] <TbbFlow:> connect: OmnibusSigProc:crm87sigproc87 ( 0 -> 0 ) FrameSync:frame-sync-switch-87 
[09:12:48.938] D [  tbb   ] <TbbFlow:> connect: Digitizer:digitizer87 ( 0 -> 0 ) OmnibusSigProc:crm87sigproc87 
[09:12:48.938] D [  tbb   ] <TbbFlow:> connect: Reframer:reframer87 ( 0 -> 0 ) AddNoise:addnoisecrm87 
[09:12:48.938] D [  tbb   ] <TbbFlow:> connect: AddNoise:addnoisecrm87 ( 0 -> 0 ) Digitizer:digitizer87 
[09:12:48.938] D [  tbb   ] <TbbFlow:> connect: DeposOrBust:dorb-switch-88 ( 0 -> 0 ) DepoTransform:ductor88 
[09:12:48.938] D [  tbb   ] <TbbFlow:> connect: DeposOrBust:dorb-switch-88 ( 1 -> 1 ) FrameSync:frame-sync-switch-88 
[09:12:48.938] D [  tbb   ] <TbbFlow:> connect: DepoTransform:ductor88 ( 0 -> 0 ) Reframer:reframer88 
[09:12:48.938] D [  tbb   ] <TbbFlow:> connect: OmnibusSigProc:crm88sigproc88 ( 0 -> 0 ) FrameSync:frame-sync-switch-88 
[09:12:48.938] D [  tbb   ] <TbbFlow:> connect: Digitizer:digitizer88 ( 0 -> 0 ) OmnibusSigProc:crm88sigproc88 
[09:12:48.938] D [  tbb   ] <TbbFlow:> connect: Reframer:reframer88 ( 0 -> 0 ) AddNoise:addnoisecrm88 
[09:12:48.938] D [  tbb   ] <TbbFlow:> connect: AddNoise:addnoisecrm88 ( 0 -> 0 ) Digitizer:digitizer88 
[09:12:48.938] D [  tbb   ] <TbbFlow:> connect: DeposOrBust:dorb-switch-89 ( 0 -> 0 ) DepoTransform:ductor89 
[09:12:48.938] D [  tbb   ] <TbbFlow:> connect: DeposOrBust:dorb-switch-89 ( 1 -> 1 ) FrameSync:frame-sync-switch-89 
[09:12:48.938] D [  tbb   ] <TbbFlow:> connect: DepoTransform:ductor89 ( 0 -> 0 ) Reframer:reframer89 
[09:12:48.938] D [  tbb   ] <TbbFlow:> connect: OmnibusSigProc:crm89sigproc89 ( 0 -> 0 ) FrameSync:frame-sync-switch-89 
[09:12:48.938] D [  tbb   ] <TbbFlow:> connect: Digitizer:digitizer89 ( 0 -> 0 ) OmnibusSigProc:crm89sigproc89 
[09:12:48.938] D [  tbb   ] <TbbFlow:> connect: Reframer:reframer89 ( 0 -> 0 ) AddNoise:addnoisecrm89 
[09:12:48.938] D [  tbb   ] <TbbFlow:> connect: AddNoise:addnoisecrm89 ( 0 -> 0 ) Digitizer:digitizer89 
[09:12:48.938] D [  tbb   ] <TbbFlow:> connect: DeposOrBust:dorb-switch-90 ( 0 -> 0 ) DepoTransform:ductor90 
[09:12:48.938] D [  tbb   ] <TbbFlow:> connect: DeposOrBust:dorb-switch-90 ( 1 -> 1 ) FrameSync:frame-sync-switch-90 
[09:12:48.938] D [  tbb   ] <TbbFlow:> connect: DepoTransform:ductor90 ( 0 -> 0 ) Reframer:reframer90 
[09:12:48.938] D [  tbb   ] <TbbFlow:> connect: OmnibusSigProc:crm90sigproc90 ( 0 -> 0 ) FrameSync:frame-sync-switch-90 
[09:12:48.938] D [  tbb   ] <TbbFlow:> connect: Digitizer:digitizer90 ( 0 -> 0 ) OmnibusSigProc:crm90sigproc90 
[09:12:48.938] D [  tbb   ] <TbbFlow:> connect: Reframer:reframer90 ( 0 -> 0 ) AddNoise:addnoisecrm90 
[09:12:48.938] D [  tbb   ] <TbbFlow:> connect: AddNoise:addnoisecrm90 ( 0 -> 0 ) Digitizer:digitizer90 
[09:12:48.938] D [  tbb   ] <TbbFlow:> connect: DeposOrBust:dorb-switch-91 ( 0 -> 0 ) DepoTransform:ductor91 
[09:12:48.938] D [  tbb   ] <TbbFlow:> connect: DeposOrBust:dorb-switch-91 ( 1 -> 1 ) FrameSync:frame-sync-switch-91 
[09:12:48.938] D [  tbb   ] <TbbFlow:> connect: DepoTransform:ductor91 ( 0 -> 0 ) Reframer:reframer91 
[09:12:48.938] D [  tbb   ] <TbbFlow:> connect: OmnibusSigProc:crm91sigproc91 ( 0 -> 0 ) FrameSync:frame-sync-switch-91 
[09:12:48.938] D [  tbb   ] <TbbFlow:> connect: Digitizer:digitizer91 ( 0 -> 0 ) OmnibusSigProc:crm91sigproc91 
[09:12:48.938] D [  tbb   ] <TbbFlow:> connect: Reframer:reframer91 ( 0 -> 0 ) AddNoise:addnoisecrm91 
[09:12:48.938] D [  tbb   ] <TbbFlow:> connect: AddNoise:addnoisecrm91 ( 0 -> 0 ) Digitizer:digitizer91 
[09:12:48.938] D [  tbb   ] <TbbFlow:> connect: DeposOrBust:dorb-switch-92 ( 0 -> 0 ) DepoTransform:ductor92 
[09:12:48.938] D [  tbb   ] <TbbFlow:> connect: DeposOrBust:dorb-switch-92 ( 1 -> 1 ) FrameSync:frame-sync-switch-92 
[09:12:48.938] D [  tbb   ] <TbbFlow:> connect: DepoTransform:ductor92 ( 0 -> 0 ) Reframer:reframer92 
[09:12:48.938] D [  tbb   ] <TbbFlow:> connect: OmnibusSigProc:crm92sigproc92 ( 0 -> 0 ) FrameSync:frame-sync-switch-92 
[09:12:48.938] D [  tbb   ] <TbbFlow:> connect: Digitizer:digitizer92 ( 0 -> 0 ) OmnibusSigProc:crm92sigproc92 
[09:12:48.938] D [  tbb   ] <TbbFlow:> connect: Reframer:reframer92 ( 0 -> 0 ) AddNoise:addnoisecrm92 
[09:12:48.938] D [  tbb   ] <TbbFlow:> connect: AddNoise:addnoisecrm92 ( 0 -> 0 ) Digitizer:digitizer92 
[09:12:48.938] D [  tbb   ] <TbbFlow:> connect: DeposOrBust:dorb-switch-93 ( 0 -> 0 ) DepoTransform:ductor93 
[09:12:48.938] D [  tbb   ] <TbbFlow:> connect: DeposOrBust:dorb-switch-93 ( 1 -> 1 ) FrameSync:frame-sync-switch-93 
[09:12:48.938] D [  tbb   ] <TbbFlow:> connect: DepoTransform:ductor93 ( 0 -> 0 ) Reframer:reframer93 
[09:12:48.938] D [  tbb   ] <TbbFlow:> connect: OmnibusSigProc:crm93sigproc93 ( 0 -> 0 ) FrameSync:frame-sync-switch-93 
[09:12:48.938] D [  tbb   ] <TbbFlow:> connect: Digitizer:digitizer93 ( 0 -> 0 ) OmnibusSigProc:crm93sigproc93 
[09:12:48.938] D [  tbb   ] <TbbFlow:> connect: Reframer:reframer93 ( 0 -> 0 ) AddNoise:addnoisecrm93 
[09:12:48.938] D [  tbb   ] <TbbFlow:> connect: AddNoise:addnoisecrm93 ( 0 -> 0 ) Digitizer:digitizer93 
[09:12:48.938] D [  tbb   ] <TbbFlow:> connect: DeposOrBust:dorb-switch-94 ( 0 -> 0 ) DepoTransform:ductor94 
[09:12:48.938] D [  tbb   ] <TbbFlow:> connect: DeposOrBust:dorb-switch-94 ( 1 -> 1 ) FrameSync:frame-sync-switch-94 
[09:12:48.938] D [  tbb   ] <TbbFlow:> connect: DepoTransform:ductor94 ( 0 -> 0 ) Reframer:reframer94 
[09:12:48.938] D [  tbb   ] <TbbFlow:> connect: OmnibusSigProc:crm94sigproc94 ( 0 -> 0 ) FrameSync:frame-sync-switch-94 
[09:12:48.938] D [  tbb   ] <TbbFlow:> connect: Digitizer:digitizer94 ( 0 -> 0 ) OmnibusSigProc:crm94sigproc94 
[09:12:48.938] D [  tbb   ] <TbbFlow:> connect: Reframer:reframer94 ( 0 -> 0 ) AddNoise:addnoisecrm94 
[09:12:48.938] D [  tbb   ] <TbbFlow:> connect: AddNoise:addnoisecrm94 ( 0 -> 0 ) Digitizer:digitizer94 
[09:12:48.938] D [  tbb   ] <TbbFlow:> connect: DeposOrBust:dorb-switch-95 ( 0 -> 0 ) DepoTransform:ductor95 
[09:12:48.938] D [  tbb   ] <TbbFlow:> connect: DeposOrBust:dorb-switch-95 ( 1 -> 1 ) FrameSync:frame-sync-switch-95 
[09:12:48.938] D [  tbb   ] <TbbFlow:> connect: DepoTransform:ductor95 ( 0 -> 0 ) Reframer:reframer95 
[09:12:48.938] D [  tbb   ] <TbbFlow:> connect: OmnibusSigProc:crm95sigproc95 ( 0 -> 0 ) FrameSync:frame-sync-switch-95 
[09:12:48.939] D [  tbb   ] <TbbFlow:> connect: Digitizer:digitizer95 ( 0 -> 0 ) OmnibusSigProc:crm95sigproc95 
[09:12:48.939] D [  tbb   ] <TbbFlow:> connect: Reframer:reframer95 ( 0 -> 0 ) AddNoise:addnoisecrm95 
[09:12:48.939] D [  tbb   ] <TbbFlow:> connect: AddNoise:addnoisecrm95 ( 0 -> 0 ) Digitizer:digitizer95 
[09:12:48.939] D [  tbb   ] <TbbFlow:> connect: DeposOrBust:dorb-switch-96 ( 0 -> 0 ) DepoTransform:ductor96 
[09:12:48.939] D [  tbb   ] <TbbFlow:> connect: DeposOrBust:dorb-switch-96 ( 1 -> 1 ) FrameSync:frame-sync-switch-96 
[09:12:48.939] D [  tbb   ] <TbbFlow:> connect: DepoTransform:ductor96 ( 0 -> 0 ) Reframer:reframer96 
[09:12:48.939] D [  tbb   ] <TbbFlow:> connect: OmnibusSigProc:crm96sigproc96 ( 0 -> 0 ) FrameSync:frame-sync-switch-96 
[09:12:48.939] D [  tbb   ] <TbbFlow:> connect: Digitizer:digitizer96 ( 0 -> 0 ) OmnibusSigProc:crm96sigproc96 
[09:12:48.939] D [  tbb   ] <TbbFlow:> connect: Reframer:reframer96 ( 0 -> 0 ) AddNoise:addnoisecrm96 
[09:12:48.939] D [  tbb   ] <TbbFlow:> connect: AddNoise:addnoisecrm96 ( 0 -> 0 ) Digitizer:digitizer96 
[09:12:48.939] D [  tbb   ] <TbbFlow:> connect: DeposOrBust:dorb-switch-97 ( 0 -> 0 ) DepoTransform:ductor97 
[09:12:48.939] D [  tbb   ] <TbbFlow:> connect: DeposOrBust:dorb-switch-97 ( 1 -> 1 ) FrameSync:frame-sync-switch-97 
[09:12:48.939] D [  tbb   ] <TbbFlow:> connect: DepoTransform:ductor97 ( 0 -> 0 ) Reframer:reframer97 
[09:12:48.939] D [  tbb   ] <TbbFlow:> connect: OmnibusSigProc:crm97sigproc97 ( 0 -> 0 ) FrameSync:frame-sync-switch-97 
[09:12:48.939] D [  tbb   ] <TbbFlow:> connect: Digitizer:digitizer97 ( 0 -> 0 ) OmnibusSigProc:crm97sigproc97 
[09:12:48.939] D [  tbb   ] <TbbFlow:> connect: Reframer:reframer97 ( 0 -> 0 ) AddNoise:addnoisecrm97 
[09:12:48.939] D [  tbb   ] <TbbFlow:> connect: AddNoise:addnoisecrm97 ( 0 -> 0 ) Digitizer:digitizer97 
[09:12:48.939] D [  tbb   ] <TbbFlow:> connect: DeposOrBust:dorb-switch-98 ( 0 -> 0 ) DepoTransform:ductor98 
[09:12:48.939] D [  tbb   ] <TbbFlow:> connect: DeposOrBust:dorb-switch-98 ( 1 -> 1 ) FrameSync:frame-sync-switch-98 
[09:12:48.939] D [  tbb   ] <TbbFlow:> connect: DepoTransform:ductor98 ( 0 -> 0 ) Reframer:reframer98 
[09:12:48.939] D [  tbb   ] <TbbFlow:> connect: OmnibusSigProc:crm98sigproc98 ( 0 -> 0 ) FrameSync:frame-sync-switch-98 
[09:12:48.939] D [  tbb   ] <TbbFlow:> connect: Digitizer:digitizer98 ( 0 -> 0 ) OmnibusSigProc:crm98sigproc98 
[09:12:48.939] D [  tbb   ] <TbbFlow:> connect: Reframer:reframer98 ( 0 -> 0 ) AddNoise:addnoisecrm98 
[09:12:48.939] D [  tbb   ] <TbbFlow:> connect: AddNoise:addnoisecrm98 ( 0 -> 0 ) Digitizer:digitizer98 
[09:12:48.939] D [  tbb   ] <TbbFlow:> connect: DeposOrBust:dorb-switch-99 ( 0 -> 0 ) DepoTransform:ductor99 
[09:12:48.939] D [  tbb   ] <TbbFlow:> connect: DeposOrBust:dorb-switch-99 ( 1 -> 1 ) FrameSync:frame-sync-switch-99 
[09:12:48.939] D [  tbb   ] <TbbFlow:> connect: DepoTransform:ductor99 ( 0 -> 0 ) Reframer:reframer99 
[09:12:48.939] D [  tbb   ] <TbbFlow:> connect: OmnibusSigProc:crm99sigproc99 ( 0 -> 0 ) FrameSync:frame-sync-switch-99 
[09:12:48.939] D [  tbb   ] <TbbFlow:> connect: Digitizer:digitizer99 ( 0 -> 0 ) OmnibusSigProc:crm99sigproc99 
[09:12:48.939] D [  tbb   ] <TbbFlow:> connect: Reframer:reframer99 ( 0 -> 0 ) AddNoise:addnoisecrm99 
[09:12:48.939] D [  tbb   ] <TbbFlow:> connect: AddNoise:addnoisecrm99 ( 0 -> 0 ) Digitizer:digitizer99 
[09:12:48.939] D [  tbb   ] <TbbFlow:> connect: DeposOrBust:dorb-switch-100 ( 0 -> 0 ) DepoTransform:ductor100 
[09:12:48.939] D [  tbb   ] <TbbFlow:> connect: DeposOrBust:dorb-switch-100 ( 1 -> 1 ) FrameSync:frame-sync-switch-100 
[09:12:48.939] D [  tbb   ] <TbbFlow:> connect: DepoTransform:ductor100 ( 0 -> 0 ) Reframer:reframer100 
[09:12:48.939] D [  tbb   ] <TbbFlow:> connect: OmnibusSigProc:crm100sigproc100 ( 0 -> 0 ) FrameSync:frame-sync-switch-100 
[09:12:48.939] D [  tbb   ] <TbbFlow:> connect: Digitizer:digitizer100 ( 0 -> 0 ) OmnibusSigProc:crm100sigproc100 
[09:12:48.939] D [  tbb   ] <TbbFlow:> connect: Reframer:reframer100 ( 0 -> 0 ) AddNoise:addnoisecrm100 
[09:12:48.939] D [  tbb   ] <TbbFlow:> connect: AddNoise:addnoisecrm100 ( 0 -> 0 ) Digitizer:digitizer100 
[09:12:48.939] D [  tbb   ] <TbbFlow:> connect: DeposOrBust:dorb-switch-101 ( 0 -> 0 ) DepoTransform:ductor101 
[09:12:48.939] D [  tbb   ] <TbbFlow:> connect: DeposOrBust:dorb-switch-101 ( 1 -> 1 ) FrameSync:frame-sync-switch-101 
[09:12:48.939] D [  tbb   ] <TbbFlow:> connect: DepoTransform:ductor101 ( 0 -> 0 ) Reframer:reframer101 
[09:12:48.939] D [  tbb   ] <TbbFlow:> connect: OmnibusSigProc:crm101sigproc101 ( 0 -> 0 ) FrameSync:frame-sync-switch-101 
[09:12:48.939] D [  tbb   ] <TbbFlow:> connect: Digitizer:digitizer101 ( 0 -> 0 ) OmnibusSigProc:crm101sigproc101 
[09:12:48.939] D [  tbb   ] <TbbFlow:> connect: Reframer:reframer101 ( 0 -> 0 ) AddNoise:addnoisecrm101 
[09:12:48.939] D [  tbb   ] <TbbFlow:> connect: AddNoise:addnoisecrm101 ( 0 -> 0 ) Digitizer:digitizer101 
[09:12:48.939] D [  tbb   ] <TbbFlow:> connect: DeposOrBust:dorb-switch-102 ( 0 -> 0 ) DepoTransform:ductor102 
[09:12:48.939] D [  tbb   ] <TbbFlow:> connect: DeposOrBust:dorb-switch-102 ( 1 -> 1 ) FrameSync:frame-sync-switch-102 
[09:12:48.939] D [  tbb   ] <TbbFlow:> connect: DepoTransform:ductor102 ( 0 -> 0 ) Reframer:reframer102 
[09:12:48.939] D [  tbb   ] <TbbFlow:> connect: OmnibusSigProc:crm102sigproc102 ( 0 -> 0 ) FrameSync:frame-sync-switch-102 
[09:12:48.939] D [  tbb   ] <TbbFlow:> connect: Digitizer:digitizer102 ( 0 -> 0 ) OmnibusSigProc:crm102sigproc102 
[09:12:48.939] D [  tbb   ] <TbbFlow:> connect: Reframer:reframer102 ( 0 -> 0 ) AddNoise:addnoisecrm102 
[09:12:48.939] D [  tbb   ] <TbbFlow:> connect: AddNoise:addnoisecrm102 ( 0 -> 0 ) Digitizer:digitizer102 
[09:12:48.939] D [  tbb   ] <TbbFlow:> connect: DeposOrBust:dorb-switch-103 ( 0 -> 0 ) DepoTransform:ductor103 
[09:12:48.939] D [  tbb   ] <TbbFlow:> connect: DeposOrBust:dorb-switch-103 ( 1 -> 1 ) FrameSync:frame-sync-switch-103 
[09:12:48.939] D [  tbb   ] <TbbFlow:> connect: DepoTransform:ductor103 ( 0 -> 0 ) Reframer:reframer103 
[09:12:48.939] D [  tbb   ] <TbbFlow:> connect: OmnibusSigProc:crm103sigproc103 ( 0 -> 0 ) FrameSync:frame-sync-switch-103 
[09:12:48.939] D [  tbb   ] <TbbFlow:> connect: Digitizer:digitizer103 ( 0 -> 0 ) OmnibusSigProc:crm103sigproc103 
[09:12:48.939] D [  tbb   ] <TbbFlow:> connect: Reframer:reframer103 ( 0 -> 0 ) AddNoise:addnoisecrm103 
[09:12:48.939] D [  tbb   ] <TbbFlow:> connect: AddNoise:addnoisecrm103 ( 0 -> 0 ) Digitizer:digitizer103 
[09:12:48.939] D [  tbb   ] <TbbFlow:> connect: DeposOrBust:dorb-switch-104 ( 0 -> 0 ) DepoTransform:ductor104 
[09:12:48.939] D [  tbb   ] <TbbFlow:> connect: DeposOrBust:dorb-switch-104 ( 1 -> 1 ) FrameSync:frame-sync-switch-104 
[09:12:48.939] D [  tbb   ] <TbbFlow:> connect: DepoTransform:ductor104 ( 0 -> 0 ) Reframer:reframer104 
[09:12:48.939] D [  tbb   ] <TbbFlow:> connect: OmnibusSigProc:crm104sigproc104 ( 0 -> 0 ) FrameSync:frame-sync-switch-104 
[09:12:48.939] D [  tbb   ] <TbbFlow:> connect: Digitizer:digitizer104 ( 0 -> 0 ) OmnibusSigProc:crm104sigproc104 
[09:12:48.939] D [  tbb   ] <TbbFlow:> connect: Reframer:reframer104 ( 0 -> 0 ) AddNoise:addnoisecrm104 
[09:12:48.939] D [  tbb   ] <TbbFlow:> connect: AddNoise:addnoisecrm104 ( 0 -> 0 ) Digitizer:digitizer104 
[09:12:48.939] D [  tbb   ] <TbbFlow:> connect: DeposOrBust:dorb-switch-105 ( 0 -> 0 ) DepoTransform:ductor105 
[09:12:48.939] D [  tbb   ] <TbbFlow:> connect: DeposOrBust:dorb-switch-105 ( 1 -> 1 ) FrameSync:frame-sync-switch-105 
[09:12:48.939] D [  tbb   ] <TbbFlow:> connect: DepoTransform:ductor105 ( 0 -> 0 ) Reframer:reframer105 
[09:12:48.939] D [  tbb   ] <TbbFlow:> connect: OmnibusSigProc:crm105sigproc105 ( 0 -> 0 ) FrameSync:frame-sync-switch-105 
[09:12:48.939] D [  tbb   ] <TbbFlow:> connect: Digitizer:digitizer105 ( 0 -> 0 ) OmnibusSigProc:crm105sigproc105 
[09:12:48.939] D [  tbb   ] <TbbFlow:> connect: Reframer:reframer105 ( 0 -> 0 ) AddNoise:addnoisecrm105 
[09:12:48.939] D [  tbb   ] <TbbFlow:> connect: AddNoise:addnoisecrm105 ( 0 -> 0 ) Digitizer:digitizer105 
[09:12:48.939] D [  tbb   ] <TbbFlow:> connect: DeposOrBust:dorb-switch-106 ( 0 -> 0 ) DepoTransform:ductor106 
[09:12:48.939] D [  tbb   ] <TbbFlow:> connect: DeposOrBust:dorb-switch-106 ( 1 -> 1 ) FrameSync:frame-sync-switch-106 
[09:12:48.939] D [  tbb   ] <TbbFlow:> connect: DepoTransform:ductor106 ( 0 -> 0 ) Reframer:reframer106 
[09:12:48.939] D [  tbb   ] <TbbFlow:> connect: OmnibusSigProc:crm106sigproc106 ( 0 -> 0 ) FrameSync:frame-sync-switch-106 
[09:12:48.939] D [  tbb   ] <TbbFlow:> connect: Digitizer:digitizer106 ( 0 -> 0 ) OmnibusSigProc:crm106sigproc106 
[09:12:48.939] D [  tbb   ] <TbbFlow:> connect: Reframer:reframer106 ( 0 -> 0 ) AddNoise:addnoisecrm106 
[09:12:48.939] D [  tbb   ] <TbbFlow:> connect: AddNoise:addnoisecrm106 ( 0 -> 0 ) Digitizer:digitizer106 
[09:12:48.939] D [  tbb   ] <TbbFlow:> connect: DeposOrBust:dorb-switch-107 ( 0 -> 0 ) DepoTransform:ductor107 
[09:12:48.939] D [  tbb   ] <TbbFlow:> connect: DeposOrBust:dorb-switch-107 ( 1 -> 1 ) FrameSync:frame-sync-switch-107 
[09:12:48.939] D [  tbb   ] <TbbFlow:> connect: DepoTransform:ductor107 ( 0 -> 0 ) Reframer:reframer107 
[09:12:48.939] D [  tbb   ] <TbbFlow:> connect: OmnibusSigProc:crm107sigproc107 ( 0 -> 0 ) FrameSync:frame-sync-switch-107 
[09:12:48.939] D [  tbb   ] <TbbFlow:> connect: Digitizer:digitizer107 ( 0 -> 0 ) OmnibusSigProc:crm107sigproc107 
[09:12:48.939] D [  tbb   ] <TbbFlow:> connect: Reframer:reframer107 ( 0 -> 0 ) AddNoise:addnoisecrm107 
[09:12:48.939] D [  tbb   ] <TbbFlow:> connect: AddNoise:addnoisecrm107 ( 0 -> 0 ) Digitizer:digitizer107 
[09:12:48.939] D [  tbb   ] <TbbFlow:> connect: DeposOrBust:dorb-switch-108 ( 0 -> 0 ) DepoTransform:ductor108 
[09:12:48.939] D [  tbb   ] <TbbFlow:> connect: DeposOrBust:dorb-switch-108 ( 1 -> 1 ) FrameSync:frame-sync-switch-108 
[09:12:48.939] D [  tbb   ] <TbbFlow:> connect: DepoTransform:ductor108 ( 0 -> 0 ) Reframer:reframer108 
[09:12:48.939] D [  tbb   ] <TbbFlow:> connect: OmnibusSigProc:crm108sigproc108 ( 0 -> 0 ) FrameSync:frame-sync-switch-108 
[09:12:48.939] D [  tbb   ] <TbbFlow:> connect: Digitizer:digitizer108 ( 0 -> 0 ) OmnibusSigProc:crm108sigproc108 
[09:12:48.939] D [  tbb   ] <TbbFlow:> connect: Reframer:reframer108 ( 0 -> 0 ) AddNoise:addnoisecrm108 
[09:12:48.939] D [  tbb   ] <TbbFlow:> connect: AddNoise:addnoisecrm108 ( 0 -> 0 ) Digitizer:digitizer108 
[09:12:48.939] D [  tbb   ] <TbbFlow:> connect: DeposOrBust:dorb-switch-109 ( 0 -> 0 ) DepoTransform:ductor109 
[09:12:48.939] D [  tbb   ] <TbbFlow:> connect: DeposOrBust:dorb-switch-109 ( 1 -> 1 ) FrameSync:frame-sync-switch-109 
[09:12:48.939] D [  tbb   ] <TbbFlow:> connect: DepoTransform:ductor109 ( 0 -> 0 ) Reframer:reframer109 
[09:12:48.939] D [  tbb   ] <TbbFlow:> connect: OmnibusSigProc:crm109sigproc109 ( 0 -> 0 ) FrameSync:frame-sync-switch-109 
[09:12:48.939] D [  tbb   ] <TbbFlow:> connect: Digitizer:digitizer109 ( 0 -> 0 ) OmnibusSigProc:crm109sigproc109 
[09:12:48.939] D [  tbb   ] <TbbFlow:> connect: Reframer:reframer109 ( 0 -> 0 ) AddNoise:addnoisecrm109 
[09:12:48.939] D [  tbb   ] <TbbFlow:> connect: AddNoise:addnoisecrm109 ( 0 -> 0 ) Digitizer:digitizer109 
[09:12:48.939] D [  tbb   ] <TbbFlow:> connect: DeposOrBust:dorb-switch-110 ( 0 -> 0 ) DepoTransform:ductor110 
[09:12:48.939] D [  tbb   ] <TbbFlow:> connect: DeposOrBust:dorb-switch-110 ( 1 -> 1 ) FrameSync:frame-sync-switch-110 
[09:12:48.939] D [  tbb   ] <TbbFlow:> connect: DepoTransform:ductor110 ( 0 -> 0 ) Reframer:reframer110 
[09:12:48.939] D [  tbb   ] <TbbFlow:> connect: OmnibusSigProc:crm110sigproc110 ( 0 -> 0 ) FrameSync:frame-sync-switch-110 
[09:12:48.939] D [  tbb   ] <TbbFlow:> connect: Digitizer:digitizer110 ( 0 -> 0 ) OmnibusSigProc:crm110sigproc110 
[09:12:48.939] D [  tbb   ] <TbbFlow:> connect: Reframer:reframer110 ( 0 -> 0 ) AddNoise:addnoisecrm110 
[09:12:48.939] D [  tbb   ] <TbbFlow:> connect: AddNoise:addnoisecrm110 ( 0 -> 0 ) Digitizer:digitizer110 
[09:12:48.939] D [  tbb   ] <TbbFlow:> connect: DeposOrBust:dorb-switch-111 ( 0 -> 0 ) DepoTransform:ductor111 
[09:12:48.939] D [  tbb   ] <TbbFlow:> connect: DeposOrBust:dorb-switch-111 ( 1 -> 1 ) FrameSync:frame-sync-switch-111 
[09:12:48.939] D [  tbb   ] <TbbFlow:> connect: DepoTransform:ductor111 ( 0 -> 0 ) Reframer:reframer111 
[09:12:48.939] D [  tbb   ] <TbbFlow:> connect: OmnibusSigProc:crm111sigproc111 ( 0 -> 0 ) FrameSync:frame-sync-switch-111 
[09:12:48.939] D [  tbb   ] <TbbFlow:> connect: Digitizer:digitizer111 ( 0 -> 0 ) OmnibusSigProc:crm111sigproc111 
[09:12:48.939] D [  tbb   ] <TbbFlow:> connect: Reframer:reframer111 ( 0 -> 0 ) AddNoise:addnoisecrm111 
[09:12:48.939] D [  tbb   ] <TbbFlow:> connect: AddNoise:addnoisecrm111 ( 0 -> 0 ) Digitizer:digitizer111 
[09:12:48.939] D [  tbb   ] <TbbFlow:> connect: DepoSetFilter:ds-filter-switch-23 ( 0 -> 0 ) DeposOrBust:dorb-switch-23 
[09:12:48.939] D [  tbb   ] <TbbFlow:> connect: DepoSetFilter:ds-filter-switch-24 ( 0 -> 0 ) DeposOrBust:dorb-switch-24 
[09:12:48.939] D [  tbb   ] <TbbFlow:> connect: DepoSetFilter:ds-filter-switch-25 ( 0 -> 0 ) DeposOrBust:dorb-switch-25 
[09:12:48.939] D [  tbb   ] <TbbFlow:> connect: DepoSetFilter:ds-filter-switch-26 ( 0 -> 0 ) DeposOrBust:dorb-switch-26 
[09:12:48.939] D [  tbb   ] <TbbFlow:> connect: DepoSetFilter:ds-filter-switch-27 ( 0 -> 0 ) DeposOrBust:dorb-switch-27 
[09:12:48.939] D [  tbb   ] <TbbFlow:> connect: DepoSetFanout:sn_mag_fout_2_4 ( 0 -> 0 ) DepoSetFilter:ds-filter-switch-28 
[09:12:48.939] D [  tbb   ] <TbbFlow:> connect: DepoSetFanout:sn_mag_fout_2_4 ( 1 -> 0 ) DepoSetFilter:ds-filter-switch-29 
[09:12:48.939] D [  tbb   ] <TbbFlow:> connect: DepoSetFanout:sn_mag_fout_2_4 ( 2 -> 0 ) DepoSetFilter:ds-filter-switch-30 
[09:12:48.939] D [  tbb   ] <TbbFlow:> connect: DepoSetFanout:sn_mag_fout_2_4 ( 3 -> 0 ) DepoSetFilter:ds-filter-switch-31 
[09:12:48.939] D [  tbb   ] <TbbFlow:> connect: DepoSetFanout:sn_mag_fout_2_4 ( 4 -> 0 ) DepoSetFilter:ds-filter-switch-32 
[09:12:48.939] D [  tbb   ] <TbbFlow:> connect: DepoSetFanout:sn_mag_fout_2_4 ( 5 -> 0 ) DepoSetFilter:ds-filter-switch-33 
[09:12:48.939] D [  tbb   ] <TbbFlow:> connect: DepoSetFanout:sn_mag_fout_2_4 ( 6 -> 0 ) DepoSetFilter:ds-filter-switch-34 
[09:12:48.939] D [  tbb   ] <TbbFlow:> connect: DepoSetFilter:ds-filter-switch-28 ( 0 -> 0 ) DeposOrBust:dorb-switch-28 
[09:12:48.939] D [  tbb   ] <TbbFlow:> connect: DepoSetFilter:ds-filter-switch-29 ( 0 -> 0 ) DeposOrBust:dorb-switch-29 
[09:12:48.939] D [  tbb   ] <TbbFlow:> connect: DepoSetFilter:ds-filter-switch-30 ( 0 -> 0 ) DeposOrBust:dorb-switch-30 
[09:12:48.939] D [  tbb   ] <TbbFlow:> connect: DepoSetFilter:ds-filter-switch-31 ( 0 -> 0 ) DeposOrBust:dorb-switch-31 
[09:12:48.939] D [  tbb   ] <TbbFlow:> connect: DepoSetFilter:ds-filter-switch-32 ( 0 -> 0 ) DeposOrBust:dorb-switch-32 
[09:12:48.939] D [  tbb   ] <TbbFlow:> connect: DepoSetFilter:ds-filter-switch-33 ( 0 -> 0 ) DeposOrBust:dorb-switch-33 
[09:12:48.939] D [  tbb   ] <TbbFlow:> connect: DepoSetFilter:ds-filter-switch-34 ( 0 -> 0 ) DeposOrBust:dorb-switch-34 
[09:12:48.939] D [  tbb   ] <TbbFlow:> connect: DepoSetFanout:sn_mag_fout_2_5 ( 0 -> 0 ) DepoSetFilter:ds-filter-switch-35 
[09:12:48.939] D [  tbb   ] <TbbFlow:> connect: DepoSetFanout:sn_mag_fout_2_5 ( 1 -> 0 ) DepoSetFilter:ds-filter-switch-36 
[09:12:48.940] D [  tbb   ] <TbbFlow:> connect: DepoSetFanout:sn_mag_fout_2_5 ( 2 -> 0 ) DepoSetFilter:ds-filter-switch-37 
[09:12:48.940] D [  tbb   ] <TbbFlow:> connect: DepoSetFanout:sn_mag_fout_2_5 ( 3 -> 0 ) DepoSetFilter:ds-filter-switch-38 
[09:12:48.940] D [  tbb   ] <TbbFlow:> connect: DepoSetFanout:sn_mag_fout_2_5 ( 4 -> 0 ) DepoSetFilter:ds-filter-switch-39 
[09:12:48.940] D [  tbb   ] <TbbFlow:> connect: DepoSetFanout:sn_mag_fout_2_5 ( 5 -> 0 ) DepoSetFilter:ds-filter-switch-40 
[09:12:48.940] D [  tbb   ] <TbbFlow:> connect: DepoSetFanout:sn_mag_fout_2_5 ( 6 -> 0 ) DepoSetFilter:ds-filter-switch-41 
[09:12:48.940] D [  tbb   ] <TbbFlow:> connect: DepoSetFilter:ds-filter-switch-35 ( 0 -> 0 ) DeposOrBust:dorb-switch-35 
[09:12:48.940] D [  tbb   ] <TbbFlow:> connect: DepoSetFilter:ds-filter-switch-36 ( 0 -> 0 ) DeposOrBust:dorb-switch-36 
[09:12:48.940] D [  tbb   ] <TbbFlow:> connect: DepoSetFilter:ds-filter-switch-37 ( 0 -> 0 ) DeposOrBust:dorb-switch-37 
[09:12:48.940] D [  tbb   ] <TbbFlow:> connect: DepoSetFilter:ds-filter-switch-38 ( 0 -> 0 ) DeposOrBust:dorb-switch-38 
[09:12:48.940] D [  tbb   ] <TbbFlow:> connect: DepoSetFilter:ds-filter-switch-39 ( 0 -> 0 ) DeposOrBust:dorb-switch-39 
[09:12:48.940] D [  tbb   ] <TbbFlow:> connect: DepoSetFilter:ds-filter-switch-40 ( 0 -> 0 ) DeposOrBust:dorb-switch-40 
[09:12:48.940] D [  tbb   ] <TbbFlow:> connect: DepoSetFilter:ds-filter-switch-41 ( 0 -> 0 ) DeposOrBust:dorb-switch-41 
[09:12:48.940] D [  tbb   ] <TbbFlow:> connect: DepoSetFanout:sn_mag_fout_2_6 ( 0 -> 0 ) DepoSetFilter:ds-filter-switch-42 
[09:12:48.940] D [  tbb   ] <TbbFlow:> connect: DepoSetFanout:sn_mag_fout_2_6 ( 1 -> 0 ) DepoSetFilter:ds-filter-switch-43 
[09:12:48.940] D [  tbb   ] <TbbFlow:> connect: DepoSetFanout:sn_mag_fout_2_6 ( 2 -> 0 ) DepoSetFilter:ds-filter-switch-44 
[09:12:48.940] D [  tbb   ] <TbbFlow:> connect: DepoSetFanout:sn_mag_fout_2_6 ( 3 -> 0 ) DepoSetFilter:ds-filter-switch-45 
[09:12:48.940] D [  tbb   ] <TbbFlow:> connect: DepoSetFanout:sn_mag_fout_2_6 ( 4 -> 0 ) DepoSetFilter:ds-filter-switch-46 
[09:12:48.940] D [  tbb   ] <TbbFlow:> connect: DepoSetFanout:sn_mag_fout_2_6 ( 5 -> 0 ) DepoSetFilter:ds-filter-switch-47 
[09:12:48.940] D [  tbb   ] <TbbFlow:> connect: DepoSetFanout:sn_mag_fout_2_6 ( 6 -> 0 ) DepoSetFilter:ds-filter-switch-48 
[09:12:48.940] D [  tbb   ] <TbbFlow:> connect: DepoSetFilter:ds-filter-switch-42 ( 0 -> 0 ) DeposOrBust:dorb-switch-42 
[09:12:48.940] D [  tbb   ] <TbbFlow:> connect: DepoSetFilter:ds-filter-switch-43 ( 0 -> 0 ) DeposOrBust:dorb-switch-43 
[09:12:48.940] D [  tbb   ] <TbbFlow:> connect: DepoSetFilter:ds-filter-switch-44 ( 0 -> 0 ) DeposOrBust:dorb-switch-44 
[09:12:48.940] D [  tbb   ] <TbbFlow:> connect: DepoSetFilter:ds-filter-switch-45 ( 0 -> 0 ) DeposOrBust:dorb-switch-45 
[09:12:48.940] D [  tbb   ] <TbbFlow:> connect: DepoSetFilter:ds-filter-switch-46 ( 0 -> 0 ) DeposOrBust:dorb-switch-46 
[09:12:48.940] D [  tbb   ] <TbbFlow:> connect: DepoSetFilter:ds-filter-switch-47 ( 0 -> 0 ) DeposOrBust:dorb-switch-47 
[09:12:48.940] D [  tbb   ] <TbbFlow:> connect: DepoSetFilter:ds-filter-switch-48 ( 0 -> 0 ) DeposOrBust:dorb-switch-48 
[09:12:48.940] D [  tbb   ] <TbbFlow:> connect: DepoSetFanout:sn_mag_fout_2_7 ( 0 -> 0 ) DepoSetFilter:ds-filter-switch-49 
[09:12:48.940] D [  tbb   ] <TbbFlow:> connect: DepoSetFanout:sn_mag_fout_2_7 ( 1 -> 0 ) DepoSetFilter:ds-filter-switch-50 
[09:12:48.940] D [  tbb   ] <TbbFlow:> connect: DepoSetFanout:sn_mag_fout_2_7 ( 2 -> 0 ) DepoSetFilter:ds-filter-switch-51 
[09:12:48.940] D [  tbb   ] <TbbFlow:> connect: DepoSetFanout:sn_mag_fout_2_7 ( 3 -> 0 ) DepoSetFilter:ds-filter-switch-52 
[09:12:48.940] D [  tbb   ] <TbbFlow:> connect: DepoSetFanout:sn_mag_fout_2_7 ( 4 -> 0 ) DepoSetFilter:ds-filter-switch-53 
[09:12:48.940] D [  tbb   ] <TbbFlow:> connect: DepoSetFanout:sn_mag_fout_2_7 ( 5 -> 0 ) DepoSetFilter:ds-filter-switch-54 
[09:12:48.940] D [  tbb   ] <TbbFlow:> connect: DepoSetFanout:sn_mag_fout_2_7 ( 6 -> 0 ) DepoSetFilter:ds-filter-switch-55 
[09:12:48.940] D [  tbb   ] <TbbFlow:> connect: DepoSetFilter:ds-filter-switch-49 ( 0 -> 0 ) DeposOrBust:dorb-switch-49 
[09:12:48.940] D [  tbb   ] <TbbFlow:> connect: DepoSetFilter:ds-filter-switch-50 ( 0 -> 0 ) DeposOrBust:dorb-switch-50 
[09:12:48.940] D [  tbb   ] <TbbFlow:> connect: DepoSetFilter:ds-filter-switch-51 ( 0 -> 0 ) DeposOrBust:dorb-switch-51 
[09:12:48.940] D [  tbb   ] <TbbFlow:> connect: DepoSetFilter:ds-filter-switch-52 ( 0 -> 0 ) DeposOrBust:dorb-switch-52 
[09:12:48.940] D [  tbb   ] <TbbFlow:> connect: DepoSetFilter:ds-filter-switch-53 ( 0 -> 0 ) DeposOrBust:dorb-switch-53 
[09:12:48.940] D [  tbb   ] <TbbFlow:> connect: DepoSetFilter:ds-filter-switch-54 ( 0 -> 0 ) DeposOrBust:dorb-switch-54 
[09:12:48.940] D [  tbb   ] <TbbFlow:> connect: DepoSetFilter:ds-filter-switch-55 ( 0 -> 0 ) DeposOrBust:dorb-switch-55 
[09:12:48.940] D [  tbb   ] <TbbFlow:> connect: DepoSetFanout:sn_mag_fout_2_8 ( 0 -> 0 ) DepoSetFilter:ds-filter-switch-56 
[09:12:48.940] D [  tbb   ] <TbbFlow:> connect: DepoSetFanout:sn_mag_fout_2_8 ( 1 -> 0 ) DepoSetFilter:ds-filter-switch-57 
[09:12:48.940] D [  tbb   ] <TbbFlow:> connect: DepoSetFanout:sn_mag_fout_2_8 ( 2 -> 0 ) DepoSetFilter:ds-filter-switch-58 
[09:12:48.940] D [  tbb   ] <TbbFlow:> connect: DepoSetFanout:sn_mag_fout_2_8 ( 3 -> 0 ) DepoSetFilter:ds-filter-switch-59 
[09:12:48.940] D [  tbb   ] <TbbFlow:> connect: DepoSetFanout:sn_mag_fout_2_8 ( 4 -> 0 ) DepoSetFilter:ds-filter-switch-60 
[09:12:48.940] D [  tbb   ] <TbbFlow:> connect: DepoSetFanout:sn_mag_fout_2_8 ( 5 -> 0 ) DepoSetFilter:ds-filter-switch-61 
[09:12:48.940] D [  tbb   ] <TbbFlow:> connect: DepoSetFanout:sn_mag_fout_2_8 ( 6 -> 0 ) DepoSetFilter:ds-filter-switch-62 
[09:12:48.940] D [  tbb   ] <TbbFlow:> connect: DepoSetFilter:ds-filter-switch-56 ( 0 -> 0 ) DeposOrBust:dorb-switch-56 
[09:12:48.940] D [  tbb   ] <TbbFlow:> connect: DepoSetFilter:ds-filter-switch-57 ( 0 -> 0 ) DeposOrBust:dorb-switch-57 
[09:12:48.940] D [  tbb   ] <TbbFlow:> connect: DepoSetFilter:ds-filter-switch-58 ( 0 -> 0 ) DeposOrBust:dorb-switch-58 
[09:12:48.940] D [  tbb   ] <TbbFlow:> connect: DepoSetFilter:ds-filter-switch-59 ( 0 -> 0 ) DeposOrBust:dorb-switch-59 
[09:12:48.940] D [  tbb   ] <TbbFlow:> connect: DepoSetFilter:ds-filter-switch-60 ( 0 -> 0 ) DeposOrBust:dorb-switch-60 
[09:12:48.940] D [  tbb   ] <TbbFlow:> connect: DepoSetFilter:ds-filter-switch-61 ( 0 -> 0 ) DeposOrBust:dorb-switch-61 
[09:12:48.940] D [  tbb   ] <TbbFlow:> connect: DepoSetFilter:ds-filter-switch-62 ( 0 -> 0 ) DeposOrBust:dorb-switch-62 
[09:12:48.940] D [  tbb   ] <TbbFlow:> connect: DepoSetFanout:sn_mag_fout_2_9 ( 0 -> 0 ) DepoSetFilter:ds-filter-switch-63 
[09:12:48.940] D [  tbb   ] <TbbFlow:> connect: DepoSetFanout:sn_mag_fout_2_9 ( 1 -> 0 ) DepoSetFilter:ds-filter-switch-64 
[09:12:48.940] D [  tbb   ] <TbbFlow:> connect: DepoSetFanout:sn_mag_fout_2_9 ( 2 -> 0 ) DepoSetFilter:ds-filter-switch-65 
[09:12:48.940] D [  tbb   ] <TbbFlow:> connect: DepoSetFanout:sn_mag_fout_2_9 ( 3 -> 0 ) DepoSetFilter:ds-filter-switch-66 
[09:12:48.940] D [  tbb   ] <TbbFlow:> connect: DepoSetFanout:sn_mag_fout_2_9 ( 4 -> 0 ) DepoSetFilter:ds-filter-switch-67 
[09:12:48.940] D [  tbb   ] <TbbFlow:> connect: DepoSetFanout:sn_mag_fout_2_9 ( 5 -> 0 ) DepoSetFilter:ds-filter-switch-68 
[09:12:48.940] D [  tbb   ] <TbbFlow:> connect: DepoSetFanout:sn_mag_fout_2_9 ( 6 -> 0 ) DepoSetFilter:ds-filter-switch-69 
[09:12:48.940] D [  tbb   ] <TbbFlow:> connect: DepoSetFilter:ds-filter-switch-63 ( 0 -> 0 ) DeposOrBust:dorb-switch-63 
[09:12:48.940] D [  tbb   ] <TbbFlow:> connect: DepoSetFilter:ds-filter-switch-64 ( 0 -> 0 ) DeposOrBust:dorb-switch-64 
[09:12:48.940] D [  tbb   ] <TbbFlow:> connect: DepoSetFilter:ds-filter-switch-65 ( 0 -> 0 ) DeposOrBust:dorb-switch-65 
[09:12:48.940] D [  tbb   ] <TbbFlow:> connect: DepoSetFilter:ds-filter-switch-66 ( 0 -> 0 ) DeposOrBust:dorb-switch-66 
[09:12:48.940] D [  tbb   ] <TbbFlow:> connect: DepoSetFilter:ds-filter-switch-67 ( 0 -> 0 ) DeposOrBust:dorb-switch-67 
[09:12:48.940] D [  tbb   ] <TbbFlow:> connect: DepoSetFilter:ds-filter-switch-68 ( 0 -> 0 ) DeposOrBust:dorb-switch-68 
[09:12:48.940] D [  tbb   ] <TbbFlow:> connect: DepoSetFilter:ds-filter-switch-69 ( 0 -> 0 ) DeposOrBust:dorb-switch-69 
[09:12:48.940] D [  tbb   ] <TbbFlow:> connect: DepoSetFanout:sn_mag_fout_2_10 ( 0 -> 0 ) DepoSetFilter:ds-filter-switch-70 
[09:12:48.940] D [  tbb   ] <TbbFlow:> connect: DepoSetFanout:sn_mag_fout_2_10 ( 1 -> 0 ) DepoSetFilter:ds-filter-switch-71 
[09:12:48.940] D [  tbb   ] <TbbFlow:> connect: DepoSetFanout:sn_mag_fout_2_10 ( 2 -> 0 ) DepoSetFilter:ds-filter-switch-72 
[09:12:48.940] D [  tbb   ] <TbbFlow:> connect: DepoSetFanout:sn_mag_fout_2_10 ( 3 -> 0 ) DepoSetFilter:ds-filter-switch-73 
[09:12:48.940] D [  tbb   ] <TbbFlow:> connect: DepoSetFanout:sn_mag_fout_2_10 ( 4 -> 0 ) DepoSetFilter:ds-filter-switch-74 
[09:12:48.940] D [  tbb   ] <TbbFlow:> connect: DepoSetFanout:sn_mag_fout_2_10 ( 5 -> 0 ) DepoSetFilter:ds-filter-switch-75 
[09:12:48.940] D [  tbb   ] <TbbFlow:> connect: DepoSetFanout:sn_mag_fout_2_10 ( 6 -> 0 ) DepoSetFilter:ds-filter-switch-76 
[09:12:48.940] D [  tbb   ] <TbbFlow:> connect: DepoSetFilter:ds-filter-switch-70 ( 0 -> 0 ) DeposOrBust:dorb-switch-70 
Inputer: "wclsSimDepoSetSource:"
Outputer: "wclsDepoFluxWriter:postdrift"
Outputer: "wclsFrameSaver:spsignals"
wclsFrameSaver: promising to produce recob::Wires named "gauss"
wclsFrameSaver: promising to produce recob::Wires named "wiener"
wclsFrameSaver: promising to produce recob::Wires named "dnnsp"
05-May-2026 09:12:49 CDT  Initiating request to open input file "g4.root"
05-May-2026 09:12:49 CDT  Opened input file "g4.root"
Begin processing the 1st record. run: 20000011 subRun: 0 event: 1 at 05-May-2026 09:12:49 CDT
SimDepoSetSource got 450 depos from art tag "InputTag: label = 'IonAndScint', instance = ''" returns: okay
SimDepoSetSource: ready with 450 depos spanning: [1, 2.05728]us
[09:12:49.350] D [  main  ] executing 1 apps, thread limit 0:
[09:12:49.350] D [  main  ] executing 1 apps, thread limit 0:
[09:12:49.350] D [  main  ] executing app: "TbbFlow"
[09:12:49.350] D [  tbb   ] <TbbFlow:> TbbFlow: run:  
[09:12:49.352] D [  gen   ] <Drifter:> see EOS, ( dropped:2 + drifted:448 ) / total:450 depos from stream, outside of all 1 drift xregions 
[09:12:49.352] D [  gen   ] <DepoSetDrifter:> call=0 drifted ndepos=448 Qout=-1101005 (79.04901806631615%) 
[09:12:49.352] D [  glue  ] <DepoSetFanout:sn_mag_fout_0_0> call=0 fanout depo set 0 with 448 
[09:12:49.352] D [  glue  ] <DepoSetFanout:sn_mag_fout_1_0> call=0 fanout depo set 0 with 448 
[09:12:49.352] D [  glue  ] <DepoSetFanout:sn_mag_fout_2_0> call=0 fanout depo set 0 with 448 
[09:12:49.352] D [  gen   ] <DepoSetFilter:ds-filter-switch-0> call=0 depos: input=448 output=0 dropped=-448 
[09:12:49.352] D [  glue  ] <DeposOrBust:dorb-switch-0> DeposOrBust: got empty deposet 
[09:12:49.352] D [  glue  ] <FrameSync:frame-sync-switch-0> port 0 empty 
[09:12:49.352] D [  glue  ] <FrameSync:frame-sync-switch-0> port 1 frame 0 
[09:12:49.352] D [  glue  ] <FrameSync:frame-sync-switch-0> port 0 empty 
[09:12:49.352] D [  glue  ] <FrameSync:frame-sync-switch-0> port 1 empty 
[09:12:49.352] D [  glue  ] <FrameSync:frame-sync-switch-0> oqs size: 1 
[09:12:49.352] D [  gen   ] <DepoSetFilter:ds-filter-switch-1> call=0 depos: input=448 output=0 dropped=-448 
[09:12:49.352] D [  glue  ] <DeposOrBust:dorb-switch-1> DeposOrBust: got empty deposet 
[09:12:49.352] D [  glue  ] <FrameSync:frame-sync-switch-1> port 0 empty 
[09:12:49.352] D [  glue  ] <FrameSync:frame-sync-switch-1> port 1 frame 0 
[09:12:49.352] D [  glue  ] <FrameSync:frame-sync-switch-1> port 0 empty 
[09:12:49.352] D [  glue  ] <FrameSync:frame-sync-switch-1> port 1 empty 
[09:12:49.352] D [  glue  ] <FrameSync:frame-sync-switch-1> oqs size: 1 
[09:12:49.352] D [  gen   ] <DepoSetFilter:ds-filter-switch-2> call=0 depos: input=448 output=0 dropped=-448 
[09:12:49.352] D [  glue  ] <DeposOrBust:dorb-switch-2> DeposOrBust: got empty deposet 
[09:12:49.352] D [  glue  ] <FrameSync:frame-sync-switch-2> port 0 empty 
[09:12:49.352] D [  glue  ] <FrameSync:frame-sync-switch-2> port 1 frame 0 
[09:12:49.352] D [  glue  ] <FrameSync:frame-sync-switch-2> port 0 empty 
[09:12:49.352] D [  glue  ] <FrameSync:frame-sync-switch-2> port 1 empty 
[09:12:49.352] D [  glue  ] <FrameSync:frame-sync-switch-2> oqs size: 1 
[09:12:49.352] D [  gen   ] <DepoSetFilter:ds-filter-switch-3> call=0 depos: input=448 output=0 dropped=-448 
[09:12:49.352] D [  glue  ] <DeposOrBust:dorb-switch-3> DeposOrBust: got empty deposet 
[09:12:49.352] D [  glue  ] <FrameSync:frame-sync-switch-3> port 0 empty 
[09:12:49.352] D [  glue  ] <FrameSync:frame-sync-switch-3> port 1 frame 0 
[09:12:49.352] D [  glue  ] <FrameSync:frame-sync-switch-3> port 0 empty 
[09:12:49.352] D [  glue  ] <FrameSync:frame-sync-switch-3> port 1 empty 
[09:12:49.352] D [  glue  ] <FrameSync:frame-sync-switch-3> oqs size: 1 
[09:12:49.352] D [  gen   ] <DepoSetFilter:ds-filter-switch-4> call=0 depos: input=448 output=0 dropped=-448 
[09:12:49.352] D [  glue  ] <DeposOrBust:dorb-switch-4> DeposOrBust: got empty deposet 
[09:12:49.352] D [  glue  ] <FrameSync:frame-sync-switch-4> port 0 empty 
[09:12:49.352] D [  glue  ] <FrameSync:frame-sync-switch-4> port 1 frame 0 
[09:12:49.352] D [  glue  ] <FrameSync:frame-sync-switch-4> port 0 empty 
[09:12:49.352] D [  glue  ] <FrameSync:frame-sync-switch-4> port 1 empty 
[09:12:49.352] D [  glue  ] <FrameSync:frame-sync-switch-4> oqs size: 1 
[09:12:49.352] D [  gen   ] <DepoSetFilter:ds-filter-switch-5> call=0 depos: input=448 output=0 dropped=-448 
[09:12:49.352] D [  glue  ] <DeposOrBust:dorb-switch-5> DeposOrBust: got empty deposet 
[09:12:49.352] D [  glue  ] <FrameSync:frame-sync-switch-5> port 0 empty 
[09:12:49.352] D [  glue  ] <FrameSync:frame-sync-switch-5> port 1 frame 0 
[09:12:49.352] D [  glue  ] <FrameSync:frame-sync-switch-5> port 0 empty 
[09:12:49.352] D [  glue  ] <FrameSync:frame-sync-switch-5> port 1 empty 
[09:12:49.352] D [  glue  ] <FrameSync:frame-sync-switch-5> oqs size: 1 
[09:12:49.352] D [  gen   ] <DepoSetFilter:ds-filter-switch-6> call=0 depos: input=448 output=0 dropped=-448 
[09:12:49.352] D [  glue  ] <DeposOrBust:dorb-switch-6> DeposOrBust: got empty deposet 
[09:12:49.352] D [  glue  ] <FrameSync:frame-sync-switch-6> port 0 empty 
[09:12:49.352] D [  glue  ] <FrameSync:frame-sync-switch-6> port 1 frame 0 
[09:12:49.352] D [  glue  ] <FrameSync:frame-sync-switch-6> port 0 empty 
[09:12:49.352] D [  glue  ] <FrameSync:frame-sync-switch-6> port 1 empty 
[09:12:49.353] D [  glue  ] <FrameSync:frame-sync-switch-6> oqs size: 1 
[09:12:49.353] D [  glue  ] <FrameFanin:sn_mag_fin_2_0> call=0 input 0: frame: ident=0 time=0 tick=0 with  null trace ptr!] 0 tagged trace sets:[ ] cmm:[ ] input 1: frame: ident=0 time=0 tick=0 with  null trace ptr!] 0 tagged trace sets:[ ] cmm:[ ] input 2: frame: ident=0 time=0 tick=0 with  null trace ptr!] 0 tagged trace sets:[ ] cmm:[ ] input 3: frame: ident=0 time=0 tick=0 with  null trace ptr!] 0 tagged trace sets:[ ] cmm:[ ] input 4: frame: ident=0 time=0 tick=0 with  null trace ptr!] 0 tagged trace sets:[ ] cmm:[ ] input 5: frame: ident=0 time=0 tick=0 with  null trace ptr!] 0 tagged trace sets:[ ] cmm:[ ] input 6: frame: ident=0 time=0 tick=0 with  null trace ptr!] 0 tagged trace sets:[ ] cmm:[ ] output: frame: ident=0 time=0 tick=0 with 0 traces.  frame tags:[ "framefanin" ] 0 tagged trace sets:[ ] cmm:[ ] 
[09:12:49.353] D [  glue  ] <DepoSetFanout:sn_mag_fout_2_1> call=0 fanout depo set 0 with 448 
[09:12:49.353] D [  gen   ] <DepoSetFilter:ds-filter-switch-7> call=0 depos: input=448 output=0 dropped=-448 
[09:12:49.353] D [  glue  ] <DeposOrBust:dorb-switch-7> DeposOrBust: got empty deposet 
[09:12:49.353] D [  glue  ] <FrameSync:frame-sync-switch-7> port 0 empty 
[09:12:49.353] D [  glue  ] <FrameSync:frame-sync-switch-7> port 1 frame 0 
[09:12:49.353] D [  glue  ] <FrameSync:frame-sync-switch-7> port 0 empty 
[09:12:49.353] D [  glue  ] <FrameSync:frame-sync-switch-7> port 1 empty 
[09:12:49.353] D [  glue  ] <FrameSync:frame-sync-switch-7> oqs size: 1 
[09:12:49.353] D [  gen   ] <DepoSetFilter:ds-filter-switch-8> call=0 depos: input=448 output=0 dropped=-448 
[09:12:49.353] D [  glue  ] <DeposOrBust:dorb-switch-8> DeposOrBust: got empty deposet 
[09:12:49.353] D [  glue  ] <FrameSync:frame-sync-switch-8> port 0 empty 
[09:12:49.353] D [  glue  ] <FrameSync:frame-sync-switch-8> port 1 frame 0 
[09:12:49.353] D [  glue  ] <FrameSync:frame-sync-switch-8> port 0 empty 
[09:12:49.353] D [  glue  ] <FrameSync:frame-sync-switch-8> port 1 empty 
[09:12:49.353] D [  glue  ] <FrameSync:frame-sync-switch-8> oqs size: 1 
[09:12:49.353] D [  gen   ] <DepoSetFilter:ds-filter-switch-9> call=0 depos: input=448 output=0 dropped=-448 
[09:12:49.353] D [  glue  ] <DeposOrBust:dorb-switch-9> DeposOrBust: got empty deposet 
[09:12:49.353] D [  glue  ] <FrameSync:frame-sync-switch-9> port 0 empty 
[09:12:49.353] D [  glue  ] <FrameSync:frame-sync-switch-9> port 1 frame 0 
[09:12:49.353] D [  glue  ] <FrameSync:frame-sync-switch-9> port 0 empty 
[09:12:49.353] D [  glue  ] <FrameSync:frame-sync-switch-9> port 1 empty 
[09:12:49.353] D [  glue  ] <FrameSync:frame-sync-switch-9> oqs size: 1 
[09:12:49.353] D [  gen   ] <DepoSetFilter:ds-filter-switch-10> call=0 depos: input=448 output=0 dropped=-448 
[09:12:49.353] D [  glue  ] <DeposOrBust:dorb-switch-10> DeposOrBust: got empty deposet 
[09:12:49.353] D [  glue  ] <FrameSync:frame-sync-switch-10> port 0 empty 
[09:12:49.353] D [  glue  ] <FrameSync:frame-sync-switch-10> port 1 frame 0 
[09:12:49.353] D [  glue  ] <FrameSync:frame-sync-switch-10> port 0 empty 
[09:12:49.353] D [  glue  ] <FrameSync:frame-sync-switch-10> port 1 empty 
[09:12:49.353] D [  glue  ] <FrameSync:frame-sync-switch-10> oqs size: 1 
[09:12:49.353] D [  gen   ] <DepoSetFilter:ds-filter-switch-11> call=0 depos: input=448 output=0 dropped=-448 
[09:12:49.353] D [  glue  ] <DeposOrBust:dorb-switch-11> DeposOrBust: got empty deposet 
[09:12:49.353] D [  glue  ] <FrameSync:frame-sync-switch-11> port 0 empty 
[09:12:49.353] D [  glue  ] <FrameSync:frame-sync-switch-11> port 1 frame 0 
[09:12:49.353] D [  glue  ] <FrameSync:frame-sync-switch-11> port 0 empty 
[09:12:49.353] D [  glue  ] <FrameSync:frame-sync-switch-11> port 1 empty 
[09:12:49.353] D [  glue  ] <FrameSync:frame-sync-switch-11> oqs size: 1 
[09:12:49.353] D [  gen   ] <DepoSetFilter:ds-filter-switch-12> call=0 depos: input=448 output=0 dropped=-448 
[09:12:49.353] D [  glue  ] <DeposOrBust:dorb-switch-12> DeposOrBust: got empty deposet 
[09:12:49.353] D [  glue  ] <FrameSync:frame-sync-switch-12> port 0 empty 
[09:12:49.353] D [  glue  ] <FrameSync:frame-sync-switch-12> port 1 frame 0 
[09:12:49.353] D [  glue  ] <FrameSync:frame-sync-switch-12> port 0 empty 
[09:12:49.353] D [  glue  ] <FrameSync:frame-sync-switch-12> port 1 empty 
[09:12:49.353] D [  glue  ] <FrameSync:frame-sync-switch-12> oqs size: 1 
[09:12:49.353] D [  gen   ] <DepoSetFilter:ds-filter-switch-13> call=0 depos: input=448 output=0 dropped=-448 
[09:12:49.353] D [  glue  ] <DeposOrBust:dorb-switch-13> DeposOrBust: got empty deposet 
[09:12:49.353] D [  glue  ] <FrameSync:frame-sync-switch-13> port 0 empty 
[09:12:49.353] D [  glue  ] <FrameSync:frame-sync-switch-13> port 1 frame 0 
[09:12:49.353] D [  glue  ] <FrameSync:frame-sync-switch-13> port 0 empty 
[09:12:49.353] D [  glue  ] <FrameSync:frame-sync-switch-13> port 1 empty 
[09:12:49.353] D [  glue  ] <FrameSync:frame-sync-switch-13> oqs size: 1 
[09:12:49.353] D [  glue  ] <FrameFanin:sn_mag_fin_2_1> call=0 input 0: frame: ident=0 time=0 tick=0 with  null trace ptr!] 0 tagged trace sets:[ ] cmm:[ ] input 1: frame: ident=0 time=0 tick=0 with  null trace ptr!] 0 tagged trace sets:[ ] cmm:[ ] input 2: frame: ident=0 time=0 tick=0 with  null trace ptr!] 0 tagged trace sets:[ ] cmm:[ ] input 3: frame: ident=0 time=0 tick=0 with  null trace ptr!] 0 tagged trace sets:[ ] cmm:[ ] input 4: frame: ident=0 time=0 tick=0 with  null trace ptr!] 0 tagged trace sets:[ ] cmm:[ ] input 5: frame: ident=0 time=0 tick=0 with  null trace ptr!] 0 tagged trace sets:[ ] cmm:[ ] input 6: frame: ident=0 time=0 tick=0 with  null trace ptr!] 0 tagged trace sets:[ ] cmm:[ ] output: frame: ident=0 time=0 tick=0 with 0 traces.  frame tags:[ "framefanin" ] 0 tagged trace sets:[ ] cmm:[ ] 
[09:12:49.353] D [  glue  ] <FrameFanin:sn_mag_fin_1_0> call=0 input 0: frame: ident=0 time=0 tick=0 with 0 traces.  frame tags:[ "framefanin" ] 0 tagged trace sets:[ ] cmm:[ ] input 1: frame: ident=0 time=0 tick=0 with 0 traces.  frame tags:[ "framefanin" ] 0 tagged trace sets:[ ] cmm:[ ] output: frame: ident=0 time=0 tick=0 with 0 traces.  frame tags:[ "framefanin" ] 0 tagged trace sets:[ ] cmm:[ ] 
[09:12:49.353] D [  glue  ] <DepoSetFanout:sn_mag_fout_1_1> call=0 fanout depo set 0 with 448 
[09:12:49.353] D [  glue  ] <DepoSetFanout:sn_mag_fout_2_2> call=0 fanout depo set 0 with 448 
[09:12:49.353] D [  gen   ] <DepoSetFilter:ds-filter-switch-14> call=0 depos: input=448 output=0 dropped=-448 
[09:12:49.353] D [  glue  ] <DeposOrBust:dorb-switch-14> DeposOrBust: got empty deposet 
[09:12:49.353] D [  glue  ] <FrameSync:frame-sync-switch-14> port 0 empty 
[09:12:49.353] D [  glue  ] <FrameSync:frame-sync-switch-14> port 1 frame 0 
[09:12:49.353] D [  glue  ] <FrameSync:frame-sync-switch-14> port 0 empty 
[09:12:49.353] D [  glue  ] <FrameSync:frame-sync-switch-14> port 1 empty 
[09:12:49.353] D [  glue  ] <FrameSync:frame-sync-switch-14> oqs size: 1 
[09:12:49.353] D [  gen   ] <DepoSetFilter:ds-filter-switch-15> call=0 depos: input=448 output=0 dropped=-448 
[09:12:49.353] D [  glue  ] <DeposOrBust:dorb-switch-15> DeposOrBust: got empty deposet 
[09:12:49.353] D [  glue  ] <FrameSync:frame-sync-switch-15> port 0 empty 
[09:12:49.353] D [  glue  ] <FrameSync:frame-sync-switch-15> port 1 frame 0 
[09:12:49.353] D [  glue  ] <FrameSync:frame-sync-switch-15> port 0 empty 
[09:12:49.353] D [  glue  ] <FrameSync:frame-sync-switch-15> port 1 empty 
[09:12:49.353] D [  glue  ] <FrameSync:frame-sync-switch-15> oqs size: 1 
[09:12:49.353] D [  gen   ] <DepoSetFilter:ds-filter-switch-16> call=0 depos: input=448 output=0 dropped=-448 
[09:12:49.353] D [  glue  ] <DeposOrBust:dorb-switch-16> DeposOrBust: got empty deposet 
[09:12:49.353] D [  glue  ] <FrameSync:frame-sync-switch-16> port 0 empty 
[09:12:49.353] D [  glue  ] <FrameSync:frame-sync-switch-16> port 1 frame 0 
[09:12:49.353] D [  glue  ] <FrameSync:frame-sync-switch-16> port 0 empty 
[09:12:49.353] D [  glue  ] <FrameSync:frame-sync-switch-16> port 1 empty 
[09:12:49.353] D [  glue  ] <FrameSync:frame-sync-switch-16> oqs size: 1 
[09:12:49.353] D [  gen   ] <DepoSetFilter:ds-filter-switch-17> call=0 depos: input=448 output=0 dropped=-448 
[09:12:49.353] D [  glue  ] <DeposOrBust:dorb-switch-17> DeposOrBust: got empty deposet 
[09:12:49.353] D [  glue  ] <FrameSync:frame-sync-switch-17> port 0 empty 
[09:12:49.353] D [  glue  ] <FrameSync:frame-sync-switch-17> port 1 frame 0 
[09:12:49.353] D [  glue  ] <FrameSync:frame-sync-switch-17> port 0 empty 
[09:12:49.353] D [  glue  ] <FrameSync:frame-sync-switch-17> port 1 empty 
[09:12:49.353] D [  glue  ] <FrameSync:frame-sync-switch-17> oqs size: 1 
[09:12:49.353] D [  gen   ] <DepoSetFilter:ds-filter-switch-18> call=0 depos: input=448 output=0 dropped=-448 
[09:12:49.353] D [  glue  ] <DeposOrBust:dorb-switch-18> DeposOrBust: got empty deposet 
[09:12:49.353] D [  glue  ] <FrameSync:frame-sync-switch-18> port 0 empty 
[09:12:49.353] D [  glue  ] <FrameSync:frame-sync-switch-18> port 1 frame 0 
[09:12:49.353] D [  glue  ] <FrameSync:frame-sync-switch-18> port 0 empty 
[09:12:49.353] D [  glue  ] <FrameSync:frame-sync-switch-18> port 1 empty 
[09:12:49.353] D [  glue  ] <FrameSync:frame-sync-switch-18> oqs size: 1 
[09:12:49.353] D [  gen   ] <DepoSetFilter:ds-filter-switch-19> call=0 depos: input=448 output=0 dropped=-448 
[09:12:49.353] D [  glue  ] <DeposOrBust:dorb-switch-19> DeposOrBust: got empty deposet 
[09:12:49.353] D [  glue  ] <FrameSync:frame-sync-switch-19> port 0 empty 
[09:12:49.353] D [  glue  ] <FrameSync:frame-sync-switch-19> port 1 frame 0 
[09:12:49.353] D [  glue  ] <FrameSync:frame-sync-switch-19> port 0 empty 
[09:12:49.353] D [  glue  ] <FrameSync:frame-sync-switch-19> port 1 empty 
[09:12:49.353] D [  glue  ] <FrameSync:frame-sync-switch-19> oqs size: 1 
[09:12:49.353] D [  gen   ] <DepoSetFilter:ds-filter-switch-20> call=0 depos: input=448 output=59 dropped=-389 
[09:12:49.353] D [  glue  ] <DeposOrBust:dorb-switch-20> DeposOrBust: forward deposet 
[09:12:49.429] D [  gen   ] <DepoTransform:ductor20> plane=0 face=0 depos=59 total traces=80 
[09:12:49.511] D [  gen   ] <DepoTransform:ductor20> plane=1 face=0 depos=59 total traces=176 
[09:12:49.599] D [  gen   ] <DepoTransform:ductor20> plane=2 face=0 depos=59 total traces=275 
[09:12:49.599] D [  gen   ] <DepoTransform:ductor20> call=0 count=100 ndepos_in=59 ndepos_used=59 
[09:12:49.599] D [  gen   ] <DepoTransform:ductor20> output: frame: ident=100 time=-117835 tick=500 with 275 traces.  frame tags:[ ] 0 tagged trace sets:[ ] cmm:[ ] 
[09:12:49.609] D [  gen   ] <Reframer:reframer20> input : frame: ident=100 time=-117835 tick=500 with 275 traces.  frame tags:[ ] 0 tagged trace sets:[ ] cmm:[ ] 
[09:12:49.609] D [  gen   ] <Reframer:reframer20> output: frame: ident=100 time=164.633 tick=500 with 864 traces.  frame tags:[ ] 0 tagged trace sets:[ ] cmm:[ ] 
[09:12:49.610] W [  gen   ] <IncoherentAddNoise:addnoisecrm20> model EmpiricalNoiseModel:empericalnoisemeganodes produced 8960 samples instead of expected 8500, future warnings muted 
[09:12:49.748] D [  gen   ] <IncoherentAddNoise:addnoisecrm20> call=0 frame=100 864 traces 
[09:12:49.748] D [  gen   ] <IncoherentAddNoise:addnoisecrm20> input : frame: ident=100 time=164.633 tick=500 with 864 traces.  frame tags:[ ] 0 tagged trace sets:[ ] cmm:[ ] 
[09:12:49.748] D [  gen   ] <IncoherentAddNoise:addnoisecrm20> output: frame: ident=100 time=164.633 tick=500 with 864 traces.  frame tags:[ ] 0 tagged trace sets:[ ] cmm:[ ] 
[09:12:49.923] D [  gen   ] <Digitizer:digitizer20> call=0 traces=864 frame=100 totadc=39907791569 outtag="orig20" 
[09:12:49.923] D [  gen   ] <Digitizer:digitizer20> input : frame: ident=100 time=164.633 tick=500 with 864 traces.  frame tags:[ ] 0 tagged trace sets:[ ] cmm:[ ] 
[09:12:49.923] D [  gen   ] <Digitizer:digitizer20> output: frame: ident=100 time=164.633 tick=500 with 864 traces.  frame tags:[ "orig20" ] 0 tagged trace sets:[ ] cmm:[ ] 
[09:12:49.923] D [sigproc ] <OmnibusSigProc:crm20sigproc20> call=0 input frame: frame: ident=100 time=164.633 tick=500 with 864 traces.  frame tags:[ "orig20" ] 0 tagged trace sets:[ ] cmm:[ ] 
[09:12:49.928] D [sigproc ] <OmnibusSigProc:crm20sigproc20> call=0 init nticks=8500 tbinmin=0 tbinmax=8500 
[09:12:49.928] D [sigproc ] <OmnibusSigProc:crm20sigproc20> call=0 init enlarge window from 8500 to 8741 
[09:12:49.928] D [sigproc ] <OmnibusSigProc:crm20sigproc20> call=0 init enlarge wire number in plane 0 from 286 to 296 
[09:12:49.928] D [sigproc ] <OmnibusSigProc:crm20sigproc20> call=0 init enlarge wire number in plane 1 from 286 to 296 
[09:12:49.928] D [sigproc ] <OmnibusSigProc:crm20sigproc20> call=0 init enlarge wire number in plane 2 from 292 to 302 
[09:12:49.939] D [sigproc ] <OmnibusSigProc:crm20sigproc20> rebase_waveform for plane 0 with m_rebase_nbins = 200 
[09:12:49.950] D [sigproc ] <OmnibusSigProc:crm20sigproc20> call=0 load plane index: 0, ntraces=864, input bad regions: 0 
[09:12:51.769] D [sigproc ] <OmnibusSigProc:crm20sigproc20> rebase_waveform for plane 1 with m_rebase_nbins = 200 
[09:12:51.779] D [sigproc ] <OmnibusSigProc:crm20sigproc20> call=0 load plane index: 1, ntraces=864, input bad regions: 0 
[09:12:53.559] D [sigproc ] <OmnibusSigProc:crm20sigproc20> rebase_waveform for plane 2 with m_rebase_nbins = 200 
[09:12:53.571] D [sigproc ] <OmnibusSigProc:crm20sigproc20> call=0 load plane index: 2, ntraces=864, input bad regions: 0 
[09:12:54.929] D [sigproc ] <OmnibusSigProc:crm20sigproc20> call=0 save plane index: 0, Qtot=133277 Qloss=-2191, 17 indices spanning [0,16] "wiener" 
[09:12:55.099] D [sigproc ] <OmnibusSigProc:crm20sigproc20> call=0 save plane index: 0, Qtot=129947 Qloss=-309, 11 indices spanning [17,27] "gauss" 
[09:12:55.322] D [sigproc ] <OmnibusSigProc:crm20sigproc20> call=0 save plane index: 1, Qtot=129873 Qloss=-7051, 18 indices spanning [28,45] "wiener" 
[09:12:55.504] D [sigproc ] <OmnibusSigProc:crm20sigproc20> call=0 save plane index: 1, Qtot=127962 Qloss=-1413, 12 indices spanning [46,57] "gauss" 
[09:12:55.736] D [sigproc ] <OmnibusSigProc:crm20sigproc20> call=0 save plane index: 2, Qtot=128037 Qloss=-5550, 9 indices spanning [58,66] "wiener" 
[09:12:55.962] D [sigproc ] <OmnibusSigProc:crm20sigproc20> call=0 save plane index: 2, Qtot=123318 Qloss=-464, 8 indices spanning [67,74] "gauss" 
[09:12:55.962] D [sigproc ] <OmnibusSigProc:crm20sigproc20> call=0 produce 75 traces: 44 wiener20, 0 decon_charge20, 31 gauss20, frame tag: sigproc 
[09:12:55.962] D [sigproc ] <OmnibusSigProc:crm20sigproc20> call=0 output frame: frame: ident=100 time=164.633 tick=500 with 75 traces.  frame tags:[ "sigproc" ] 2 tagged trace sets:[ "gauss20":31 [0] "wiener20":44 [44] ] cmm:[ ] 
[09:12:55.964] D [  glue  ] <FrameSync:frame-sync-switch-20> port 0 frame 100 
[09:12:55.964] D [  glue  ] <FrameSync:frame-sync-switch-20> port 1 empty 
[09:12:55.964] D [  glue  ] <FrameSync:frame-sync-switch-20> port 0 empty 
[09:12:55.964] D [  glue  ] <FrameSync:frame-sync-switch-20> port 1 empty 
[09:12:55.964] D [  glue  ] <FrameSync:frame-sync-switch-20> oqs size: 1 
[09:12:55.964] D [  glue  ] <FrameFanin:sn_mag_fin_2_2> call=0 input 0: frame: ident=0 time=0 tick=0 with  null trace ptr!] 0 tagged trace sets:[ ] cmm:[ ] input 1: frame: ident=0 time=0 tick=0 with  null trace ptr!] 0 tagged trace sets:[ ] cmm:[ ] input 2: frame: ident=0 time=0 tick=0 with  null trace ptr!] 0 tagged trace sets:[ ] cmm:[ ] input 3: frame: ident=0 time=0 tick=0 with  null trace ptr!] 0 tagged trace sets:[ ] cmm:[ ] input 4: frame: ident=0 time=0 tick=0 with  null trace ptr!] 0 tagged trace sets:[ ] cmm:[ ] input 5: frame: ident=0 time=0 tick=0 with  null trace ptr!] 0 tagged trace sets:[ ] cmm:[ ] input 6: frame: ident=100 time=164.633 tick=500 with 75 traces.  frame tags:[ "sigproc" ] 2 tagged trace sets:[ "gauss20":31 [0] "wiener20":44 [44] ] cmm:[ ] output: frame: ident=0 time=0 tick=0 with 75 traces.  frame tags:[ "framefanin" ] 2 tagged trace sets:[ "gauss20":31 [0] "wiener20":44 [44] ] cmm:[ ] 
[09:12:55.964] D [  glue  ] <DepoSetFanout:sn_mag_fout_2_3> call=0 fanout depo set 0 with 448 
[09:12:55.964] D [  gen   ] <DepoSetFilter:ds-filter-switch-21> call=0 depos: input=448 output=6 dropped=-442 
[09:12:55.964] D [  glue  ] <DeposOrBust:dorb-switch-21> DeposOrBust: forward deposet 
[09:12:56.005] D [  gen   ] <DepoTransform:ductor21> plane=0 face=0 depos=6 total traces=40 
[09:12:56.036] D [  gen   ] <DepoTransform:ductor21> plane=1 face=0 depos=6 total traces=80 
[09:12:56.066] D [  gen   ] <DepoTransform:ductor21> plane=2 face=0 depos=6 total traces=120 
[09:12:56.066] D [  gen   ] <DepoTransform:ductor21> call=0 count=100 ndepos_in=6 ndepos_used=6 
[09:12:56.066] D [  gen   ] <DepoTransform:ductor21> output: frame: ident=100 time=-117835 tick=500 with 120 traces.  frame tags:[ ] 0 tagged trace sets:[ ] cmm:[ ] 
[09:12:56.075] D [  gen   ] <Reframer:reframer21> input : frame: ident=100 time=-117835 tick=500 with 120 traces.  frame tags:[ ] 0 tagged trace sets:[ ] cmm:[ ] 
[09:12:56.075] D [  gen   ] <Reframer:reframer21> output: frame: ident=100 time=164.633 tick=500 with 864 traces.  frame tags:[ ] 0 tagged trace sets:[ ] cmm:[ ] 
[09:12:56.217] D [  gen   ] <IncoherentAddNoise:addnoisecrm21> call=0 frame=100 864 traces 
[09:12:56.217] D [  gen   ] <IncoherentAddNoise:addnoisecrm21> input : frame: ident=100 time=164.633 tick=500 with 864 traces.  frame tags:[ ] 0 tagged trace sets:[ ] cmm:[ ] 
[09:12:56.217] D [  gen   ] <IncoherentAddNoise:addnoisecrm21> output: frame: ident=100 time=164.633 tick=500 with 864 traces.  frame tags:[ ] 0 tagged trace sets:[ ] cmm:[ ] 
[09:12:56.394] D [  gen   ] <Digitizer:digitizer21> call=0 traces=864 frame=100 totadc=39907764952 outtag="orig21" 
[09:12:56.394] D [  gen   ] <Digitizer:digitizer21> input : frame: ident=100 time=164.633 tick=500 with 864 traces.  frame tags:[ ] 0 tagged trace sets:[ ] cmm:[ ] 
[09:12:56.394] D [  gen   ] <Digitizer:digitizer21> output: frame: ident=100 time=164.633 tick=500 with 864 traces.  frame tags:[ "orig21" ] 0 tagged trace sets:[ ] cmm:[ ] 
[09:12:56.394] D [sigproc ] <OmnibusSigProc:crm21sigproc21> call=0 input frame: frame: ident=100 time=164.633 tick=500 with 864 traces.  frame tags:[ "orig21" ] 0 tagged trace sets:[ ] cmm:[ ] 
[09:12:56.398] D [sigproc ] <OmnibusSigProc:crm21sigproc21> call=0 init nticks=8500 tbinmin=0 tbinmax=8500 
[09:12:56.398] D [sigproc ] <OmnibusSigProc:crm21sigproc21> call=0 init enlarge window from 8500 to 8741 
[09:12:56.398] D [sigproc ] <OmnibusSigProc:crm21sigproc21> call=0 init enlarge wire number in plane 0 from 286 to 296 
[09:12:56.398] D [sigproc ] <OmnibusSigProc:crm21sigproc21> call=0 init enlarge wire number in plane 1 from 286 to 296 
[09:12:56.398] D [sigproc ] <OmnibusSigProc:crm21sigproc21> call=0 init enlarge wire number in plane 2 from 292 to 302 
[09:12:56.406] D [sigproc ] <OmnibusSigProc:crm21sigproc21> rebase_waveform for plane 0 with m_rebase_nbins = 200 
[09:12:56.416] D [sigproc ] <OmnibusSigProc:crm21sigproc21> call=0 load plane index: 0, ntraces=864, input bad regions: 0 
[09:12:58.291] D [sigproc ] <OmnibusSigProc:crm21sigproc21> rebase_waveform for plane 1 with m_rebase_nbins = 200 
[09:12:58.302] D [sigproc ] <OmnibusSigProc:crm21sigproc21> call=0 load plane index: 1, ntraces=864, input bad regions: 0 
[09:13:00.115] D [sigproc ] <OmnibusSigProc:crm21sigproc21> rebase_waveform for plane 2 with m_rebase_nbins = 200 
[09:13:00.127] D [sigproc ] <OmnibusSigProc:crm21sigproc21> call=0 load plane index: 2, ntraces=864, input bad regions: 0 
[09:13:01.495] D [sigproc ] <OmnibusSigProc:crm21sigproc21> call=0 wiener save plane index: 0 empty 
[09:13:01.663] D [sigproc ] <OmnibusSigProc:crm21sigproc21> call=0 gauss save plane index: 0 empty 
[09:13:01.873] D [sigproc ] <OmnibusSigProc:crm21sigproc21> call=0 wiener save plane index: 1 empty 
[09:13:02.040] D [sigproc ] <OmnibusSigProc:crm21sigproc21> call=0 gauss save plane index: 1 empty 
[09:13:02.264] D [sigproc ] <OmnibusSigProc:crm21sigproc21> call=0 wiener save plane index: 2 empty 
[09:13:02.480] D [sigproc ] <OmnibusSigProc:crm21sigproc21> call=0 gauss save plane index: 2 empty 
[09:13:02.480] D [sigproc ] <OmnibusSigProc:crm21sigproc21> call=0 produce 0 traces: 0 wiener21, 0 decon_charge21, 0 gauss21, frame tag: sigproc 
[09:13:02.480] D [sigproc ] <OmnibusSigProc:crm21sigproc21> call=0 output frame: frame: ident=100 time=164.633 tick=500 with 0 traces.  frame tags:[ "sigproc" ] 2 tagged trace sets:[ "gauss21":0 [0] "wiener21":0 [0] ] cmm:[ ] 
[09:13:02.482] D [  glue  ] <FrameSync:frame-sync-switch-21> port 0 frame 100 
[09:13:02.482] D [  glue  ] <FrameSync:frame-sync-switch-21> port 1 empty 
[09:13:02.482] D [  glue  ] <FrameSync:frame-sync-switch-21> port 0 empty 
[09:13:02.482] D [  glue  ] <FrameSync:frame-sync-switch-21> port 1 empty 
[09:13:02.482] D [  glue  ] <FrameSync:frame-sync-switch-21> oqs size: 1 
[09:13:02.482] D [  gen   ] <DepoSetFilter:ds-filter-switch-22> call=0 depos: input=448 output=0 dropped=-448 
[09:13:02.482] D [  glue  ] <DeposOrBust:dorb-switch-22> DeposOrBust: got empty deposet 
[09:13:02.482] D [  glue  ] <FrameSync:frame-sync-switch-22> port 0 empty 
[09:13:02.482] D [  glue  ] <FrameSync:frame-sync-switch-22> port 1 frame 0 
[09:13:02.482] D [  glue  ] <FrameSync:frame-sync-switch-22> port 0 empty 
[09:13:02.482] D [  glue  ] <FrameSync:frame-sync-switch-22> port 1 empty 
[09:13:02.482] D [  glue  ] <FrameSync:frame-sync-switch-22> oqs size: 1 
[09:13:02.482] D [  gen   ] <DepoSetFilter:ds-filter-switch-23> call=0 depos: input=448 output=0 dropped=-448 
[09:13:02.482] D [  glue  ] <DeposOrBust:dorb-switch-23> DeposOrBust: got empty deposet 
[09:13:02.482] D [  glue  ] <FrameSync:frame-sync-switch-23> port 0 empty 
[09:13:02.482] D [  glue  ] <FrameSync:frame-sync-switch-23> port 1 frame 0 
[09:13:02.482] D [  glue  ] <FrameSync:frame-sync-switch-23> port 0 empty 
[09:13:02.482] D [  glue  ] <FrameSync:frame-sync-switch-23> port 1 empty 
[09:13:02.482] D [  glue  ] <FrameSync:frame-sync-switch-23> oqs size: 1 
[09:13:02.482] D [  gen   ] <DepoSetFilter:ds-filter-switch-24> call=0 depos: input=448 output=0 dropped=-448 
[09:13:02.482] D [  glue  ] <DeposOrBust:dorb-switch-24> DeposOrBust: got empty deposet 
[09:13:02.482] D [  glue  ] <FrameSync:frame-sync-switch-24> port 0 empty 
[09:13:02.482] D [  glue  ] <FrameSync:frame-sync-switch-24> port 1 frame 0 
[09:13:02.482] D [  glue  ] <FrameSync:frame-sync-switch-24> port 0 empty 
[09:13:02.482] D [  glue  ] <FrameSync:frame-sync-switch-24> port 1 empty 
[09:13:02.482] D [  glue  ] <FrameSync:frame-sync-switch-24> oqs size: 1 
[09:13:02.482] D [  gen   ] <DepoSetFilter:ds-filter-switch-25> call=0 depos: input=448 output=0 dropped=-448 
[09:13:02.482] D [  glue  ] <DeposOrBust:dorb-switch-25> DeposOrBust: got empty deposet 
[09:13:02.482] D [  glue  ] <FrameSync:frame-sync-switch-25> port 0 empty 
[09:13:02.482] D [  glue  ] <FrameSync:frame-sync-switch-25> port 1 frame 0 
[09:13:02.482] D [  glue  ] <FrameSync:frame-sync-switch-25> port 0 empty 
[09:13:02.482] D [  glue  ] <FrameSync:frame-sync-switch-25> port 1 empty 
[09:13:02.482] D [  glue  ] <FrameSync:frame-sync-switch-25> oqs size: 1 
[09:13:02.482] D [  gen   ] <DepoSetFilter:ds-filter-switch-26> call=0 depos: input=448 output=0 dropped=-448 
[09:13:02.482] D [  gen   ] <DepoSetFilter:ds-filter-switch-27> call=0 depos: input=448 output=0 dropped=-448 
[09:13:02.482] D [  glue  ] <DeposOrBust:dorb-switch-27> DeposOrBust: got empty deposet 
[09:13:02.482] D [  glue  ] <FrameSync:frame-sync-switch-27> port 0 empty 
[09:13:02.482] D [  glue  ] <FrameSync:frame-sync-switch-27> port 1 frame 0 
[09:13:02.482] D [  glue  ] <FrameSync:frame-sync-switch-27> port 0 empty 
[09:13:02.482] D [  glue  ] <FrameSync:frame-sync-switch-27> port 1 empty 
[09:13:02.482] D [  glue  ] <FrameSync:frame-sync-switch-27> oqs size: 1 
[09:13:02.482] D [  glue  ] <DepoSetFanout:sn_mag_fout_1_2> call=0 fanout depo set 0 with 448 
[09:13:02.482] D [  glue  ] <DepoSetFanout:sn_mag_fout_2_4> call=0 fanout depo set 0 with 448 
[09:13:02.482] D [  gen   ] <DepoSetFilter:ds-filter-switch-28> call=0 depos: input=448 output=277 dropped=-171 
[09:13:02.482] D [  gen   ] <DepoSetFilter:ds-filter-switch-30> call=0 depos: input=448 output=0 dropped=-448 
[09:13:02.482] D [  glue  ] <DeposOrBust:dorb-switch-30> DeposOrBust: got empty deposet 
[09:13:02.482] D [  glue  ] <FrameSync:frame-sync-switch-30> port 0 empty 
[09:13:02.482] D [  glue  ] <FrameSync:frame-sync-switch-30> port 1 frame 0 
[09:13:02.482] D [  glue  ] <FrameSync:frame-sync-switch-30> port 0 empty 
[09:13:02.482] D [  glue  ] <FrameSync:frame-sync-switch-30> port 1 empty 
[09:13:02.482] D [  glue  ] <FrameSync:frame-sync-switch-30> oqs size: 1 
[09:13:02.482] D [  gen   ] <DepoSetFilter:ds-filter-switch-34> call=0 depos: input=448 output=0 dropped=-448 
[09:13:02.482] D [  glue  ] <DeposOrBust:dorb-switch-34> DeposOrBust: got empty deposet 
[09:13:02.482] D [  glue  ] <FrameSync:frame-sync-switch-34> port 0 empty 
[09:13:02.482] D [  glue  ] <FrameSync:frame-sync-switch-34> port 1 frame 0 
[09:13:02.482] D [  glue  ] <FrameSync:frame-sync-switch-34> port 0 empty 
[09:13:02.482] D [  glue  ] <FrameSync:frame-sync-switch-34> port 1 empty 
[09:13:02.482] D [  glue  ] <FrameSync:frame-sync-switch-34> oqs size: 1 
[09:13:02.482] D [  glue  ] <DepoSetFanout:sn_mag_fout_2_5> call=0 fanout depo set 0 with 448 
[09:13:02.482] D [  gen   ] <DepoSetFilter:ds-filter-switch-35> call=0 depos: input=448 output=0 dropped=-448 
[09:13:02.482] D [  glue  ] <DeposOrBust:dorb-switch-35> DeposOrBust: got empty deposet 
[09:13:02.482] D [  glue  ] <FrameSync:frame-sync-switch-35> port 0 empty 
[09:13:02.482] D [  glue  ] <FrameSync:frame-sync-switch-35> port 1 frame 0 
[09:13:02.482] D [  glue  ] <FrameSync:frame-sync-switch-35> port 0 empty 
[09:13:02.482] D [  glue  ] <FrameSync:frame-sync-switch-35> port 1 empty 
[09:13:02.482] D [  glue  ] <FrameSync:frame-sync-switch-35> oqs size: 1 
[09:13:02.482] D [  gen   ] <DepoSetFilter:ds-filter-switch-38> call=0 depos: input=448 output=0 dropped=-448 
[09:13:02.482] D [  gen   ] <DepoSetFilter:ds-filter-switch-39> call=0 depos: input=448 output=0 dropped=-448 
[09:13:02.482] D [  glue  ] <DeposOrBust:dorb-switch-39> DeposOrBust: got empty deposet 
[09:13:02.482] D [  glue  ] <FrameSync:frame-sync-switch-39> port 0 empty 
[09:13:02.482] D [  glue  ] <FrameSync:frame-sync-switch-39> port 1 frame 0 
[09:13:02.482] D [  glue  ] <FrameSync:frame-sync-switch-39> port 0 empty 
[09:13:02.482] D [  glue  ] <FrameSync:frame-sync-switch-39> port 1 empty 
[09:13:02.482] D [  glue  ] <FrameSync:frame-sync-switch-39> oqs size: 1 
[09:13:02.482] D [  glue  ] <DepoSetFanout:sn_mag_fout_1_3> call=0 fanout depo set 0 with 448 
[09:13:02.482] D [  glue  ] <DepoSetFanout:sn_mag_fout_2_6> call=0 fanout depo set 0 with 448 
[09:13:02.482] D [  gen   ] <DepoSetFilter:ds-filter-switch-42> call=0 depos: input=448 output=0 dropped=-448 
[09:13:02.482] D [  glue  ] <DeposOrBust:dorb-switch-42> DeposOrBust: got empty deposet 
[09:13:02.482] D [  glue  ] <FrameSync:frame-sync-switch-42> port 0 empty 
[09:13:02.482] D [  glue  ] <FrameSync:frame-sync-switch-42> port 1 frame 0 
[09:13:02.482] D [  glue  ] <FrameSync:frame-sync-switch-42> port 0 empty 
[09:13:02.482] D [  glue  ] <FrameSync:frame-sync-switch-42> port 1 empty 
[09:13:02.482] D [  glue  ] <FrameSync:frame-sync-switch-42> oqs size: 1 
[09:13:02.482] D [  gen   ] <DepoSetFilter:ds-filter-switch-44> call=0 depos: input=448 output=0 dropped=-448 
[09:13:02.483] D [  glue  ] <DeposOrBust:dorb-switch-44> DeposOrBust: got empty deposet 
[09:13:02.483] D [  glue  ] <FrameSync:frame-sync-switch-44> port 0 empty 
[09:13:02.483] D [  glue  ] <FrameSync:frame-sync-switch-44> port 1 frame 0 
[09:13:02.483] D [  glue  ] <FrameSync:frame-sync-switch-44> port 0 empty 
[09:13:02.483] D [  glue  ] <FrameSync:frame-sync-switch-44> port 1 empty 
[09:13:02.483] D [  glue  ] <FrameSync:frame-sync-switch-44> oqs size: 1 
[09:13:02.483] D [  gen   ] <DepoSetFilter:ds-filter-switch-47> call=0 depos: input=448 output=0 dropped=-448 
[09:13:02.483] D [  glue  ] <DepoSetFanout:sn_mag_fout_2_7> call=0 fanout depo set 0 with 448 
[09:13:02.483] D [  gen   ] <DepoSetFilter:ds-filter-switch-49> call=0 depos: input=448 output=0 dropped=-448 
[09:13:02.483] D [  glue  ] <DeposOrBust:dorb-switch-49> DeposOrBust: got empty deposet 
[09:13:02.483] D [  glue  ] <FrameSync:frame-sync-switch-49> port 0 empty 
[09:13:02.483] D [  glue  ] <FrameSync:frame-sync-switch-49> port 1 frame 0 
[09:13:02.483] D [  glue  ] <FrameSync:frame-sync-switch-49> port 0 empty 
[09:13:02.483] D [  glue  ] <FrameSync:frame-sync-switch-49> port 1 empty 
[09:13:02.483] D [  glue  ] <FrameSync:frame-sync-switch-49> oqs size: 1 
[09:13:02.483] D [  gen   ] <DepoSetFilter:ds-filter-switch-50> call=0 depos: input=448 output=0 dropped=-448 
[09:13:02.483] D [  glue  ] <DeposOrBust:dorb-switch-50> DeposOrBust: got empty deposet 
[09:13:02.483] D [  glue  ] <FrameSync:frame-sync-switch-50> port 0 empty 
[09:13:02.483] D [  glue  ] <FrameSync:frame-sync-switch-50> port 1 frame 0 
[09:13:02.483] D [  glue  ] <FrameSync:frame-sync-switch-50> port 0 empty 
[09:13:02.483] D [  glue  ] <FrameSync:frame-sync-switch-50> port 1 empty 
[09:13:02.483] D [  glue  ] <FrameSync:frame-sync-switch-50> oqs size: 1 
[09:13:02.483] D [  gen   ] <DepoSetFilter:ds-filter-switch-52> call=0 depos: input=448 output=0 dropped=-448 
[09:13:02.483] D [  glue  ] <DeposOrBust:dorb-switch-52> DeposOrBust: got empty deposet 
[09:13:02.483] D [  glue  ] <FrameSync:frame-sync-switch-52> port 0 empty 
[09:13:02.483] D [  glue  ] <FrameSync:frame-sync-switch-52> port 1 frame 0 
[09:13:02.483] D [  glue  ] <FrameSync:frame-sync-switch-52> port 0 empty 
[09:13:02.483] D [  glue  ] <FrameSync:frame-sync-switch-52> port 1 empty 
[09:13:02.483] D [  glue  ] <FrameSync:frame-sync-switch-52> oqs size: 1 
[09:13:02.483] D [  glue  ] <DepoSetFanout:sn_mag_fout_1_4> call=0 fanout depo set 0 with 448 
[09:13:02.483] D [  glue  ] <DepoSetFanout:sn_mag_fout_2_8> call=0 fanout depo set 0 with 448 
[09:13:02.483] D [  gen   ] <DepoSetFilter:ds-filter-switch-56> call=0 depos: input=448 output=0 dropped=-448 
[09:13:02.483] D [  glue  ] <DeposOrBust:dorb-switch-56> DeposOrBust: got empty deposet 
[09:13:02.483] D [  glue  ] <FrameSync:frame-sync-switch-56> port 0 empty 
[09:13:02.483] D [  glue  ] <FrameSync:frame-sync-switch-56> port 1 frame 0 
[09:13:02.483] D [  glue  ] <FrameSync:frame-sync-switch-56> port 0 empty 
[09:13:02.483] D [  glue  ] <FrameSync:frame-sync-switch-56> port 1 empty 
[09:13:02.483] D [  glue  ] <FrameSync:frame-sync-switch-56> oqs size: 1 
[09:13:02.483] D [  gen   ] <DepoSetFilter:ds-filter-switch-57> call=0 depos: input=448 output=0 dropped=-448 
[09:13:02.483] D [  gen   ] <DepoSetFilter:ds-filter-switch-58> call=0 depos: input=448 output=0 dropped=-448 
[09:13:02.483] D [  gen   ] <DepoSetFilter:ds-filter-switch-61> call=0 depos: input=448 output=0 dropped=-448 
[09:13:02.483] D [  gen   ] <DepoSetFilter:ds-filter-switch-62> call=0 depos: input=448 output=0 dropped=-448 
[09:13:02.483] D [  glue  ] <DeposOrBust:dorb-switch-62> DeposOrBust: got empty deposet 
[09:13:02.483] D [  glue  ] <FrameSync:frame-sync-switch-62> port 0 empty 
[09:13:02.483] D [  glue  ] <FrameSync:frame-sync-switch-62> port 1 frame 0 
[09:13:02.483] D [  glue  ] <FrameSync:frame-sync-switch-62> port 0 empty 
[09:13:02.483] D [  glue  ] <FrameSync:frame-sync-switch-62> port 1 empty 
[09:13:02.483] D [  glue  ] <FrameSync:frame-sync-switch-62> oqs size: 1 
[09:13:02.483] D [  glue  ] <DepoSetFanout:sn_mag_fout_2_9> call=0 fanout depo set 0 with 448 
[09:13:02.483] D [  gen   ] <DepoSetFilter:ds-filter-switch-65> call=0 depos: input=448 output=0 dropped=-448 
[09:13:02.483] D [  gen   ] <DepoSetFilter:ds-filter-switch-66> call=0 depos: input=448 output=0 dropped=-448 
[09:13:02.483] D [  gen   ] <DepoSetFilter:ds-filter-switch-68> call=0 depos: input=448 output=0 dropped=-448 
[09:13:02.483] D [  glue  ] <DeposOrBust:dorb-switch-68> DeposOrBust: got empty deposet 
[09:13:02.483] D [  glue  ] <FrameSync:frame-sync-switch-68> port 0 empty 
[09:13:02.483] D [  glue  ] <FrameSync:frame-sync-switch-68> port 1 frame 0 
[09:13:02.483] D [  glue  ] <FrameSync:frame-sync-switch-68> port 0 empty 
[09:13:02.483] D [  glue  ] <FrameSync:frame-sync-switch-68> port 1 empty 
[09:13:02.483] D [  glue  ] <FrameSync:frame-sync-switch-68> oqs size: 1 
[09:13:02.483] D [  gen   ] <DepoSetFilter:ds-filter-switch-69> call=0 depos: input=448 output=0 dropped=-448 
[09:13:02.483] D [  glue  ] <DepoSetFanout:sn_mag_fout_1_5> call=0 fanout depo set 0 with 448 
[09:13:02.483] D [  glue  ] <DepoSetFanout:sn_mag_fout_2_10> call=0 fanout depo set 0 with 448 
[09:13:02.483] D [  gen   ] <DepoSetFilter:ds-filter-switch-72> call=0 depos: input=448 output=0 dropped=-448 
[09:13:02.483] D [  glue  ] <DeposOrBust:dorb-switch-72> DeposOrBust: got empty deposet 
[09:13:02.483] D [  glue  ] <FrameSync:frame-sync-switch-72> port 0 empty 
[09:13:02.483] D [  glue  ] <FrameSync:frame-sync-switch-72> port 1 frame 0 
[09:13:02.483] D [  glue  ] <FrameSync:frame-sync-switch-72> port 0 empty 
[09:13:02.483] D [  glue  ] <FrameSync:frame-sync-switch-72> port 1 empty 
[09:13:02.483] D [  glue  ] <FrameSync:frame-sync-switch-72> oqs size: 1 
[09:13:02.483] D [  glue  ] <DepoSetFanout:sn_mag_fout_2_11> call=0 fanout depo set 0 with 448 
[09:13:02.483] D [  gen   ] <DepoSetFilter:ds-filter-switch-77> call=0 depos: input=448 output=0 dropped=-448 
[09:13:02.483] D [  glue  ] <DeposOrBust:dorb-switch-77> DeposOrBust: got empty deposet 
[09:13:02.483] D [  glue  ] <FrameSync:frame-sync-switch-77> port 0 empty 
[09:13:02.483] D [  glue  ] <FrameSync:frame-sync-switch-77> port 1 frame 0 
[09:13:02.483] D [  glue  ] <FrameSync:frame-sync-switch-77> port 0 empty 
[09:13:02.483] D [  glue  ] <FrameSync:frame-sync-switch-77> port 1 empty 
[09:13:02.483] D [  glue  ] <FrameSync:frame-sync-switch-77> oqs size: 1 
[09:13:02.483] D [  gen   ] <DepoSetFilter:ds-filter-switch-78> call=0 depos: input=448 output=0 dropped=-448 
[09:13:02.483] D [  glue  ] <DeposOrBust:dorb-switch-78> DeposOrBust: got empty deposet 
[09:13:02.483] D [  glue  ] <FrameSync:frame-sync-switch-78> port 0 empty 
[09:13:02.483] D [  glue  ] <FrameSync:frame-sync-switch-78> port 1 frame 0 
[09:13:02.483] D [  glue  ] <FrameSync:frame-sync-switch-78> port 0 empty 
[09:13:02.483] D [  glue  ] <FrameSync:frame-sync-switch-78> port 1 empty 
[09:13:02.483] D [  glue  ] <FrameSync:frame-sync-switch-78> oqs size: 1 
[09:13:02.483] D [  gen   ] <DepoSetFilter:ds-filter-switch-79> call=0 depos: input=448 output=0 dropped=-448 
[09:13:02.483] D [  glue  ] <DeposOrBust:dorb-switch-79> DeposOrBust: got empty deposet 
[09:13:02.483] D [  glue  ] <FrameSync:frame-sync-switch-79> port 0 empty 
[09:13:02.483] D [  glue  ] <FrameSync:frame-sync-switch-79> port 1 frame 0 
[09:13:02.483] D [  glue  ] <FrameSync:frame-sync-switch-79> port 0 empty 
[09:13:02.483] D [  glue  ] <FrameSync:frame-sync-switch-79> port 1 empty 
[09:13:02.483] D [  glue  ] <FrameSync:frame-sync-switch-79> oqs size: 1 
[09:13:02.483] D [  gen   ] <DepoSetFilter:ds-filter-switch-80> call=0 depos: input=448 output=0 dropped=-448 
[09:13:02.483] D [  glue  ] <DeposOrBust:dorb-switch-80> DeposOrBust: got empty deposet 
[09:13:02.483] D [  glue  ] <FrameSync:frame-sync-switch-80> port 0 empty 
[09:13:02.483] D [  glue  ] <FrameSync:frame-sync-switch-80> port 1 frame 0 
[09:13:02.483] D [  glue  ] <FrameSync:frame-sync-switch-80> port 0 empty 
[09:13:02.483] D [  glue  ] <FrameSync:frame-sync-switch-80> port 1 empty 
[09:13:02.483] D [  glue  ] <FrameSync:frame-sync-switch-80> oqs size: 1 
[09:13:02.483] D [  gen   ] <DepoSetFilter:ds-filter-switch-81> call=0 depos: input=448 output=0 dropped=-448 
[09:13:02.483] D [  glue  ] <DeposOrBust:dorb-switch-81> DeposOrBust: got empty deposet 
[09:13:02.483] D [  glue  ] <FrameSync:frame-sync-switch-81> port 0 empty 
[09:13:02.483] D [  glue  ] <FrameSync:frame-sync-switch-81> port 1 frame 0 
[09:13:02.483] D [  glue  ] <FrameSync:frame-sync-switch-81> port 0 empty 
[09:13:02.483] D [  glue  ] <FrameSync:frame-sync-switch-81> port 1 empty 
[09:13:02.483] D [  glue  ] <FrameSync:frame-sync-switch-81> oqs size: 1 
[09:13:02.483] D [  gen   ] <DepoSetFilter:ds-filter-switch-82> call=0 depos: input=448 output=0 dropped=-448 
[09:13:02.483] D [  glue  ] <DeposOrBust:dorb-switch-82> DeposOrBust: got empty deposet 
[09:13:02.483] D [  gen   ] <DepoSetFilter:ds-filter-switch-83> call=0 depos: input=448 output=0 dropped=-448 
[09:13:02.483] D [  glue  ] <DeposOrBust:dorb-switch-83> DeposOrBust: got empty deposet 
[09:13:02.483] D [  glue  ] <FrameSync:frame-sync-switch-83> port 0 empty 
[09:13:02.483] D [  glue  ] <FrameSync:frame-sync-switch-83> port 1 frame 0 
[09:13:02.483] D [  glue  ] <FrameSync:frame-sync-switch-83> port 0 empty 
[09:13:02.483] D [  glue  ] <FrameSync:frame-sync-switch-83> port 1 empty 
[09:13:02.483] D [  glue  ] <FrameSync:frame-sync-switch-83> oqs size: 1 
[09:13:02.483] D [  glue  ] <DepoSetFanout:sn_mag_fout_1_6> call=0 fanout depo set 0 with 448 
[09:13:02.483] D [  glue  ] <DepoSetFanout:sn_mag_fout_2_12> call=0 fanout depo set 0 with 448 
[09:13:02.483] D [  gen   ] <DepoSetFilter:ds-filter-switch-84> call=0 depos: input=448 output=0 dropped=-448 
[09:13:02.483] D [  glue  ] <DeposOrBust:dorb-switch-84> DeposOrBust: got empty deposet 
[09:13:02.483] D [  glue  ] <FrameSync:frame-sync-switch-84> port 0 empty 
[09:13:02.483] D [  glue  ] <FrameSync:frame-sync-switch-84> port 1 frame 0 
[09:13:02.483] D [  glue  ] <FrameSync:frame-sync-switch-84> port 0 empty 
[09:13:02.483] D [  glue  ] <FrameSync:frame-sync-switch-84> port 1 empty 
[09:13:02.483] D [  glue  ] <FrameSync:frame-sync-switch-84> oqs size: 1 
[09:13:02.483] D [  gen   ] <DepoSetFilter:ds-filter-switch-85> call=0 depos: input=448 output=0 dropped=-448 
[09:13:02.483] D [  glue  ] <DeposOrBust:dorb-switch-85> DeposOrBust: got empty deposet 
[09:13:02.483] D [  glue  ] <FrameSync:frame-sync-switch-85> port 0 empty 
[09:13:02.483] D [  glue  ] <FrameSync:frame-sync-switch-85> port 1 frame 0 
[09:13:02.483] D [  glue  ] <FrameSync:frame-sync-switch-85> port 0 empty 
[09:13:02.483] D [  glue  ] <FrameSync:frame-sync-switch-85> port 1 empty 
[09:13:02.483] D [  glue  ] <FrameSync:frame-sync-switch-85> oqs size: 1 
[09:13:02.483] D [  gen   ] <DepoSetFilter:ds-filter-switch-86> call=0 depos: input=448 output=0 dropped=-448 
[09:13:02.483] D [  glue  ] <DeposOrBust:dorb-switch-86> DeposOrBust: got empty deposet 
[09:13:02.483] D [  glue  ] <FrameSync:frame-sync-switch-86> port 0 empty 
[09:13:02.483] D [  glue  ] <FrameSync:frame-sync-switch-86> port 1 frame 0 
[09:13:02.483] D [  glue  ] <FrameSync:frame-sync-switch-86> port 0 empty 
[09:13:02.483] D [  glue  ] <FrameSync:frame-sync-switch-86> port 1 empty 
[09:13:02.483] D [  glue  ] <FrameSync:frame-sync-switch-86> oqs size: 1 
[09:13:02.483] D [  gen   ] <DepoSetFilter:ds-filter-switch-87> call=0 depos: input=448 output=0 dropped=-448 
[09:13:02.483] D [  glue  ] <DeposOrBust:dorb-switch-87> DeposOrBust: got empty deposet 
[09:13:02.483] D [  glue  ] <FrameSync:frame-sync-switch-87> port 0 empty 
[09:13:02.483] D [  glue  ] <FrameSync:frame-sync-switch-87> port 1 frame 0 
[09:13:02.483] D [  glue  ] <FrameSync:frame-sync-switch-87> port 0 empty 
[09:13:02.483] D [  glue  ] <FrameSync:frame-sync-switch-87> port 1 empty 
[09:13:02.483] D [  glue  ] <FrameSync:frame-sync-switch-87> oqs size: 1 
[09:13:02.483] D [  gen   ] <DepoSetFilter:ds-filter-switch-88> call=0 depos: input=448 output=0 dropped=-448 
[09:13:02.484] D [  glue  ] <DeposOrBust:dorb-switch-88> DeposOrBust: got empty deposet 
[09:13:02.484] D [  gen   ] <DepoSetFilter:ds-filter-switch-89> call=0 depos: input=448 output=0 dropped=-448 
[09:13:02.484] D [  glue  ] <DeposOrBust:dorb-switch-89> DeposOrBust: got empty deposet 
[09:13:02.484] D [  gen   ] <DepoSetFilter:ds-filter-switch-90> call=0 depos: input=448 output=0 dropped=-448 
[09:13:02.484] D [  glue  ] <DeposOrBust:dorb-switch-90> DeposOrBust: got empty deposet 
[09:13:02.484] D [  glue  ] <FrameSync:frame-sync-switch-90> port 0 empty 
[09:13:02.484] D [  glue  ] <FrameSync:frame-sync-switch-90> port 1 frame 0 
[09:13:02.484] D [  glue  ] <FrameSync:frame-sync-switch-90> port 0 empty 
[09:13:02.484] D [  glue  ] <FrameSync:frame-sync-switch-90> port 1 empty 
[09:13:02.484] D [  glue  ] <FrameSync:frame-sync-switch-90> oqs size: 1 
[09:13:02.484] D [  glue  ] <DepoSetFanout:sn_mag_fout_2_13> call=0 fanout depo set 0 with 448 
[09:13:02.484] D [  gen   ] <DepoSetFilter:ds-filter-switch-91> call=0 depos: input=448 output=0 dropped=-448 
[09:13:02.484] D [  glue  ] <DeposOrBust:dorb-switch-91> DeposOrBust: got empty deposet 
[09:13:02.484] D [  glue  ] <FrameSync:frame-sync-switch-91> port 0 empty 
[09:13:02.484] D [  glue  ] <FrameSync:frame-sync-switch-91> port 1 frame 0 
[09:13:02.484] D [  glue  ] <FrameSync:frame-sync-switch-91> port 0 empty 
[09:13:02.484] D [  glue  ] <FrameSync:frame-sync-switch-91> port 1 empty 
[09:13:02.484] D [  glue  ] <FrameSync:frame-sync-switch-91> oqs size: 1 
[09:13:02.484] D [  gen   ] <DepoSetFilter:ds-filter-switch-92> call=0 depos: input=448 output=0 dropped=-448 
[09:13:02.484] D [  glue  ] <DeposOrBust:dorb-switch-92> DeposOrBust: got empty deposet 
[09:13:02.484] D [  glue  ] <FrameSync:frame-sync-switch-92> port 0 empty 
[09:13:02.484] D [  glue  ] <FrameSync:frame-sync-switch-92> port 1 frame 0 
[09:13:02.484] D [  glue  ] <FrameSync:frame-sync-switch-92> port 0 empty 
[09:13:02.484] D [  glue  ] <FrameSync:frame-sync-switch-92> port 1 empty 
[09:13:02.484] D [  glue  ] <FrameSync:frame-sync-switch-92> oqs size: 1 
[09:13:02.484] D [  gen   ] <DepoSetFilter:ds-filter-switch-93> call=0 depos: input=448 output=0 dropped=-448 
[09:13:02.484] D [  glue  ] <DeposOrBust:dorb-switch-93> DeposOrBust: got empty deposet 
[09:13:02.484] D [  glue  ] <FrameSync:frame-sync-switch-93> port 0 empty 
[09:13:02.484] D [  glue  ] <FrameSync:frame-sync-switch-93> port 1 frame 0 
[09:13:02.484] D [  glue  ] <FrameSync:frame-sync-switch-93> port 0 empty 
[09:13:02.484] D [  glue  ] <FrameSync:frame-sync-switch-93> port 1 empty 
[09:13:02.484] D [  glue  ] <FrameSync:frame-sync-switch-93> oqs size: 1 
[09:13:02.484] D [  gen   ] <DepoSetFilter:ds-filter-switch-94> call=0 depos: input=448 output=0 dropped=-448 
[09:13:02.484] D [  glue  ] <DeposOrBust:dorb-switch-94> DeposOrBust: got empty deposet 
[09:13:02.484] D [  gen   ] <DepoSetFilter:ds-filter-switch-95> call=0 depos: input=448 output=0 dropped=-448 
[09:13:02.484] D [  glue  ] <DeposOrBust:dorb-switch-95> DeposOrBust: got empty deposet 
[09:13:02.484] D [  glue  ] <FrameSync:frame-sync-switch-95> port 0 empty 
[09:13:02.484] D [  glue  ] <FrameSync:frame-sync-switch-95> port 1 frame 0 
[09:13:02.484] D [  glue  ] <FrameSync:frame-sync-switch-95> port 0 empty 
[09:13:02.484] D [  glue  ] <FrameSync:frame-sync-switch-95> port 1 empty 
[09:13:02.484] D [  glue  ] <FrameSync:frame-sync-switch-95> oqs size: 1 
[09:13:02.484] D [  gen   ] <DepoSetFilter:ds-filter-switch-96> call=0 depos: input=448 output=0 dropped=-448 
[09:13:02.484] D [  glue  ] <DeposOrBust:dorb-switch-96> DeposOrBust: got empty deposet 
[09:13:02.484] D [  glue  ] <FrameSync:frame-sync-switch-96> port 0 empty 
[09:13:02.484] D [  glue  ] <FrameSync:frame-sync-switch-96> port 1 frame 0 
[09:13:02.484] D [  glue  ] <FrameSync:frame-sync-switch-96> port 0 empty 
[09:13:02.484] D [  glue  ] <FrameSync:frame-sync-switch-96> port 1 empty 
[09:13:02.484] D [  glue  ] <FrameSync:frame-sync-switch-96> oqs size: 1 
[09:13:02.484] D [  gen   ] <DepoSetFilter:ds-filter-switch-97> call=0 depos: input=448 output=0 dropped=-448 
[09:13:02.484] D [  glue  ] <DeposOrBust:dorb-switch-97> DeposOrBust: got empty deposet 
[09:13:02.484] D [  glue  ] <DepoSetFanout:sn_mag_fout_1_7> call=0 fanout depo set 0 with 448 
[09:13:02.484] D [  glue  ] <DepoSetFanout:sn_mag_fout_2_14> call=0 fanout depo set 0 with 448 
[09:13:02.484] D [  gen   ] <DepoSetFilter:ds-filter-switch-98> call=0 depos: input=448 output=0 dropped=-448 
[09:13:02.484] D [  glue  ] <DeposOrBust:dorb-switch-98> DeposOrBust: got empty deposet 
[09:13:02.484] D [  glue  ] <FrameSync:frame-sync-switch-98> port 0 empty 
[09:13:02.484] D [  glue  ] <FrameSync:frame-sync-switch-98> port 1 frame 0 
[09:13:02.484] D [  glue  ] <FrameSync:frame-sync-switch-98> port 0 empty 
[09:13:02.484] D [  glue  ] <FrameSync:frame-sync-switch-98> port 1 empty 
[09:13:02.484] D [  glue  ] <FrameSync:frame-sync-switch-98> oqs size: 1 
[09:13:02.484] D [  gen   ] <DepoSetFilter:ds-filter-switch-99> call=0 depos: input=448 output=0 dropped=-448 
[09:13:02.484] D [  glue  ] <DeposOrBust:dorb-switch-99> DeposOrBust: got empty deposet 
[09:13:02.484] D [  glue  ] <FrameSync:frame-sync-switch-99> port 0 empty 
[09:13:02.484] D [  glue  ] <FrameSync:frame-sync-switch-99> port 1 frame 0 
[09:13:02.484] D [  glue  ] <FrameSync:frame-sync-switch-99> port 0 empty 
[09:13:02.484] D [  glue  ] <FrameSync:frame-sync-switch-99> port 1 empty 
[09:13:02.484] D [  glue  ] <FrameSync:frame-sync-switch-99> oqs size: 1 
[09:13:02.484] D [  gen   ] <DepoSetFilter:ds-filter-switch-100> call=0 depos: input=448 output=0 dropped=-448 
[09:13:02.484] D [  glue  ] <DeposOrBust:dorb-switch-100> DeposOrBust: got empty deposet 
[09:13:02.484] D [  glue  ] <FrameSync:frame-sync-switch-100> port 0 empty 
[09:13:02.484] D [  glue  ] <FrameSync:frame-sync-switch-100> port 1 frame 0 
[09:13:02.484] D [  glue  ] <FrameSync:frame-sync-switch-100> port 0 empty 
[09:13:02.484] D [  glue  ] <FrameSync:frame-sync-switch-100> port 1 empty 
[09:13:02.484] D [  glue  ] <FrameSync:frame-sync-switch-100> oqs size: 1 
[09:13:02.484] D [  gen   ] <DepoSetFilter:ds-filter-switch-101> call=0 depos: input=448 output=0 dropped=-448 
[09:13:02.484] D [  glue  ] <DeposOrBust:dorb-switch-101> DeposOrBust: got empty deposet 
[09:13:02.484] D [  glue  ] <FrameSync:frame-sync-switch-101> port 0 empty 
[09:13:02.484] D [  glue  ] <FrameSync:frame-sync-switch-101> port 1 frame 0 
[09:13:02.484] D [  glue  ] <FrameSync:frame-sync-switch-101> port 0 empty 
[09:13:02.484] D [  glue  ] <FrameSync:frame-sync-switch-101> port 1 empty 
[09:13:02.484] D [  glue  ] <FrameSync:frame-sync-switch-101> oqs size: 1 
[09:13:02.484] D [  gen   ] <DepoSetFilter:ds-filter-switch-102> call=0 depos: input=448 output=0 dropped=-448 
[09:13:02.484] D [  glue  ] <DeposOrBust:dorb-switch-102> DeposOrBust: got empty deposet 
[09:13:02.484] D [  gen   ] <DepoSetFilter:ds-filter-switch-103> call=0 depos: input=448 output=0 dropped=-448 
[09:13:02.484] D [  glue  ] <DeposOrBust:dorb-switch-103> DeposOrBust: got empty deposet 
[09:13:02.484] D [  glue  ] <FrameSync:frame-sync-switch-103> port 0 empty 
[09:13:02.484] D [  glue  ] <FrameSync:frame-sync-switch-103> port 1 frame 0 
[09:13:02.484] D [  glue  ] <FrameSync:frame-sync-switch-103> port 0 empty 
[09:13:02.484] D [  glue  ] <FrameSync:frame-sync-switch-103> port 1 empty 
[09:13:02.484] D [  glue  ] <FrameSync:frame-sync-switch-103> oqs size: 1 
[09:13:02.484] D [  gen   ] <DepoSetFilter:ds-filter-switch-104> call=0 depos: input=448 output=0 dropped=-448 
[09:13:02.484] D [  glue  ] <DeposOrBust:dorb-switch-104> DeposOrBust: got empty deposet 
[09:13:02.484] D [  glue  ] <DepoSetFanout:sn_mag_fout_2_15> call=0 fanout depo set 0 with 448 
[09:13:02.484] D [  gen   ] <DepoSetFilter:ds-filter-switch-105> call=0 depos: input=448 output=0 dropped=-448 
[09:13:02.484] D [  glue  ] <DeposOrBust:dorb-switch-105> DeposOrBust: got empty deposet 
[09:13:02.484] D [  glue  ] <FrameSync:frame-sync-switch-105> port 0 empty 
[09:13:02.484] D [  glue  ] <FrameSync:frame-sync-switch-105> port 1 frame 0 
[09:13:02.484] D [  glue  ] <FrameSync:frame-sync-switch-105> port 0 empty 
[09:13:02.484] D [  glue  ] <FrameSync:frame-sync-switch-105> port 1 empty 
[09:13:02.484] D [  glue  ] <FrameSync:frame-sync-switch-105> oqs size: 1 
[09:13:02.484] D [  gen   ] <DepoSetFilter:ds-filter-switch-106> call=0 depos: input=448 output=0 dropped=-448 
[09:13:02.484] D [  glue  ] <DeposOrBust:dorb-switch-106> DeposOrBust: got empty deposet 
[09:13:02.484] D [  glue  ] <FrameSync:frame-sync-switch-106> port 0 empty 
[09:13:02.484] D [  glue  ] <FrameSync:frame-sync-switch-106> port 1 frame 0 
[09:13:02.484] D [  glue  ] <FrameSync:frame-sync-switch-106> port 0 empty 
[09:13:02.484] D [  glue  ] <FrameSync:frame-sync-switch-106> port 1 empty 
[09:13:02.484] D [  glue  ] <FrameSync:frame-sync-switch-106> oqs size: 1 
[09:13:02.484] D [  gen   ] <DepoSetFilter:ds-filter-switch-107> call=0 depos: input=448 output=0 dropped=-448 
[09:13:02.484] D [  glue  ] <DeposOrBust:dorb-switch-107> DeposOrBust: got empty deposet 
[09:13:02.484] D [  glue  ] <FrameSync:frame-sync-switch-107> port 0 empty 
[09:13:02.484] D [  glue  ] <FrameSync:frame-sync-switch-107> port 1 frame 0 
[09:13:02.484] D [  glue  ] <FrameSync:frame-sync-switch-107> port 0 empty 
[09:13:02.484] D [  glue  ] <FrameSync:frame-sync-switch-107> port 1 empty 
[09:13:02.484] D [  glue  ] <FrameSync:frame-sync-switch-107> oqs size: 1 
[09:13:02.484] D [  gen   ] <DepoSetFilter:ds-filter-switch-108> call=0 depos: input=448 output=0 dropped=-448 
[09:13:02.484] D [  glue  ] <DeposOrBust:dorb-switch-108> DeposOrBust: got empty deposet 
[09:13:02.484] D [  gen   ] <DepoSetFilter:ds-filter-switch-109> call=0 depos: input=448 output=0 dropped=-448 
[09:13:02.484] D [  glue  ] <DeposOrBust:dorb-switch-109> DeposOrBust: got empty deposet 
[09:13:02.484] D [  gen   ] <DepoSetFilter:ds-filter-switch-110> call=0 depos: input=448 output=0 dropped=-448 
[09:13:02.484] D [  glue  ] <DeposOrBust:dorb-switch-110> DeposOrBust: got empty deposet 
[09:13:02.484] D [  gen   ] <DepoSetFilter:ds-filter-switch-111> call=0 depos: input=448 output=0 dropped=-448 
[09:13:02.484] D [  glue  ] <DeposOrBust:dorb-switch-111> DeposOrBust: got empty deposet 
[09:13:02.484] D [  gen   ] <DepoSetFilter:ds-filter-switch-36> call=0 depos: input=448 output=0 dropped=-448 
[09:13:02.484] D [  glue  ] <DeposOrBust:dorb-switch-36> DeposOrBust: got empty deposet 
[09:13:02.484] D [  glue  ] <FrameSync:frame-sync-switch-36> port 0 empty 
[09:13:02.484] D [  glue  ] <FrameSync:frame-sync-switch-36> port 1 frame 0 
[09:13:02.484] D [  glue  ] <FrameSync:frame-sync-switch-36> port 0 empty 
[09:13:02.484] D [  glue  ] <FrameSync:frame-sync-switch-36> port 1 empty 
[09:13:02.484] D [  glue  ] <FrameSync:frame-sync-switch-36> oqs size: 1 
[09:13:02.484] D [  gen   ] <DepoSetFilter:ds-filter-switch-74> call=0 depos: input=448 output=0 dropped=-448 
[09:13:02.484] D [  glue  ] <DeposOrBust:dorb-switch-74> DeposOrBust: got empty deposet 
[09:13:02.484] D [  glue  ] <FrameSync:frame-sync-switch-74> port 0 empty 
[09:13:02.484] D [  glue  ] <FrameSync:frame-sync-switch-74> port 1 frame 0 
[09:13:02.484] D [  glue  ] <FrameSync:frame-sync-switch-74> port 0 empty 
[09:13:02.484] D [  glue  ] <FrameSync:frame-sync-switch-74> port 1 empty 
[09:13:02.484] D [  glue  ] <FrameSync:frame-sync-switch-74> oqs size: 1 
[09:13:02.484] D [  glue  ] <DeposOrBust:dorb-switch-47> DeposOrBust: got empty deposet 
[09:13:02.485] D [  glue  ] <FrameSync:frame-sync-switch-47> port 0 empty 
[09:13:02.485] D [  glue  ] <FrameSync:frame-sync-switch-47> port 1 frame 0 
[09:13:02.485] D [  glue  ] <FrameSync:frame-sync-switch-47> port 0 empty 
[09:13:02.485] D [  glue  ] <FrameSync:frame-sync-switch-47> port 1 empty 
[09:13:02.485] D [  glue  ] <FrameSync:frame-sync-switch-47> oqs size: 1 
[09:13:02.485] D [  gen   ] <DepoSetFilter:ds-filter-switch-63> call=0 depos: input=448 output=0 dropped=-448 
[09:13:02.485] D [  glue  ] <DeposOrBust:dorb-switch-63> DeposOrBust: got empty deposet 
[09:13:02.485] D [  glue  ] <FrameSync:frame-sync-switch-63> port 0 empty 
[09:13:02.485] D [  glue  ] <FrameSync:frame-sync-switch-63> port 1 frame 0 
[09:13:02.485] D [  glue  ] <FrameSync:frame-sync-switch-63> port 0 empty 
[09:13:02.485] D [  glue  ] <FrameSync:frame-sync-switch-63> port 1 empty 
[09:13:02.485] D [  glue  ] <FrameSync:frame-sync-switch-63> oqs size: 1 
[09:13:02.485] D [  gen   ] <DepoSetFilter:ds-filter-switch-32> call=0 depos: input=448 output=0 dropped=-448 
[09:13:02.485] D [  glue  ] <DeposOrBust:dorb-switch-57> DeposOrBust: got empty deposet 
[09:13:02.485] D [  glue  ] <FrameSync:frame-sync-switch-57> port 0 empty 
[09:13:02.485] D [  glue  ] <FrameSync:frame-sync-switch-57> port 1 frame 0 
[09:13:02.485] D [  glue  ] <FrameSync:frame-sync-switch-57> port 0 empty 
[09:13:02.485] D [  glue  ] <FrameSync:frame-sync-switch-57> port 1 empty 
[09:13:02.485] D [  glue  ] <FrameSync:frame-sync-switch-57> oqs size: 1 
[09:13:02.485] D [  glue  ] <FrameSync:frame-sync-switch-82> port 0 empty 
[09:13:02.485] D [  glue  ] <FrameSync:frame-sync-switch-82> port 1 frame 0 
[09:13:02.485] D [  glue  ] <FrameSync:frame-sync-switch-82> port 0 empty 
[09:13:02.485] D [  glue  ] <FrameSync:frame-sync-switch-82> port 1 empty 
[09:13:02.485] D [  glue  ] <FrameSync:frame-sync-switch-82> oqs size: 1 
[09:13:02.485] D [  glue  ] <FrameFanin:sn_mag_fin_2_11> call=0 input 0: frame: ident=0 time=0 tick=0 with  null trace ptr!] 0 tagged trace sets:[ ] cmm:[ ] input 1: frame: ident=0 time=0 tick=0 with  null trace ptr!] 0 tagged trace sets:[ ] cmm:[ ] input 2: frame: ident=0 time=0 tick=0 with  null trace ptr!] 0 tagged trace sets:[ ] cmm:[ ] input 3: frame: ident=0 time=0 tick=0 with  null trace ptr!] 0 tagged trace sets:[ ] cmm:[ ] input 4: frame: ident=0 time=0 tick=0 with  null trace ptr!] 0 tagged trace sets:[ ] cmm:[ ] input 5: frame: ident=0 time=0 tick=0 with  null trace ptr!] 0 tagged trace sets:[ ] cmm:[ ] input 6: frame: ident=0 time=0 tick=0 with  null trace ptr!] 0 tagged trace sets:[ ] cmm:[ ] output: frame: ident=0 time=0 tick=0 with 0 traces.  frame tags:[ "framefanin" ] 0 tagged trace sets:[ ] cmm:[ ] 
[09:13:02.485] D [  glue  ] <DeposOrBust:dorb-switch-38> DeposOrBust: got empty deposet 
[09:13:02.485] D [  glue  ] <FrameSync:frame-sync-switch-38> port 0 empty 
[09:13:02.485] D [  glue  ] <FrameSync:frame-sync-switch-38> port 1 frame 0 
[09:13:02.485] D [  glue  ] <FrameSync:frame-sync-switch-38> port 0 empty 
[09:13:02.485] D [  glue  ] <FrameSync:frame-sync-switch-38> port 1 empty 
[09:13:02.485] D [  glue  ] <FrameSync:frame-sync-switch-38> oqs size: 1 
[09:13:02.485] D [  glue  ] <DeposOrBust:dorb-switch-66> DeposOrBust: got empty deposet 
[09:13:02.485] D [  glue  ] <FrameSync:frame-sync-switch-66> port 0 empty 
[09:13:02.485] D [  glue  ] <FrameSync:frame-sync-switch-66> port 1 frame 0 
[09:13:02.485] D [  glue  ] <FrameSync:frame-sync-switch-66> port 0 empty 
[09:13:02.485] D [  glue  ] <FrameSync:frame-sync-switch-66> port 1 empty 
[09:13:02.485] D [  glue  ] <FrameSync:frame-sync-switch-66> oqs size: 1 
[09:13:02.485] D [  gen   ] <DepoSetFilter:ds-filter-switch-37> call=0 depos: input=448 output=0 dropped=-448 
[09:13:02.485] D [  gen   ] <DepoSetFilter:ds-filter-switch-45> call=0 depos: input=448 output=0 dropped=-448 
[09:13:02.485] D [  gen   ] <DepoSetFilter:ds-filter-switch-67> call=0 depos: input=448 output=0 dropped=-448 
[09:13:02.485] D [  glue  ] <DeposOrBust:dorb-switch-67> DeposOrBust: got empty deposet 
[09:13:02.485] D [  glue  ] <FrameSync:frame-sync-switch-67> port 0 empty 
[09:13:02.485] D [  glue  ] <FrameSync:frame-sync-switch-67> port 1 frame 0 
[09:13:02.485] D [  glue  ] <FrameSync:frame-sync-switch-67> port 0 empty 
[09:13:02.485] D [  glue  ] <FrameSync:frame-sync-switch-67> port 1 empty 
[09:13:02.485] D [  glue  ] <FrameSync:frame-sync-switch-67> oqs size: 1 
[09:13:02.485] D [  gen   ] <DepoSetFilter:ds-filter-switch-76> call=0 depos: input=448 output=0 dropped=-448 
[09:13:02.485] D [  glue  ] <DeposOrBust:dorb-switch-76> DeposOrBust: got empty deposet 
[09:13:02.485] D [  glue  ] <FrameSync:frame-sync-switch-76> port 0 empty 
[09:13:02.485] D [  glue  ] <FrameSync:frame-sync-switch-76> port 1 frame 0 
[09:13:02.485] D [  glue  ] <FrameSync:frame-sync-switch-76> port 0 empty 
[09:13:02.485] D [  glue  ] <FrameSync:frame-sync-switch-76> port 1 empty 
[09:13:02.485] D [  glue  ] <FrameSync:frame-sync-switch-76> oqs size: 1 
[09:13:02.485] D [  gen   ] <DepoSetFilter:ds-filter-switch-31> call=0 depos: input=448 output=0 dropped=-448 
[09:13:02.485] D [  glue  ] <DeposOrBust:dorb-switch-31> DeposOrBust: got empty deposet 
[09:13:02.485] D [  glue  ] <FrameSync:frame-sync-switch-31> port 0 empty 
[09:13:02.485] D [  glue  ] <FrameSync:frame-sync-switch-31> port 1 frame 0 
[09:13:02.485] D [  glue  ] <FrameSync:frame-sync-switch-31> port 0 empty 
[09:13:02.485] D [  glue  ] <FrameSync:frame-sync-switch-31> port 1 empty 
[09:13:02.485] D [  glue  ] <FrameSync:frame-sync-switch-31> oqs size: 1 
[09:13:02.485] D [  gen   ] <DepoSetFilter:ds-filter-switch-41> call=0 depos: input=448 output=0 dropped=-448 
[09:13:02.485] D [  glue  ] <DeposOrBust:dorb-switch-41> DeposOrBust: got empty deposet 
[09:13:02.485] D [  glue  ] <FrameSync:frame-sync-switch-41> port 0 empty 
[09:13:02.485] D [  glue  ] <FrameSync:frame-sync-switch-41> port 1 frame 0 
[09:13:02.485] D [  glue  ] <FrameSync:frame-sync-switch-41> port 0 empty 
[09:13:02.485] D [  glue  ] <FrameSync:frame-sync-switch-41> port 1 empty 
[09:13:02.485] D [  glue  ] <FrameSync:frame-sync-switch-41> oqs size: 1 
[09:13:02.485] D [  glue  ] <FrameSync:frame-sync-switch-110> port 0 empty 
[09:13:02.485] D [  glue  ] <FrameSync:frame-sync-switch-110> port 1 frame 0 
[09:13:02.485] D [  glue  ] <FrameSync:frame-sync-switch-110> port 0 empty 
[09:13:02.485] D [  glue  ] <FrameSync:frame-sync-switch-110> port 1 empty 
[09:13:02.485] D [  glue  ] <FrameSync:frame-sync-switch-110> oqs size: 1 
[09:13:02.485] D [  glue  ] <DeposOrBust:dorb-switch-32> DeposOrBust: got empty deposet 
[09:13:02.485] D [  glue  ] <FrameSync:frame-sync-switch-32> port 0 empty 
[09:13:02.485] D [  glue  ] <FrameSync:frame-sync-switch-32> port 1 frame 0 
[09:13:02.485] D [  glue  ] <FrameSync:frame-sync-switch-32> port 0 empty 
[09:13:02.485] D [  glue  ] <FrameSync:frame-sync-switch-32> port 1 empty 
[09:13:02.485] D [  glue  ] <FrameSync:frame-sync-switch-32> oqs size: 1 
[09:13:02.485] D [  gen   ] <DepoSetFilter:ds-filter-switch-43> call=0 depos: input=448 output=0 dropped=-448 
[09:13:02.485] D [  glue  ] <DeposOrBust:dorb-switch-43> DeposOrBust: got empty deposet 
[09:13:02.485] D [  glue  ] <FrameSync:frame-sync-switch-43> port 0 empty 
[09:13:02.485] D [  glue  ] <FrameSync:frame-sync-switch-43> port 1 frame 0 
[09:13:02.485] D [  glue  ] <FrameSync:frame-sync-switch-43> port 0 empty 
[09:13:02.485] D [  glue  ] <FrameSync:frame-sync-switch-43> port 1 empty 
[09:13:02.485] D [  glue  ] <FrameSync:frame-sync-switch-43> oqs size: 1 
[09:13:02.485] D [  glue  ] <FrameSync:frame-sync-switch-111> port 0 empty 
[09:13:02.485] D [  glue  ] <FrameSync:frame-sync-switch-111> port 1 frame 0 
[09:13:02.485] D [  glue  ] <FrameSync:frame-sync-switch-111> port 0 empty 
[09:13:02.485] D [  glue  ] <FrameSync:frame-sync-switch-111> port 1 empty 
[09:13:02.485] D [  glue  ] <FrameSync:frame-sync-switch-111> oqs size: 1 
[09:13:02.485] D [  glue  ] <FrameSync:frame-sync-switch-97> port 0 empty 
[09:13:02.485] D [  glue  ] <FrameSync:frame-sync-switch-97> port 1 frame 0 
[09:13:02.485] D [  glue  ] <FrameSync:frame-sync-switch-97> port 0 empty 
[09:13:02.485] D [  glue  ] <FrameSync:frame-sync-switch-97> port 1 empty 
[09:13:02.485] D [  glue  ] <FrameSync:frame-sync-switch-97> oqs size: 1 
[09:13:02.485] D [  glue  ] <FrameSync:frame-sync-switch-108> port 0 empty 
[09:13:02.485] D [  glue  ] <FrameSync:frame-sync-switch-108> port 1 frame 0 
[09:13:02.485] D [  glue  ] <FrameSync:frame-sync-switch-108> port 0 empty 
[09:13:02.485] D [  glue  ] <FrameSync:frame-sync-switch-108> port 1 empty 
[09:13:02.485] D [  glue  ] <FrameSync:frame-sync-switch-108> oqs size: 1 
[09:13:02.485] D [  gen   ] <DepoSetFilter:ds-filter-switch-48> call=0 depos: input=448 output=0 dropped=-448 
[09:13:02.485] D [  glue  ] <DeposOrBust:dorb-switch-48> DeposOrBust: got empty deposet 
[09:13:02.485] D [  glue  ] <FrameSync:frame-sync-switch-48> port 0 empty 
[09:13:02.485] D [  glue  ] <FrameSync:frame-sync-switch-48> port 1 frame 0 
[09:13:02.485] D [  glue  ] <FrameSync:frame-sync-switch-48> port 0 empty 
[09:13:02.485] D [  glue  ] <FrameSync:frame-sync-switch-48> port 1 empty 
[09:13:02.485] D [  glue  ] <FrameSync:frame-sync-switch-48> oqs size: 1 
[09:13:02.485] D [  gen   ] <DepoSetFilter:ds-filter-switch-51> call=0 depos: input=448 output=0 dropped=-448 
[09:13:02.485] D [  glue  ] <DeposOrBust:dorb-switch-51> DeposOrBust: got empty deposet 
[09:13:02.485] D [  glue  ] <FrameSync:frame-sync-switch-51> port 0 empty 
[09:13:02.485] D [  glue  ] <FrameSync:frame-sync-switch-51> port 1 frame 0 
[09:13:02.485] D [  glue  ] <FrameSync:frame-sync-switch-51> port 0 empty 
[09:13:02.485] D [  glue  ] <FrameSync:frame-sync-switch-51> port 1 empty 
[09:13:02.485] D [  glue  ] <FrameSync:frame-sync-switch-51> oqs size: 1 
[09:13:02.485] D [  glue  ] <DeposOrBust:dorb-switch-45> DeposOrBust: got empty deposet 
[09:13:02.485] D [  glue  ] <FrameSync:frame-sync-switch-45> port 0 empty 
[09:13:02.485] D [  glue  ] <FrameSync:frame-sync-switch-45> port 1 frame 0 
[09:13:02.485] D [  glue  ] <FrameSync:frame-sync-switch-45> port 0 empty 
[09:13:02.485] D [  glue  ] <FrameSync:frame-sync-switch-45> port 1 empty 
[09:13:02.485] D [  glue  ] <FrameSync:frame-sync-switch-45> oqs size: 1 
[09:13:02.485] D [  gen   ] <DepoSetFilter:ds-filter-switch-55> call=0 depos: input=448 output=0 dropped=-448 
[09:13:02.485] D [  glue  ] <DeposOrBust:dorb-switch-55> DeposOrBust: got empty deposet 
[09:13:02.485] D [  glue  ] <FrameSync:frame-sync-switch-55> port 0 empty 
[09:13:02.485] D [  glue  ] <FrameSync:frame-sync-switch-55> port 1 frame 0 
[09:13:02.485] D [  glue  ] <FrameSync:frame-sync-switch-55> port 0 empty 
[09:13:02.485] D [  glue  ] <FrameSync:frame-sync-switch-55> port 1 empty 
[09:13:02.485] D [  glue  ] <FrameSync:frame-sync-switch-55> oqs size: 1 
[09:13:02.485] D [  gen   ] <DepoSetFilter:ds-filter-switch-46> call=0 depos: input=448 output=0 dropped=-448 
[09:13:02.485] D [  gen   ] <DepoSetFilter:ds-filter-switch-75> call=0 depos: input=448 output=0 dropped=-448 
[09:13:02.485] D [  glue  ] <DeposOrBust:dorb-switch-75> DeposOrBust: got empty deposet 
[09:13:02.485] D [  glue  ] <FrameSync:frame-sync-switch-75> port 0 empty 
[09:13:02.485] D [  glue  ] <FrameSync:frame-sync-switch-75> port 1 frame 0 
[09:13:02.485] D [  glue  ] <FrameSync:frame-sync-switch-75> port 0 empty 
[09:13:02.485] D [  glue  ] <FrameSync:frame-sync-switch-75> port 1 empty 
[09:13:02.485] D [  glue  ] <FrameSync:frame-sync-switch-75> oqs size: 1 
[09:13:02.485] D [  gen   ] <DepoSetFilter:ds-filter-switch-60> call=0 depos: input=448 output=0 dropped=-448 
[09:13:02.485] D [  glue  ] <DeposOrBust:dorb-switch-69> DeposOrBust: got empty deposet 
[09:13:02.485] D [  glue  ] <FrameSync:frame-sync-switch-69> port 0 empty 
[09:13:02.485] D [  glue  ] <FrameSync:frame-sync-switch-69> port 1 frame 0 
[09:13:02.485] D [  glue  ] <FrameSync:frame-sync-switch-69> port 0 empty 
[09:13:02.485] D [  glue  ] <FrameSync:frame-sync-switch-69> port 1 empty 
[09:13:02.485] D [  glue  ] <FrameSync:frame-sync-switch-69> oqs size: 1 
[09:13:02.485] D [  glue  ] <FrameSync:frame-sync-switch-88> port 0 empty 
[09:13:02.485] D [  glue  ] <FrameSync:frame-sync-switch-88> port 1 frame 0 
[09:13:02.485] D [  glue  ] <FrameSync:frame-sync-switch-88> port 0 empty 
[09:13:02.485] D [  glue  ] <FrameSync:frame-sync-switch-88> port 1 empty 
[09:13:02.485] D [  glue  ] <FrameSync:frame-sync-switch-88> oqs size: 1 
[09:13:02.486] D [  gen   ] <DepoSetFilter:ds-filter-switch-59> call=0 depos: input=448 output=0 dropped=-448 
[09:13:02.486] D [  glue  ] <DeposOrBust:dorb-switch-46> DeposOrBust: got empty deposet 
[09:13:02.486] D [  glue  ] <FrameSync:frame-sync-switch-46> port 0 empty 
[09:13:02.486] D [  glue  ] <FrameSync:frame-sync-switch-46> port 1 frame 0 
[09:13:02.486] D [  glue  ] <FrameSync:frame-sync-switch-46> port 0 empty 
[09:13:02.486] D [  glue  ] <FrameSync:frame-sync-switch-46> port 1 empty 
[09:13:02.486] D [  glue  ] <FrameSync:frame-sync-switch-46> oqs size: 1 
[09:13:02.486] D [  glue  ] <FrameFanin:sn_mag_fin_2_6> call=0 input 0: frame: ident=0 time=0 tick=0 with  null trace ptr!] 0 tagged trace sets:[ ] cmm:[ ] input 1: frame: ident=0 time=0 tick=0 with  null trace ptr!] 0 tagged trace sets:[ ] cmm:[ ] input 2: frame: ident=0 time=0 tick=0 with  null trace ptr!] 0 tagged trace sets:[ ] cmm:[ ] input 3: frame: ident=0 time=0 tick=0 with  null trace ptr!] 0 tagged trace sets:[ ] cmm:[ ] input 4: frame: ident=0 time=0 tick=0 with  null trace ptr!] 0 tagged trace sets:[ ] cmm:[ ] input 5: frame: ident=0 time=0 tick=0 with  null trace ptr!] 0 tagged trace sets:[ ] cmm:[ ] input 6: frame: ident=0 time=0 tick=0 with  null trace ptr!] 0 tagged trace sets:[ ] cmm:[ ] output: frame: ident=0 time=0 tick=0 with 0 traces.  frame tags:[ "framefanin" ] 0 tagged trace sets:[ ] cmm:[ ] 
[09:13:02.486] D [  glue  ] <DeposOrBust:dorb-switch-60> DeposOrBust: got empty deposet 
[09:13:02.486] D [  glue  ] <FrameSync:frame-sync-switch-60> port 0 empty 
[09:13:02.486] D [  glue  ] <FrameSync:frame-sync-switch-60> port 1 frame 0 
[09:13:02.486] D [  glue  ] <FrameSync:frame-sync-switch-60> port 0 empty 
[09:13:02.486] D [  glue  ] <FrameSync:frame-sync-switch-60> port 1 empty 
[09:13:02.486] D [  glue  ] <FrameSync:frame-sync-switch-60> oqs size: 1 
[09:13:02.486] D [  glue  ] <DeposOrBust:dorb-switch-59> DeposOrBust: got empty deposet 
[09:13:02.486] D [  glue  ] <FrameSync:frame-sync-switch-59> port 0 empty 
[09:13:02.486] D [  glue  ] <FrameSync:frame-sync-switch-59> port 1 frame 0 
[09:13:02.486] D [  glue  ] <FrameSync:frame-sync-switch-59> port 0 empty 
[09:13:02.486] D [  glue  ] <FrameSync:frame-sync-switch-59> port 1 empty 
[09:13:02.486] D [  glue  ] <FrameSync:frame-sync-switch-59> oqs size: 1 
[09:13:02.486] D [  glue  ] <FrameSync:frame-sync-switch-89> port 0 empty 
[09:13:02.486] D [  glue  ] <FrameSync:frame-sync-switch-89> port 1 frame 0 
[09:13:02.486] D [  glue  ] <FrameSync:frame-sync-switch-89> port 0 empty 
[09:13:02.486] D [  glue  ] <FrameSync:frame-sync-switch-89> port 1 empty 
[09:13:02.486] D [  glue  ] <FrameSync:frame-sync-switch-89> oqs size: 1 
[09:13:02.486] D [  glue  ] <FrameFanin:sn_mag_fin_2_12> call=0 input 0: frame: ident=0 time=0 tick=0 with  null trace ptr!] 0 tagged trace sets:[ ] cmm:[ ] input 1: frame: ident=0 time=0 tick=0 with  null trace ptr!] 0 tagged trace sets:[ ] cmm:[ ] input 2: frame: ident=0 time=0 tick=0 with  null trace ptr!] 0 tagged trace sets:[ ] cmm:[ ] input 3: frame: ident=0 time=0 tick=0 with  null trace ptr!] 0 tagged trace sets:[ ] cmm:[ ] input 4: frame: ident=0 time=0 tick=0 with  null trace ptr!] 0 tagged trace sets:[ ] cmm:[ ] input 5: frame: ident=0 time=0 tick=0 with  null trace ptr!] 0 tagged trace sets:[ ] cmm:[ ] input 6: frame: ident=0 time=0 tick=0 with  null trace ptr!] 0 tagged trace sets:[ ] cmm:[ ] output: frame: ident=0 time=0 tick=0 with 0 traces.  frame tags:[ "framefanin" ] 0 tagged trace sets:[ ] cmm:[ ] 
[09:13:02.486] D [  gen   ] <DepoSetFilter:ds-filter-switch-29> call=0 depos: input=448 output=106 dropped=-342 
[09:13:02.486] D [  glue  ] <DeposOrBust:dorb-switch-29> DeposOrBust: forward deposet 
[09:13:02.531] D [  gen   ] <DepoTransform:ductor29> plane=0 face=0 depos=106 total traces=42 
[09:13:02.585] D [  gen   ] <DepoTransform:ductor29> plane=1 face=0 depos=106 total traces=106 
[09:13:02.661] D [  gen   ] <DepoTransform:ductor29> plane=2 face=0 depos=106 total traces=202 
[09:13:02.661] D [  gen   ] <DepoTransform:ductor29> call=0 count=100 ndepos_in=106 ndepos_used=106 
[09:13:02.661] D [  gen   ] <DepoTransform:ductor29> output: frame: ident=100 time=-117835 tick=500 with 202 traces.  frame tags:[ ] 0 tagged trace sets:[ ] cmm:[ ] 
[09:13:02.671] D [  gen   ] <Reframer:reframer29> input : frame: ident=100 time=-117835 tick=500 with 202 traces.  frame tags:[ ] 0 tagged trace sets:[ ] cmm:[ ] 
[09:13:02.671] D [  gen   ] <Reframer:reframer29> output: frame: ident=100 time=164.633 tick=500 with 864 traces.  frame tags:[ ] 0 tagged trace sets:[ ] cmm:[ ] 
[09:13:02.815] D [  gen   ] <IncoherentAddNoise:addnoisecrm29> call=0 frame=100 864 traces 
[09:13:02.815] D [  gen   ] <IncoherentAddNoise:addnoisecrm29> input : frame: ident=100 time=164.633 tick=500 with 864 traces.  frame tags:[ ] 0 tagged trace sets:[ ] cmm:[ ] 
[09:13:02.815] D [  gen   ] <IncoherentAddNoise:addnoisecrm29> output: frame: ident=100 time=164.633 tick=500 with 864 traces.  frame tags:[ ] 0 tagged trace sets:[ ] cmm:[ ] 
[09:13:02.994] D [  gen   ] <Digitizer:digitizer29> call=0 traces=864 frame=100 totadc=39907808594 outtag="orig29" 
[09:13:02.994] D [  gen   ] <Digitizer:digitizer29> input : frame: ident=100 time=164.633 tick=500 with 864 traces.  frame tags:[ ] 0 tagged trace sets:[ ] cmm:[ ] 
[09:13:02.994] D [  gen   ] <Digitizer:digitizer29> output: frame: ident=100 time=164.633 tick=500 with 864 traces.  frame tags:[ "orig29" ] 0 tagged trace sets:[ ] cmm:[ ] 
[09:13:02.995] D [sigproc ] <OmnibusSigProc:crm29sigproc29> call=0 input frame: frame: ident=100 time=164.633 tick=500 with 864 traces.  frame tags:[ "orig29" ] 0 tagged trace sets:[ ] cmm:[ ] 
[09:13:02.999] D [sigproc ] <OmnibusSigProc:crm29sigproc29> call=0 init nticks=8500 tbinmin=0 tbinmax=8500 
[09:13:02.999] D [sigproc ] <OmnibusSigProc:crm29sigproc29> call=0 init enlarge window from 8500 to 8741 
[09:13:02.999] D [sigproc ] <OmnibusSigProc:crm29sigproc29> call=0 init enlarge wire number in plane 0 from 286 to 296 
[09:13:02.999] D [sigproc ] <OmnibusSigProc:crm29sigproc29> call=0 init enlarge wire number in plane 1 from 286 to 296 
[09:13:02.999] D [sigproc ] <OmnibusSigProc:crm29sigproc29> call=0 init enlarge wire number in plane 2 from 292 to 302 
[09:13:03.007] D [sigproc ] <OmnibusSigProc:crm29sigproc29> rebase_waveform for plane 0 with m_rebase_nbins = 200 
[09:13:03.017] D [sigproc ] <OmnibusSigProc:crm29sigproc29> call=0 load plane index: 0, ntraces=864, input bad regions: 0 
[09:13:04.889] D [sigproc ] <OmnibusSigProc:crm29sigproc29> rebase_waveform for plane 1 with m_rebase_nbins = 200 
[09:13:04.900] D [sigproc ] <OmnibusSigProc:crm29sigproc29> call=0 load plane index: 1, ntraces=864, input bad regions: 0 
[09:13:06.718] D [sigproc ] <OmnibusSigProc:crm29sigproc29> rebase_waveform for plane 2 with m_rebase_nbins = 200 
[09:13:06.730] D [sigproc ] <OmnibusSigProc:crm29sigproc29> call=0 load plane index: 2, ntraces=864, input bad regions: 0 
[09:13:08.099] D [sigproc ] <OmnibusSigProc:crm29sigproc29> call=0 save plane index: 0, Qtot=152155 Qloss=-10726, 27 indices spanning [0,26] "wiener" 
[09:13:08.267] D [sigproc ] <OmnibusSigProc:crm29sigproc29> call=0 save plane index: 0, Qtot=140797 Qloss=-1227, 15 indices spanning [27,41] "gauss" 
[09:13:08.473] D [sigproc ] <OmnibusSigProc:crm29sigproc29> call=0 save plane index: 1, Qtot=153573 Qloss=-8082, 17 indices spanning [42,58] "wiener" 
[09:13:08.640] D [sigproc ] <OmnibusSigProc:crm29sigproc29> call=0 save plane index: 1, Qtot=144052 Qloss=-383, 8 indices spanning [59,66] "gauss" 
[09:13:08.867] D [sigproc ] <OmnibusSigProc:crm29sigproc29> call=0 save plane index: 2, Qtot=145389 Qloss=-8388, 14 indices spanning [67,80] "wiener" 
[09:13:09.080] D [sigproc ] <OmnibusSigProc:crm29sigproc29> call=0 save plane index: 2, Qtot=138379 Qloss=-724, 8 indices spanning [81,88] "gauss" 
[09:13:09.080] D [sigproc ] <OmnibusSigProc:crm29sigproc29> call=0 produce 89 traces: 58 wiener29, 0 decon_charge29, 31 gauss29, frame tag: sigproc 
[09:13:09.080] D [sigproc ] <OmnibusSigProc:crm29sigproc29> call=0 output frame: frame: ident=100 time=164.633 tick=500 with 89 traces.  frame tags:[ "sigproc" ] 2 tagged trace sets:[ "gauss29":31 [0] "wiener29":58 [58] ] cmm:[ ] 
[09:13:09.082] D [  glue  ] <FrameSync:frame-sync-switch-29> port 0 frame 100 
[09:13:09.082] D [  glue  ] <FrameSync:frame-sync-switch-29> port 1 empty 
[09:13:09.082] D [  glue  ] <FrameSync:frame-sync-switch-29> port 0 empty 
[09:13:09.082] D [  glue  ] <FrameSync:frame-sync-switch-29> port 1 empty 
[09:13:09.082] D [  glue  ] <FrameSync:frame-sync-switch-29> oqs size: 1 
[09:13:09.082] D [  gen   ] <DepoSetFilter:ds-filter-switch-53> call=0 depos: input=448 output=0 dropped=-448 
[09:13:09.082] D [  glue  ] <DeposOrBust:dorb-switch-53> DeposOrBust: got empty deposet 
[09:13:09.082] D [  glue  ] <FrameSync:frame-sync-switch-53> port 0 empty 
[09:13:09.082] D [  glue  ] <FrameSync:frame-sync-switch-53> port 1 frame 0 
[09:13:09.082] D [  glue  ] <FrameSync:frame-sync-switch-53> port 0 empty 
[09:13:09.082] D [  glue  ] <FrameSync:frame-sync-switch-53> port 1 empty 
[09:13:09.082] D [  glue  ] <FrameSync:frame-sync-switch-53> oqs size: 1 
[09:13:09.082] D [  gen   ] <DepoSetFilter:ds-filter-switch-70> call=0 depos: input=448 output=0 dropped=-448 
[09:13:09.082] D [  gen   ] <DepoSetFilter:ds-filter-switch-40> call=0 depos: input=448 output=0 dropped=-448 
[09:13:09.082] D [  glue  ] <DeposOrBust:dorb-switch-40> DeposOrBust: got empty deposet 
[09:13:09.082] D [  glue  ] <FrameSync:frame-sync-switch-40> port 0 empty 
[09:13:09.082] D [  glue  ] <FrameSync:frame-sync-switch-40> port 1 frame 0 
[09:13:09.082] D [  glue  ] <FrameSync:frame-sync-switch-40> port 0 empty 
[09:13:09.082] D [  glue  ] <FrameSync:frame-sync-switch-40> port 1 empty 
[09:13:09.082] D [  glue  ] <FrameSync:frame-sync-switch-40> oqs size: 1 
[09:13:09.082] D [  gen   ] <DepoSetFilter:ds-filter-switch-54> call=0 depos: input=448 output=0 dropped=-448 
[09:13:09.082] D [  glue  ] <DeposOrBust:dorb-switch-54> DeposOrBust: got empty deposet 
[09:13:09.082] D [  glue  ] <FrameSync:frame-sync-switch-54> port 0 empty 
[09:13:09.082] D [  glue  ] <FrameSync:frame-sync-switch-54> port 1 frame 0 
[09:13:09.082] D [  glue  ] <FrameSync:frame-sync-switch-54> port 0 empty 
[09:13:09.082] D [  glue  ] <FrameSync:frame-sync-switch-54> port 1 empty 
[09:13:09.082] D [  glue  ] <FrameSync:frame-sync-switch-54> oqs size: 1 
[09:13:09.082] D [  glue  ] <FrameFanin:sn_mag_fin_2_7> call=0 input 0: frame: ident=0 time=0 tick=0 with  null trace ptr!] 0 tagged trace sets:[ ] cmm:[ ] input 1: frame: ident=0 time=0 tick=0 with  null trace ptr!] 0 tagged trace sets:[ ] cmm:[ ] input 2: frame: ident=0 time=0 tick=0 with  null trace ptr!] 0 tagged trace sets:[ ] cmm:[ ] input 3: frame: ident=0 time=0 tick=0 with  null trace ptr!] 0 tagged trace sets:[ ] cmm:[ ] input 4: frame: ident=0 time=0 tick=0 with  null trace ptr!] 0 tagged trace sets:[ ] cmm:[ ] input 5: frame: ident=0 time=0 tick=0 with  null trace ptr!] 0 tagged trace sets:[ ] cmm:[ ] input 6: frame: ident=0 time=0 tick=0 with  null trace ptr!] 0 tagged trace sets:[ ] cmm:[ ] output: frame: ident=0 time=0 tick=0 with 0 traces.  frame tags:[ "framefanin" ] 0 tagged trace sets:[ ] cmm:[ ] 
[09:13:09.082] D [  glue  ] <FrameFanin:sn_mag_fin_1_3> call=0 input 0: frame: ident=0 time=0 tick=0 with 0 traces.  frame tags:[ "framefanin" ] 0 tagged trace sets:[ ] cmm:[ ] input 1: frame: ident=0 time=0 tick=0 with 0 traces.  frame tags:[ "framefanin" ] 0 tagged trace sets:[ ] cmm:[ ] output: frame: ident=0 time=0 tick=0 with 0 traces.  frame tags:[ "framefanin" ] 0 tagged trace sets:[ ] cmm:[ ] 
[09:13:09.082] D [  glue  ] <DeposOrBust:dorb-switch-28> DeposOrBust: forward deposet 
[09:13:09.171] D [  gen   ] <DepoTransform:ductor28> plane=0 face=0 depos=277 total traces=72 
[09:13:09.247] D [  gen   ] <DepoTransform:ductor28> plane=1 face=0 depos=277 total traces=123 
[09:13:09.358] D [  gen   ] <DepoTransform:ductor28> plane=2 face=0 depos=277 total traces=229 
[09:13:09.358] D [  gen   ] <DepoTransform:ductor28> call=0 count=100 ndepos_in=277 ndepos_used=277 
[09:13:09.358] D [  gen   ] <DepoTransform:ductor28> output: frame: ident=100 time=-117835 tick=500 with 229 traces.  frame tags:[ ] 0 tagged trace sets:[ ] cmm:[ ] 
[09:13:09.368] D [  gen   ] <Reframer:reframer28> input : frame: ident=100 time=-117835 tick=500 with 229 traces.  frame tags:[ ] 0 tagged trace sets:[ ] cmm:[ ] 
[09:13:09.368] D [  gen   ] <Reframer:reframer28> output: frame: ident=100 time=164.633 tick=500 with 864 traces.  frame tags:[ ] 0 tagged trace sets:[ ] cmm:[ ] 
[09:13:09.520] D [  gen   ] <IncoherentAddNoise:addnoisecrm28> call=0 frame=100 864 traces 
[09:13:09.520] D [  gen   ] <IncoherentAddNoise:addnoisecrm28> input : frame: ident=100 time=164.633 tick=500 with 864 traces.  frame tags:[ ] 0 tagged trace sets:[ ] cmm:[ ] 
[09:13:09.520] D [  gen   ] <IncoherentAddNoise:addnoisecrm28> output: frame: ident=100 time=164.633 tick=500 with 864 traces.  frame tags:[ ] 0 tagged trace sets:[ ] cmm:[ ] 
[09:13:09.722] D [  gen   ] <Digitizer:digitizer28> call=0 traces=864 frame=100 totadc=39907809782 outtag="orig28" 
[09:13:09.722] D [  gen   ] <Digitizer:digitizer28> input : frame: ident=100 time=164.633 tick=500 with 864 traces.  frame tags:[ ] 0 tagged trace sets:[ ] cmm:[ ] 
[09:13:09.722] D [  gen   ] <Digitizer:digitizer28> output: frame: ident=100 time=164.633 tick=500 with 864 traces.  frame tags:[ "orig28" ] 0 tagged trace sets:[ ] cmm:[ ] 
[09:13:09.723] D [sigproc ] <OmnibusSigProc:crm28sigproc28> call=0 input frame: frame: ident=100 time=164.633 tick=500 with 864 traces.  frame tags:[ "orig28" ] 0 tagged trace sets:[ ] cmm:[ ] 
[09:13:09.727] D [sigproc ] <OmnibusSigProc:crm28sigproc28> call=0 init nticks=8500 tbinmin=0 tbinmax=8500 
[09:13:09.727] D [sigproc ] <OmnibusSigProc:crm28sigproc28> call=0 init enlarge window from 8500 to 8741 
[09:13:09.728] D [sigproc ] <OmnibusSigProc:crm28sigproc28> call=0 init enlarge wire number in plane 0 from 286 to 296 
[09:13:09.728] D [sigproc ] <OmnibusSigProc:crm28sigproc28> call=0 init enlarge wire number in plane 1 from 286 to 296 
[09:13:09.728] D [sigproc ] <OmnibusSigProc:crm28sigproc28> call=0 init enlarge wire number in plane 2 from 292 to 302 
[09:13:09.736] D [sigproc ] <OmnibusSigProc:crm28sigproc28> rebase_waveform for plane 0 with m_rebase_nbins = 200 
[09:13:09.748] D [sigproc ] <OmnibusSigProc:crm28sigproc28> call=0 load plane index: 0, ntraces=864, input bad regions: 0 
[09:13:11.621] D [sigproc ] <OmnibusSigProc:crm28sigproc28> rebase_waveform for plane 1 with m_rebase_nbins = 200 
[09:13:11.632] D [sigproc ] <OmnibusSigProc:crm28sigproc28> call=0 load plane index: 1, ntraces=864, input bad regions: 0 
[09:13:13.448] D [sigproc ] <OmnibusSigProc:crm28sigproc28> rebase_waveform for plane 2 with m_rebase_nbins = 200 
[09:13:13.461] D [sigproc ] <OmnibusSigProc:crm28sigproc28> call=0 load plane index: 2, ntraces=864, input bad regions: 0 
[09:13:14.808] D [sigproc ] <OmnibusSigProc:crm28sigproc28> call=0 save plane index: 0, Qtot=805553 Qloss=-13739, 26 indices spanning [0,25] "wiener" 
[09:13:14.976] D [sigproc ] <OmnibusSigProc:crm28sigproc28> call=0 save plane index: 0, Qtot=799815 Qloss=-5544, 18 indices spanning [26,43] "gauss" 
[09:13:15.183] D [sigproc ] <OmnibusSigProc:crm28sigproc28> call=0 save plane index: 1, Qtot=819026 Qloss=-6852, 23 indices spanning [44,66] "wiener" 
[09:13:15.351] D [sigproc ] <OmnibusSigProc:crm28sigproc28> call=0 save plane index: 1, Qtot=807856 Qloss=-2500, 13 indices spanning [67,79] "gauss" 
[09:13:15.577] D [sigproc ] <OmnibusSigProc:crm28sigproc28> call=0 save plane index: 2, Qtot=813912 Qloss=-25578, 35 indices spanning [80,114] "wiener" 
[09:13:15.792] D [sigproc ] <OmnibusSigProc:crm28sigproc28> call=0 save plane index: 2, Qtot=797378 Qloss=-8273, 28 indices spanning [115,142] "gauss" 
[09:13:15.792] D [sigproc ] <OmnibusSigProc:crm28sigproc28> call=0 produce 143 traces: 84 wiener28, 0 decon_charge28, 59 gauss28, frame tag: sigproc 
[09:13:15.792] D [sigproc ] <OmnibusSigProc:crm28sigproc28> call=0 output frame: frame: ident=100 time=164.633 tick=500 with 143 traces.  frame tags:[ "sigproc" ] 2 tagged trace sets:[ "gauss28":59 [0] "wiener28":84 [84] ] cmm:[ ] 
[09:13:15.793] D [  glue  ] <FrameSync:frame-sync-switch-28> port 0 frame 100 
[09:13:15.793] D [  glue  ] <FrameSync:frame-sync-switch-28> port 1 empty 
[09:13:15.793] D [  glue  ] <FrameSync:frame-sync-switch-28> port 0 empty 
[09:13:15.793] D [  glue  ] <FrameSync:frame-sync-switch-28> port 1 empty 
[09:13:15.793] D [  glue  ] <FrameSync:frame-sync-switch-28> oqs size: 1 
[09:13:15.793] D [  glue  ] <FrameSync:frame-sync-switch-94> port 0 empty 
[09:13:15.793] D [  glue  ] <FrameSync:frame-sync-switch-94> port 1 frame 0 
[09:13:15.793] D [  glue  ] <FrameSync:frame-sync-switch-94> port 0 empty 
[09:13:15.793] D [  glue  ] <FrameSync:frame-sync-switch-94> port 1 empty 
[09:13:15.793] D [  glue  ] <FrameSync:frame-sync-switch-94> oqs size: 1 
[09:13:15.793] D [  glue  ] <FrameFanin:sn_mag_fin_2_13> call=0 input 0: frame: ident=0 time=0 tick=0 with  null trace ptr!] 0 tagged trace sets:[ ] cmm:[ ] input 1: frame: ident=0 time=0 tick=0 with  null trace ptr!] 0 tagged trace sets:[ ] cmm:[ ] input 2: frame: ident=0 time=0 tick=0 with  null trace ptr!] 0 tagged trace sets:[ ] cmm:[ ] input 3: frame: ident=0 time=0 tick=0 with  null trace ptr!] 0 tagged trace sets:[ ] cmm:[ ] input 4: frame: ident=0 time=0 tick=0 with  null trace ptr!] 0 tagged trace sets:[ ] cmm:[ ] input 5: frame: ident=0 time=0 tick=0 with  null trace ptr!] 0 tagged trace sets:[ ] cmm:[ ] input 6: frame: ident=0 time=0 tick=0 with  null trace ptr!] 0 tagged trace sets:[ ] cmm:[ ] output: frame: ident=0 time=0 tick=0 with 0 traces.  frame tags:[ "framefanin" ] 0 tagged trace sets:[ ] cmm:[ ] 
[09:13:15.793] D [  glue  ] <FrameFanin:sn_mag_fin_1_6> call=0 input 0: frame: ident=0 time=0 tick=0 with 0 traces.  frame tags:[ "framefanin" ] 0 tagged trace sets:[ ] cmm:[ ] input 1: frame: ident=0 time=0 tick=0 with 0 traces.  frame tags:[ "framefanin" ] 0 tagged trace sets:[ ] cmm:[ ] output: frame: ident=0 time=0 tick=0 with 0 traces.  frame tags:[ "framefanin" ] 0 tagged trace sets:[ ] cmm:[ ] 
[09:13:15.793] D [  glue  ] <DeposOrBust:dorb-switch-37> DeposOrBust: got empty deposet 
[09:13:15.793] D [  glue  ] <FrameSync:frame-sync-switch-37> port 0 empty 
[09:13:15.793] D [  glue  ] <FrameSync:frame-sync-switch-37> port 1 frame 0 
[09:13:15.793] D [  glue  ] <FrameSync:frame-sync-switch-37> port 0 empty 
[09:13:15.793] D [  glue  ] <FrameSync:frame-sync-switch-37> port 1 empty 
[09:13:15.793] D [  glue  ] <FrameSync:frame-sync-switch-37> oqs size: 1 
[09:13:15.793] D [  glue  ] <FrameFanin:sn_mag_fin_2_5> call=0 input 0: frame: ident=0 time=0 tick=0 with  null trace ptr!] 0 tagged trace sets:[ ] cmm:[ ] input 1: frame: ident=0 time=0 tick=0 with  null trace ptr!] 0 tagged trace sets:[ ] cmm:[ ] input 2: frame: ident=0 time=0 tick=0 with  null trace ptr!] 0 tagged trace sets:[ ] cmm:[ ] input 3: frame: ident=0 time=0 tick=0 with  null trace ptr!] 0 tagged trace sets:[ ] cmm:[ ] input 4: frame: ident=0 time=0 tick=0 with  null trace ptr!] 0 tagged trace sets:[ ] cmm:[ ] input 5: frame: ident=0 time=0 tick=0 with  null trace ptr!] 0 tagged trace sets:[ ] cmm:[ ] input 6: frame: ident=0 time=0 tick=0 with  null trace ptr!] 0 tagged trace sets:[ ] cmm:[ ] output: frame: ident=0 time=0 tick=0 with 0 traces.  frame tags:[ "framefanin" ] 0 tagged trace sets:[ ] cmm:[ ] 
[09:13:15.794] D [  glue  ] <DeposOrBust:dorb-switch-70> DeposOrBust: got empty deposet 
[09:13:15.794] D [  glue  ] <FrameSync:frame-sync-switch-70> port 0 empty 
[09:13:15.794] D [  glue  ] <FrameSync:frame-sync-switch-70> port 1 frame 0 
[09:13:15.794] D [  glue  ] <FrameSync:frame-sync-switch-70> port 0 empty 
[09:13:15.794] D [  glue  ] <FrameSync:frame-sync-switch-70> port 1 empty 
[09:13:15.794] D [  glue  ] <FrameSync:frame-sync-switch-70> oqs size: 1 
[09:13:15.794] D [  glue  ] <DeposOrBust:dorb-switch-58> DeposOrBust: got empty deposet 
[09:13:15.794] D [  glue  ] <FrameSync:frame-sync-switch-58> port 0 empty 
[09:13:15.794] D [  glue  ] <FrameSync:frame-sync-switch-58> port 1 frame 0 
[09:13:15.794] D [  glue  ] <FrameSync:frame-sync-switch-58> port 0 empty 
[09:13:15.794] D [  glue  ] <FrameSync:frame-sync-switch-58> port 1 empty 
[09:13:15.794] D [  glue  ] <FrameSync:frame-sync-switch-58> oqs size: 1 
[09:13:15.794] D [  glue  ] <DeposOrBust:dorb-switch-65> DeposOrBust: got empty deposet 
[09:13:15.794] D [  glue  ] <FrameSync:frame-sync-switch-65> port 0 empty 
[09:13:15.794] D [  glue  ] <FrameSync:frame-sync-switch-65> port 1 frame 0 
[09:13:15.794] D [  glue  ] <FrameSync:frame-sync-switch-65> port 0 empty 
[09:13:15.794] D [  glue  ] <FrameSync:frame-sync-switch-65> port 1 empty 
[09:13:15.794] D [  glue  ] <FrameSync:frame-sync-switch-65> oqs size: 1 
[09:13:15.794] D [  gen   ] <DepoSetFilter:ds-filter-switch-71> call=0 depos: input=448 output=0 dropped=-448 
[09:13:15.794] D [  glue  ] <DeposOrBust:dorb-switch-71> DeposOrBust: got empty deposet 
[09:13:15.794] D [  glue  ] <FrameSync:frame-sync-switch-71> port 0 empty 
[09:13:15.794] D [  glue  ] <FrameSync:frame-sync-switch-71> port 1 frame 0 
[09:13:15.794] D [  glue  ] <FrameSync:frame-sync-switch-71> port 0 empty 
[09:13:15.794] D [  glue  ] <FrameSync:frame-sync-switch-71> port 1 empty 
[09:13:15.794] D [  glue  ] <FrameSync:frame-sync-switch-71> oqs size: 1 
[09:13:15.794] D [  glue  ] <FrameSync:frame-sync-switch-102> port 0 empty 
[09:13:15.794] D [  glue  ] <FrameSync:frame-sync-switch-102> port 1 frame 0 
[09:13:15.794] D [  glue  ] <FrameSync:frame-sync-switch-102> port 0 empty 
[09:13:15.794] D [  glue  ] <FrameSync:frame-sync-switch-102> port 1 empty 
[09:13:15.794] D [  glue  ] <FrameSync:frame-sync-switch-102> oqs size: 1 
[09:13:15.794] D [  glue  ] <FrameSync:frame-sync-switch-104> port 0 empty 
[09:13:15.794] D [  glue  ] <FrameSync:frame-sync-switch-104> port 1 frame 0 
[09:13:15.794] D [  glue  ] <FrameSync:frame-sync-switch-104> port 0 empty 
[09:13:15.794] D [  glue  ] <FrameSync:frame-sync-switch-104> port 1 empty 
[09:13:15.794] D [  glue  ] <FrameSync:frame-sync-switch-104> oqs size: 1 
[09:13:15.794] D [  glue  ] <FrameFanin:sn_mag_fin_2_14> call=0 input 0: frame: ident=0 time=0 tick=0 with  null trace ptr!] 0 tagged trace sets:[ ] cmm:[ ] input 1: frame: ident=0 time=0 tick=0 with  null trace ptr!] 0 tagged trace sets:[ ] cmm:[ ] input 2: frame: ident=0 time=0 tick=0 with  null trace ptr!] 0 tagged trace sets:[ ] cmm:[ ] input 3: frame: ident=0 time=0 tick=0 with  null trace ptr!] 0 tagged trace sets:[ ] cmm:[ ] input 4: frame: ident=0 time=0 tick=0 with  null trace ptr!] 0 tagged trace sets:[ ] cmm:[ ] input 5: frame: ident=0 time=0 tick=0 with  null trace ptr!] 0 tagged trace sets:[ ] cmm:[ ] input 6: frame: ident=0 time=0 tick=0 with  null trace ptr!] 0 tagged trace sets:[ ] cmm:[ ] output: frame: ident=0 time=0 tick=0 with 0 traces.  frame tags:[ "framefanin" ] 0 tagged trace sets:[ ] cmm:[ ] 
[09:13:15.794] D [  glue  ] <FrameSync:frame-sync-switch-109> port 0 empty 
[09:13:15.794] D [  glue  ] <FrameSync:frame-sync-switch-109> port 1 frame 0 
[09:13:15.794] D [  glue  ] <FrameSync:frame-sync-switch-109> port 0 empty 
[09:13:15.794] D [  glue  ] <FrameSync:frame-sync-switch-109> port 1 empty 
[09:13:15.794] D [  glue  ] <FrameSync:frame-sync-switch-109> oqs size: 1 
[09:13:15.794] D [  glue  ] <FrameFanin:sn_mag_fin_2_15> call=0 input 0: frame: ident=0 time=0 tick=0 with  null trace ptr!] 0 tagged trace sets:[ ] cmm:[ ] input 1: frame: ident=0 time=0 tick=0 with  null trace ptr!] 0 tagged trace sets:[ ] cmm:[ ] input 2: frame: ident=0 time=0 tick=0 with  null trace ptr!] 0 tagged trace sets:[ ] cmm:[ ] input 3: frame: ident=0 time=0 tick=0 with  null trace ptr!] 0 tagged trace sets:[ ] cmm:[ ] input 4: frame: ident=0 time=0 tick=0 with  null trace ptr!] 0 tagged trace sets:[ ] cmm:[ ] input 5: frame: ident=0 time=0 tick=0 with  null trace ptr!] 0 tagged trace sets:[ ] cmm:[ ] input 6: frame: ident=0 time=0 tick=0 with  null trace ptr!] 0 tagged trace sets:[ ] cmm:[ ] output: frame: ident=0 time=0 tick=0 with 0 traces.  frame tags:[ "framefanin" ] 0 tagged trace sets:[ ] cmm:[ ] 
[09:13:15.794] D [  glue  ] <FrameFanin:sn_mag_fin_1_7> call=0 input 0: frame: ident=0 time=0 tick=0 with 0 traces.  frame tags:[ "framefanin" ] 0 tagged trace sets:[ ] cmm:[ ] input 1: frame: ident=0 time=0 tick=0 with 0 traces.  frame tags:[ "framefanin" ] 0 tagged trace sets:[ ] cmm:[ ] output: frame: ident=0 time=0 tick=0 with 0 traces.  frame tags:[ "framefanin" ] 0 tagged trace sets:[ ] cmm:[ ] 
[09:13:15.794] D [  glue  ] <DeposOrBust:dorb-switch-26> DeposOrBust: got empty deposet 
[09:13:15.794] D [  glue  ] <FrameSync:frame-sync-switch-26> port 0 empty 
[09:13:15.794] D [  glue  ] <FrameSync:frame-sync-switch-26> port 1 frame 0 
[09:13:15.794] D [  glue  ] <FrameSync:frame-sync-switch-26> port 0 empty 
[09:13:15.794] D [  glue  ] <FrameSync:frame-sync-switch-26> port 1 empty 
[09:13:15.794] D [  glue  ] <FrameSync:frame-sync-switch-26> oqs size: 1 
[09:13:15.794] D [  glue  ] <FrameFanin:sn_mag_fin_2_3> call=0 input 0: frame: ident=100 time=164.633 tick=500 with 0 traces.  frame tags:[ "sigproc" ] 2 tagged trace sets:[ "gauss21":0 [0] "wiener21":0 [0] ] cmm:[ ] input 1: frame: ident=0 time=0 tick=0 with  null trace ptr!] 0 tagged trace sets:[ ] cmm:[ ] input 2: frame: ident=0 time=0 tick=0 with  null trace ptr!] 0 tagged trace sets:[ ] cmm:[ ] input 3: frame: ident=0 time=0 tick=0 with  null trace ptr!] 0 tagged trace sets:[ ] cmm:[ ] input 4: frame: ident=0 time=0 tick=0 with  null trace ptr!] 0 tagged trace sets:[ ] cmm:[ ] input 5: frame: ident=0 time=0 tick=0 with  null trace ptr!] 0 tagged trace sets:[ ] cmm:[ ] input 6: frame: ident=0 time=0 tick=0 with  null trace ptr!] 0 tagged trace sets:[ ] cmm:[ ] output: frame: ident=100 time=164.633 tick=500 with 0 traces.  frame tags:[ "framefanin" ] 2 tagged trace sets:[ "gauss21":0 [0] "wiener21":0 [0] ] cmm:[ ] 
[09:13:15.795] D [  glue  ] <FrameFanin:sn_mag_fin_1_1> call=0 input 0: frame: ident=0 time=0 tick=0 with 75 traces.  frame tags:[ "framefanin" ] 2 tagged trace sets:[ "gauss20":31 [0] "wiener20":44 [44] ] cmm:[ ] input 1: frame: ident=100 time=164.633 tick=500 with 0 traces.  frame tags:[ "framefanin" ] 2 tagged trace sets:[ "gauss21":0 [0] "wiener21":0 [0] ] cmm:[ ] output: frame: ident=0 time=0 tick=0 with 75 traces.  frame tags:[ "framefanin" ] 4 tagged trace sets:[ "gauss20":31 [0] "gauss21":0 [0] "wiener20":44 [44] "wiener21":0 [0] ] cmm:[ ] 
[09:13:15.795] D [  gen   ] <DepoSetFilter:ds-filter-switch-33> call=0 depos: input=448 output=0 dropped=-448 
[09:13:15.795] D [  glue  ] <DeposOrBust:dorb-switch-33> DeposOrBust: got empty deposet 
[09:13:15.795] D [  glue  ] <FrameSync:frame-sync-switch-33> port 0 empty 
[09:13:15.795] D [  glue  ] <FrameSync:frame-sync-switch-33> port 1 frame 0 
[09:13:15.795] D [  glue  ] <FrameSync:frame-sync-switch-33> port 0 empty 
[09:13:15.795] D [  glue  ] <FrameSync:frame-sync-switch-33> port 1 empty 
[09:13:15.795] D [  glue  ] <FrameSync:frame-sync-switch-33> oqs size: 1 
[09:13:15.795] D [  glue  ] <FrameFanin:sn_mag_fin_2_4> call=0 input 0: frame: ident=100 time=164.633 tick=500 with 143 traces.  frame tags:[ "sigproc" ] 2 tagged trace sets:[ "gauss28":59 [0] "wiener28":84 [84] ] cmm:[ ] input 1: frame: ident=100 time=164.633 tick=500 with 89 traces.  frame tags:[ "sigproc" ] 2 tagged trace sets:[ "gauss29":31 [0] "wiener29":58 [58] ] cmm:[ ] input 2: frame: ident=0 time=0 tick=0 with  null trace ptr!] 0 tagged trace sets:[ ] cmm:[ ] input 3: frame: ident=0 time=0 tick=0 with  null trace ptr!] 0 tagged trace sets:[ ] cmm:[ ] input 4: frame: ident=0 time=0 tick=0 with  null trace ptr!] 0 tagged trace sets:[ ] cmm:[ ] input 5: frame: ident=0 time=0 tick=0 with  null trace ptr!] 0 tagged trace sets:[ ] cmm:[ ] input 6: frame: ident=0 time=0 tick=0 with  null trace ptr!] 0 tagged trace sets:[ ] cmm:[ ] output: frame: ident=100 time=164.633 tick=500 with 232 traces.  frame tags:[ "framefanin" ] 4 tagged trace sets:[ "gauss28":59 [0] "gauss29":31 [0] "wiener28":84 [84] "wiener29":58 [58] ] cmm:[ ] 
[09:13:15.796] D [  glue  ] <FrameFanin:sn_mag_fin_1_2> call=0 input 0: frame: ident=100 time=164.633 tick=500 with 232 traces.  frame tags:[ "framefanin" ] 4 tagged trace sets:[ "gauss28":59 [0] "gauss29":31 [0] "wiener28":84 [84] "wiener29":58 [58] ] cmm:[ ] input 1: frame: ident=0 time=0 tick=0 with 0 traces.  frame tags:[ "framefanin" ] 0 tagged trace sets:[ ] cmm:[ ] output: frame: ident=100 time=164.633 tick=500 with 232 traces.  frame tags:[ "framefanin" ] 4 tagged trace sets:[ "gauss28":59 [0] "gauss29":31 [0] "wiener28":84 [84] "wiener29":58 [58] ] cmm:[ ] 
[09:13:15.796] D [  glue  ] <DeposOrBust:dorb-switch-61> DeposOrBust: got empty deposet 
[09:13:15.796] D [  glue  ] <FrameSync:frame-sync-switch-61> port 0 empty 
[09:13:15.796] D [  glue  ] <FrameSync:frame-sync-switch-61> port 1 frame 0 
[09:13:15.796] D [  glue  ] <FrameSync:frame-sync-switch-61> port 0 empty 
[09:13:15.796] D [  glue  ] <FrameSync:frame-sync-switch-61> port 1 empty 
[09:13:15.796] D [  glue  ] <FrameSync:frame-sync-switch-61> oqs size: 1 
[09:13:15.796] D [  glue  ] <FrameFanin:sn_mag_fin_2_8> call=0 input 0: frame: ident=0 time=0 tick=0 with  null trace ptr!] 0 tagged trace sets:[ ] cmm:[ ] input 1: frame: ident=0 time=0 tick=0 with  null trace ptr!] 0 tagged trace sets:[ ] cmm:[ ] input 2: frame: ident=0 time=0 tick=0 with  null trace ptr!] 0 tagged trace sets:[ ] cmm:[ ] input 3: frame: ident=0 time=0 tick=0 with  null trace ptr!] 0 tagged trace sets:[ ] cmm:[ ] input 4: frame: ident=0 time=0 tick=0 with  null trace ptr!] 0 tagged trace sets:[ ] cmm:[ ] input 5: frame: ident=0 time=0 tick=0 with  null trace ptr!] 0 tagged trace sets:[ ] cmm:[ ] input 6: frame: ident=0 time=0 tick=0 with  null trace ptr!] 0 tagged trace sets:[ ] cmm:[ ] output: frame: ident=0 time=0 tick=0 with 0 traces.  frame tags:[ "framefanin" ] 0 tagged trace sets:[ ] cmm:[ ] 
[09:13:15.796] D [  gen   ] <DepoSetFilter:ds-filter-switch-64> call=0 depos: input=448 output=0 dropped=-448 
[09:13:15.796] D [  glue  ] <DeposOrBust:dorb-switch-64> DeposOrBust: got empty deposet 
[09:13:15.796] D [  glue  ] <FrameSync:frame-sync-switch-64> port 0 empty 
[09:13:15.796] D [  glue  ] <FrameSync:frame-sync-switch-64> port 1 frame 0 
[09:13:15.796] D [  glue  ] <FrameSync:frame-sync-switch-64> port 0 empty 
[09:13:15.796] D [  glue  ] <FrameSync:frame-sync-switch-64> port 1 empty 
[09:13:15.796] D [  glue  ] <FrameSync:frame-sync-switch-64> oqs size: 1 
[09:13:15.796] D [  glue  ] <FrameFanin:sn_mag_fin_2_9> call=0 input 0: frame: ident=0 time=0 tick=0 with  null trace ptr!] 0 tagged trace sets:[ ] cmm:[ ] input 1: frame: ident=0 time=0 tick=0 with  null trace ptr!] 0 tagged trace sets:[ ] cmm:[ ] input 2: frame: ident=0 time=0 tick=0 with  null trace ptr!] 0 tagged trace sets:[ ] cmm:[ ] input 3: frame: ident=0 time=0 tick=0 with  null trace ptr!] 0 tagged trace sets:[ ] cmm:[ ] input 4: frame: ident=0 time=0 tick=0 with  null trace ptr!] 0 tagged trace sets:[ ] cmm:[ ] input 5: frame: ident=0 time=0 tick=0 with  null trace ptr!] 0 tagged trace sets:[ ] cmm:[ ] input 6: frame: ident=0 time=0 tick=0 with  null trace ptr!] 0 tagged trace sets:[ ] cmm:[ ] output: frame: ident=0 time=0 tick=0 with 0 traces.  frame tags:[ "framefanin" ] 0 tagged trace sets:[ ] cmm:[ ] 
[09:13:15.796] D [  glue  ] <FrameFanin:sn_mag_fin_1_4> call=0 input 0: frame: ident=0 time=0 tick=0 with 0 traces.  frame tags:[ "framefanin" ] 0 tagged trace sets:[ ] cmm:[ ] input 1: frame: ident=0 time=0 tick=0 with 0 traces.  frame tags:[ "framefanin" ] 0 tagged trace sets:[ ] cmm:[ ] output: frame: ident=0 time=0 tick=0 with 0 traces.  frame tags:[ "framefanin" ] 0 tagged trace sets:[ ] cmm:[ ] 
[09:13:15.796] D [  gen   ] <DepoSetFilter:ds-filter-switch-73> call=0 depos: input=448 output=0 dropped=-448 
[09:13:15.796] D [  glue  ] <DeposOrBust:dorb-switch-73> DeposOrBust: got empty deposet 
[09:13:15.796] D [  glue  ] <FrameSync:frame-sync-switch-73> port 0 empty 
[09:13:15.796] D [  glue  ] <FrameSync:frame-sync-switch-73> port 1 frame 0 
[09:13:15.796] D [  glue  ] <FrameSync:frame-sync-switch-73> port 0 empty 
[09:13:15.796] D [  glue  ] <FrameSync:frame-sync-switch-73> port 1 empty 
[09:13:15.796] D [  glue  ] <FrameSync:frame-sync-switch-73> oqs size: 1 
[09:13:15.796] D [  glue  ] <FrameFanin:sn_mag_fin_2_10> call=0 input 0: frame: ident=0 time=0 tick=0 with  null trace ptr!] 0 tagged trace sets:[ ] cmm:[ ] input 1: frame: ident=0 time=0 tick=0 with  null trace ptr!] 0 tagged trace sets:[ ] cmm:[ ] input 2: frame: ident=0 time=0 tick=0 with  null trace ptr!] 0 tagged trace sets:[ ] cmm:[ ] input 3: frame: ident=0 time=0 tick=0 with  null trace ptr!] 0 tagged trace sets:[ ] cmm:[ ] input 4: frame: ident=0 time=0 tick=0 with  null trace ptr!] 0 tagged trace sets:[ ] cmm:[ ] input 5: frame: ident=0 time=0 tick=0 with  null trace ptr!] 0 tagged trace sets:[ ] cmm:[ ] input 6: frame: ident=0 time=0 tick=0 with  null trace ptr!] 0 tagged trace sets:[ ] cmm:[ ] output: frame: ident=0 time=0 tick=0 with 0 traces.  frame tags:[ "framefanin" ] 0 tagged trace sets:[ ] cmm:[ ] 
[09:13:15.796] D [  glue  ] <FrameFanin:sn_mag_fin_1_5> call=0 input 0: frame: ident=0 time=0 tick=0 with 0 traces.  frame tags:[ "framefanin" ] 0 tagged trace sets:[ ] cmm:[ ] input 1: frame: ident=0 time=0 tick=0 with 0 traces.  frame tags:[ "framefanin" ] 0 tagged trace sets:[ ] cmm:[ ] output: frame: ident=0 time=0 tick=0 with 0 traces.  frame tags:[ "framefanin" ] 0 tagged trace sets:[ ] cmm:[ ] 
[09:13:15.797] D [  glue  ] <FrameFanin:sn_mag_fin_0_0> call=0 input 0: frame: ident=0 time=0 tick=0 with 0 traces.  frame tags:[ "framefanin" ] 0 tagged trace sets:[ ] cmm:[ ] input 1: frame: ident=0 time=0 tick=0 with 75 traces.  frame tags:[ "framefanin" ] 4 tagged trace sets:[ "gauss20":31 [0] "gauss21":0 [0] "wiener20":44 [44] "wiener21":0 [0] ] cmm:[ ] input 2: frame: ident=100 time=164.633 tick=500 with 232 traces.  frame tags:[ "framefanin" ] 4 tagged trace sets:[ "gauss28":59 [0] "gauss29":31 [0] "wiener28":84 [84] "wiener29":58 [58] ] cmm:[ ] input 3: frame: ident=0 time=0 tick=0 with 0 traces.  frame tags:[ "framefanin" ] 0 tagged trace sets:[ ] cmm:[ ] input 4: frame: ident=0 time=0 tick=0 with 0 traces.  frame tags:[ "framefanin" ] 0 tagged trace sets:[ ] cmm:[ ] input 5: frame: ident=0 time=0 tick=0 with 0 traces.  frame tags:[ "framefanin" ] 0 tagged trace sets:[ ] cmm:[ ] input 6: frame: ident=0 time=0 tick=0 with 0 traces.  frame tags:[ "framefanin" ] 0 tagged trace sets:[ ] cmm:[ ] input 7: frame: ident=0 time=0 tick=0 with 0 traces.  frame tags:[ "framefanin" ] 0 tagged trace sets:[ ] cmm:[ ] output: frame: ident=0 time=0 tick=0 with 307 traces.  frame tags:[ "framefanin" ] 8 tagged trace sets:[ "gauss20":31 [0] "gauss21":0 [0] "gauss28":59 [0] "gauss29":31 [0] "wiener20":44 [44] "wiener21":0 [0] "wiener28":84 [84] "wiener29":58 [58] ] cmm:[ ] 
Retagger: tagging trace set: wiener with 186 traces, 186 summary
Retagger: tagging trace set: gauss with 121 traces, 0 summary
[09:13:15.797] D [  glue  ] sink frame: #0 @0 with 307 traces, frame tags:[retagger], trace tags:[gauss, wiener]
[09:13:15.798] D [  tbb   ] WireCell::IFrameFilter "crm21sigproc21" calls=1 time=6087 mean=6087 max=6087 [ms]
[09:13:15.798] D [  tbb   ] WireCell::IFrameFilter "crm29sigproc29" calls=1 time=6086 mean=6086 max=6086 [ms]
[09:13:15.798] D [  tbb   ] WireCell::IFrameFilter "crm28sigproc28" calls=1 time=6069 mean=6069 max=6069 [ms]
[09:13:15.798] D [  tbb   ] WireCell::IFrameFilter "crm20sigproc20" calls=1 time=6039 mean=6039 max=6039 [ms]
[09:13:15.798] D [  tbb   ] WireCell::IDepoFramer "ductor28" calls=1 time=275 mean=275 max=275 [ms]
[09:13:15.798] D [  tbb   ] WireCell::IDepoFramer "ductor20" calls=1 time=245 mean=245 max=245 [ms]
[09:13:15.798] D [  tbb   ] WireCell::IFrameFilter "digitizer28" calls=1 time=202 mean=202 max=202 [ms]
[09:13:15.798] D [  tbb   ] WireCell::IFrameFilter "digitizer29" calls=1 time=178 mean=178 max=178 [ms]
[09:13:15.798] D [  tbb   ] WireCell::IFrameFilter "digitizer21" calls=1 time=176 mean=176 max=176 [ms]
[09:13:15.798] D [  tbb   ] WireCell::IDepoFramer "ductor29" calls=1 time=175 mean=175 max=175 [ms]
[09:13:15.798] D [  tbb   ] WireCell::IFrameFilter "digitizer20" calls=1 time=174 mean=174 max=174 [ms]
[09:13:15.798] D [  tbb   ] WireCell::IFrameFilter "addnoisecrm28" calls=1 time=151 mean=151 max=151 [ms]
[09:13:15.798] D [  tbb   ] WireCell::IFrameFilter "addnoisecrm29" calls=1 time=144 mean=144 max=144 [ms]
[09:13:15.798] D [  tbb   ] WireCell::IFrameFilter "addnoisecrm21" calls=1 time=141 mean=141 max=141 [ms]
[09:13:15.798] D [  tbb   ] WireCell::IFrameFilter "addnoisecrm20" calls=1 time=138 mean=138 max=138 [ms]
[09:13:15.798] D [  tbb   ] WireCell::IDepoFramer "ductor21" calls=1 time=101 mean=101 max=101 [ms]
[09:13:15.798] D [  tbb   ] WireCell::IFrameFilter "reframer28" calls=1 time=9 mean=9 max=9 [ms]
[09:13:15.798] D [  tbb   ] WireCell::IFrameFilter "reframer20" calls=1 time=9 mean=9 max=9 [ms]
[09:13:15.798] D [  tbb   ] WireCell::IFrameFilter "reframer29" calls=1 time=9 mean=9 max=9 [ms]
[09:13:15.798] D [  tbb   ] WireCell::IFrameFilter "reframer21" calls=1 time=8 mean=8 max=8 [ms]
[09:13:15.798] D [  tbb   ] WireCell::IFrameFanin "(unknown)" calls=1 time=0 mean=0 max=0 [ms]
[09:13:15.798] D [  tbb   ] WireCell::IDepoSetFilter "" calls=1 time=0 mean=0 max=0 [ms]
[09:13:15.798] D [  tbb   ] WireCell::IFrameFanin "(unknown)" calls=1 time=0 mean=0 max=0 [ms]
[09:13:15.798] D [  tbb   ] WireCell::IFrameFanin "(unknown)" calls=1 time=0 mean=0 max=0 [ms]
[09:13:15.798] D [  tbb   ] WireCell::IFrameFanin "(unknown)" calls=1 time=0 mean=0 max=0 [ms]
[09:13:15.798] D [  tbb   ] WireCell::IFrameFanin "(unknown)" calls=1 time=0 mean=0 max=0 [ms]
[09:13:15.798] D [  tbb   ] WireCell::IFrameFanin "(unknown)" calls=1 time=0 mean=0 max=0 [ms]
[09:13:15.798] D [  tbb   ] WireCell::IDepos2DeposOrFrame "(unknown)" calls=1 time=0 mean=0 max=0 [ms]
[09:13:15.798] D [  tbb   ] WireCell::IFrameFanin "(unknown)" calls=1 time=0 mean=0 max=0 [ms]
[09:13:15.798] D [  tbb   ] WireCell::IFrameFanin "(unknown)" calls=1 time=0 mean=0 max=0 [ms]
[09:13:15.798] D [  tbb   ] WireCell::IFrameFilter "(unknown)" calls=1 time=0 mean=0 max=0 [ms]
[09:13:15.798] D [  tbb   ] WireCell::IFrameFanin "(unknown)" calls=1 time=0 mean=0 max=0 [ms]
[09:13:15.798] D [  tbb   ] WireCell::IFrameFanin "(unknown)" calls=1 time=0 mean=0 max=0 [ms]
[09:13:15.798] D [  tbb   ] WireCell::IDepoSetFanout "sn_mag_fout_0_0" calls=1 time=0 mean=0 max=0 [ms]
[09:13:15.798] D [  tbb   ] WireCell::IFrameFanin "(unknown)" calls=1 time=0 mean=0 max=0 [ms]
[09:13:15.798] D [  tbb   ] WireCell::IFrameFanin "(unknown)" calls=1 time=0 mean=0 max=0 [ms]
[09:13:15.798] D [  tbb   ] WireCell::IFrameMerge "(unknown)" calls=1 time=0 mean=0 max=0 [ms]
[09:13:15.798] D [  tbb   ] WireCell::IFrameFanin "(unknown)" calls=1 time=0 mean=0 max=0 [ms]
[09:13:15.798] D [  tbb   ] WireCell::IFrameFanin "(unknown)" calls=1 time=0 mean=0 max=0 [ms]
[09:13:15.798] D [  tbb   ] WireCell::IFrameFanin "(unknown)" calls=1 time=0 mean=0 max=0 [ms]
[09:13:15.798] D [  tbb   ] WireCell::IFrameFanin "(unknown)" calls=1 time=0 mean=0 max=0 [ms]
[09:13:15.798] D [  tbb   ] WireCell::IFrameFanin "(unknown)" calls=1 time=0 mean=0 max=0 [ms]
[09:13:15.798] D [  tbb   ] WireCell::IFrameFanin "(unknown)" calls=1 time=0 mean=0 max=0 [ms]
[09:13:15.798] D [  tbb   ] WireCell::IFrameMerge "(unknown)" calls=1 time=0 mean=0 max=0 [ms]
[09:13:15.798] D [  tbb   ] WireCell::IFrameFanin "(unknown)" calls=1 time=0 mean=0 max=0 [ms]
[09:13:15.798] D [  tbb   ] WireCell::IDepoSetFilter "ds-filter-switch-22" calls=1 time=0 mean=0 max=0 [ms]
[09:13:15.798] D [  tbb   ] WireCell::IFrameMerge "(unknown)" calls=1 time=0 mean=0 max=0 [ms]
[09:13:15.798] D [  tbb   ] WireCell::IFrameMerge "(unknown)" calls=1 time=0 mean=0 max=0 [ms]
[09:13:15.798] D [  tbb   ] WireCell::IFrameMerge "(unknown)" calls=1 time=0 mean=0 max=0 [ms]
[09:13:15.798] D [  tbb   ] WireCell::IDepoSetFilter "ds-filter-switch-53" calls=1 time=0 mean=0 max=0 [ms]
[09:13:15.798] D [  tbb   ] WireCell::IDepoSetFilter "ds-filter-switch-77" calls=1 time=0 mean=0 max=0 [ms]
[09:13:15.798] D [  tbb   ] WireCell::IDepoSetFilter "ds-filter-switch-21" calls=1 time=0 mean=0 max=0 [ms]
[09:13:15.798] D [  tbb   ] WireCell::IDepoSetFilter "ds-filter-switch-71" calls=1 time=0 mean=0 max=0 [ms]
[09:13:15.798] D [  tbb   ] WireCell::IDepoSetFilter "ds-filter-switch-28" calls=1 time=0 mean=0 max=0 [ms]
[09:13:15.798] D [  tbb   ] WireCell::IDepoSetFilter "ds-filter-switch-33" calls=1 time=0 mean=0 max=0 [ms]
[09:13:15.798] D [  tbb   ] WireCell::IFrameFanin "(unknown)" calls=1 time=0 mean=0 max=0 [ms]
[09:13:15.798] D [  tbb   ] WireCell::IFrameMerge "(unknown)" calls=1 time=0 mean=0 max=0 [ms]
[09:13:15.798] D [  tbb   ] WireCell::IDepoSetSource "(unknown)" calls=2 time=0 mean=0 max=0 [ms]
[09:13:15.798] D [  tbb   ] WireCell::IFrameFanin "(unknown)" calls=1 time=0 mean=0 max=0 [ms]
[09:13:15.798] D [  tbb   ] WireCell::IFrameMerge "(unknown)" calls=1 time=0 mean=0 max=0 [ms]
[09:13:15.798] D [  tbb   ] WireCell::IDepoSetFanout "sn_mag_fout_1_3" calls=1 time=0 mean=0 max=0 [ms]
[09:13:15.798] D [  tbb   ] WireCell::IFrameFanin "(unknown)" calls=1 time=0 mean=0 max=0 [ms]
[09:13:15.798] D [  tbb   ] WireCell::IFrameFanin "(unknown)" calls=1 time=0 mean=0 max=0 [ms]
[09:13:15.798] D [  tbb   ] WireCell::IFrameFanin "(unknown)" calls=1 time=0 mean=0 max=0 [ms]
[09:13:15.798] D [  tbb   ] WireCell::IFrameMerge "(unknown)" calls=1 time=0 mean=0 max=0 [ms]
[09:13:15.798] D [  tbb   ] WireCell::IFrameFanin "(unknown)" calls=1 time=0 mean=0 max=0 [ms]
[09:13:15.798] D [  tbb   ] WireCell::IFrameMerge "(unknown)" calls=1 time=0 mean=0 max=0 [ms]
[09:13:15.798] D [  tbb   ] WireCell::IFrameMerge "(unknown)" calls=1 time=0 mean=0 max=0 [ms]
[09:13:15.798] D [  tbb   ] WireCell::IDepoSetFilter "ds-filter-switch-64" calls=1 time=0 mean=0 max=0 [ms]
[09:13:15.798] D [  tbb   ] WireCell::IDepoSetFilter "ds-filter-switch-29" calls=1 time=0 mean=0 max=0 [ms]
[09:13:15.798] D [  tbb   ] WireCell::IDepoSetFilter "ds-filter-switch-12" calls=1 time=0 mean=0 max=0 [ms]
[09:13:15.798] D [  tbb   ] WireCell::IFrameMerge "(unknown)" calls=1 time=0 mean=0 max=0 [ms]
[09:13:15.798] D [  tbb   ] WireCell::IDepoSetFilter "ds-filter-switch-68" calls=1 time=0 mean=0 max=0 [ms]
[09:13:15.798] D [  tbb   ] WireCell::IFrameMerge "(unknown)" calls=1 time=0 mean=0 max=0 [ms]
[09:13:15.798] D [  tbb   ] WireCell::IDepoSetFilter "ds-filter-switch-20" calls=1 time=0 mean=0 max=0 [ms]
[09:13:15.798] D [  tbb   ] WireCell::IDepoSetFilter "ds-filter-switch-54" calls=1 time=0 mean=0 max=0 [ms]
[09:13:15.798] D [  tbb   ] WireCell::IFrameMerge "(unknown)" calls=1 time=0 mean=0 max=0 [ms]
[09:13:15.798] D [  tbb   ] WireCell::IFrameMerge "(unknown)" calls=1 time=0 mean=0 max=0 [ms]
[09:13:15.798] D [  tbb   ] WireCell::IDepoSetFilter "ds-filter-switch-0" calls=1 time=0 mean=0 max=0 [ms]
[09:13:15.798] D [  tbb   ] WireCell::IDepoSetFilter "ds-filter-switch-31" calls=1 time=0 mean=0 max=0 [ms]
[09:13:15.798] D [  tbb   ] WireCell::IFrameMerge "(unknown)" calls=1 time=0 mean=0 max=0 [ms]
[09:13:15.798] D [  tbb   ] WireCell::IDepoSetFilter "ds-filter-switch-11" calls=1 time=0 mean=0 max=0 [ms]
[09:13:15.798] D [  tbb   ] WireCell::IDepoSetFilter "ds-filter-switch-1" calls=1 time=0 mean=0 max=0 [ms]
[09:13:15.798] D [  tbb   ] WireCell::IFrameMerge "(unknown)" calls=1 time=0 mean=0 max=0 [ms]
[09:13:15.798] D [  tbb   ] WireCell::IFrameMerge "(unknown)" calls=1 time=0 mean=0 max=0 [ms]
[09:13:15.798] D [  tbb   ] WireCell::IFrameMerge "(unknown)" calls=1 time=0 mean=0 max=0 [ms]
[09:13:15.798] D [  tbb   ] WireCell::IDepoSetFilter "ds-filter-switch-32" calls=1 time=0 mean=0 max=0 [ms]
[09:13:15.798] D [  tbb   ] WireCell::IFrameMerge "(unknown)" calls=1 time=0 mean=0 max=0 [ms]
[09:13:15.798] D [  tbb   ] WireCell::IFrameMerge "(unknown)" calls=1 time=0 mean=0 max=0 [ms]
[09:13:15.798] D [  tbb   ] WireCell::IFrameMerge "(unknown)" calls=1 time=0 mean=0 max=0 [ms]
[09:13:15.798] D [  tbb   ] WireCell::IFrameMerge "(unknown)" calls=1 time=0 mean=0 max=0 [ms]
[09:13:15.798] D [  tbb   ] WireCell::IFrameMerge "(unknown)" calls=1 time=0 mean=0 max=0 [ms]
[09:13:15.798] D [  tbb   ] WireCell::IDepoSetFilter "ds-filter-switch-106" calls=1 time=0 mean=0 max=0 [ms]
[09:13:15.798] D [  tbb   ] WireCell::IDepoSetFilter "ds-filter-switch-90" calls=1 time=0 mean=0 max=0 [ms]
[09:13:15.798] D [  tbb   ] WireCell::IDepoSetFilter "ds-filter-switch-36" calls=1 time=0 mean=0 max=0 [ms]
[09:13:15.798] D [  tbb   ] WireCell::IFrameMerge "(unknown)" calls=1 time=0 mean=0 max=0 [ms]
[09:13:15.798] D [  tbb   ] WireCell::IDepoSetFilter "ds-filter-switch-73" calls=1 time=0 mean=0 max=0 [ms]
[09:13:15.798] D [  tbb   ] WireCell::IFrameMerge "(unknown)" calls=1 time=0 mean=0 max=0 [ms]
[09:13:15.798] D [  tbb   ] WireCell::IDepoSetFilter "ds-filter-switch-7" calls=1 time=0 mean=0 max=0 [ms]
[09:13:15.798] D [  tbb   ] WireCell::IFrameMerge "(unknown)" calls=1 time=0 mean=0 max=0 [ms]
[09:13:15.798] D [  tbb   ] WireCell::IFrameMerge "(unknown)" calls=1 time=0 mean=0 max=0 [ms]
[09:13:15.798] D [  tbb   ] WireCell::IFrameMerge "(unknown)" calls=1 time=0 mean=0 max=0 [ms]
[09:13:15.798] D [  tbb   ] WireCell::IFrameMerge "(unknown)" calls=1 time=0 mean=0 max=0 [ms]
[09:13:15.798] D [  tbb   ] WireCell::IFrameMerge "(unknown)" calls=1 time=0 mean=0 max=0 [ms]
[09:13:15.798] D [  tbb   ] WireCell::IDepoSetFilter "ds-filter-switch-37" calls=1 time=0 mean=0 max=0 [ms]
[09:13:15.798] D [  tbb   ] WireCell::IDepoSetFilter "ds-filter-switch-44" calls=1 time=0 mean=0 max=0 [ms]
[09:13:15.798] D [  tbb   ] WireCell::IFrameMerge "(unknown)" calls=1 time=0 mean=0 max=0 [ms]
[09:13:15.798] D [  tbb   ] WireCell::IFrameMerge "(unknown)" calls=1 time=0 mean=0 max=0 [ms]
[09:13:15.798] D [  tbb   ] WireCell::IFrameMerge "(unknown)" calls=1 time=0 mean=0 max=0 [ms]
[09:13:15.798] D [  tbb   ] WireCell::IFrameMerge "(unknown)" calls=1 time=0 mean=0 max=0 [ms]
[09:13:15.798] D [  tbb   ] WireCell::IFrameMerge "(unknown)" calls=1 time=0 mean=0 max=0 [ms]
[09:13:15.798] D [  tbb   ] WireCell::IDepoSetFilter "ds-filter-switch-42" calls=1 time=0 mean=0 max=0 [ms]
[09:13:15.798] D [  tbb   ] WireCell::IDepoSetFilter "ds-filter-switch-72" calls=1 time=0 mean=0 max=0 [ms]
[09:13:15.798] D [  tbb   ] WireCell::IFrameMerge "(unknown)" calls=1 time=0 mean=0 max=0 [ms]
[09:13:15.798] D [  tbb   ] WireCell::IFrameMerge "(unknown)" calls=1 time=0 mean=0 max=0 [ms]
[09:13:15.798] D [  tbb   ] WireCell::IFrameMerge "(unknown)" calls=1 time=0 mean=0 max=0 [ms]
[09:13:15.798] D [  tbb   ] WireCell::IFrameMerge "(unknown)" calls=1 time=0 mean=0 max=0 [ms]
[09:13:15.798] D [  tbb   ] WireCell::IDepoSetFilter "ds-filter-switch-76" calls=1 time=0 mean=0 max=0 [ms]
[09:13:15.798] D [  tbb   ] WireCell::IDepoSetFilter "ds-filter-switch-56" calls=1 time=0 mean=0 max=0 [ms]
[09:13:15.798] D [  tbb   ] WireCell::IFrameMerge "(unknown)" calls=1 time=0 mean=0 max=0 [ms]
[09:13:15.798] D [  tbb   ] WireCell::IFrameMerge "(unknown)" calls=1 time=0 mean=0 max=0 [ms]
[09:13:15.798] D [  tbb   ] WireCell::IDepoSetFilter "ds-filter-switch-50" calls=1 time=0 mean=0 max=0 [ms]
[09:13:15.798] D [  tbb   ] WireCell::IDepoSetFilter "ds-filter-switch-66" calls=1 time=0 mean=0 max=0 [ms]
[09:13:15.798] D [  tbb   ] WireCell::IFrameMerge "(unknown)" calls=1 time=0 mean=0 max=0 [ms]
[09:13:15.798] D [  tbb   ] WireCell::IFrameMerge "(unknown)" calls=1 time=0 mean=0 max=0 [ms]
[09:13:15.798] D [  tbb   ] WireCell::IFrameMerge "(unknown)" calls=1 time=0 mean=0 max=0 [ms]
[09:13:15.798] D [  tbb   ] WireCell::IFrameMerge "(unknown)" calls=1 time=0 mean=0 max=0 [ms]
[09:13:15.798] D [  tbb   ] WireCell::IFrameMerge "(unknown)" calls=1 time=0 mean=0 max=0 [ms]
[09:13:15.798] D [  tbb   ] WireCell::IFrameMerge "(unknown)" calls=1 time=0 mean=0 max=0 [ms]
[09:13:15.798] D [  tbb   ] WireCell::IFrameMerge "(unknown)" calls=1 time=0 mean=0 max=0 [ms]
[09:13:15.798] D [  tbb   ] WireCell::IFrameMerge "(unknown)" calls=1 time=0 mean=0 max=0 [ms]
[09:13:15.798] D [  tbb   ] WireCell::IDepoSetFilter "ds-filter-switch-51" calls=1 time=0 mean=0 max=0 [ms]
[09:13:15.798] D [  tbb   ] WireCell::IFrameMerge "(unknown)" calls=1 time=0 mean=0 max=0 [ms]
[09:13:15.798] D [  tbb   ] WireCell::IFrameMerge "(unknown)" calls=1 time=0 mean=0 max=0 [ms]
[09:13:15.798] D [  tbb   ] WireCell::IFrameMerge "(unknown)" calls=1 time=0 mean=0 max=0 [ms]
[09:13:15.798] D [  tbb   ] WireCell::IFrameMerge "(unknown)" calls=1 time=0 mean=0 max=0 [ms]
[09:13:15.798] D [  tbb   ] WireCell::IDepoSetFilter "ds-filter-switch-52" calls=1 time=0 mean=0 max=0 [ms]
[09:13:15.798] D [  tbb   ] WireCell::IFrameMerge "(unknown)" calls=1 time=0 mean=0 max=0 [ms]
[09:13:15.798] D [  tbb   ] WireCell::IFrameMerge "(unknown)" calls=1 time=0 mean=0 max=0 [ms]
[09:13:15.798] D [  tbb   ] WireCell::IFrameMerge "(unknown)" calls=1 time=0 mean=0 max=0 [ms]
[09:13:15.798] D [  tbb   ] WireCell::IFrameMerge "(unknown)" calls=1 time=0 mean=0 max=0 [ms]
[09:13:15.798] D [  tbb   ] WireCell::IFrameMerge "(unknown)" calls=1 time=0 mean=0 max=0 [ms]
[09:13:15.798] D [  tbb   ] WireCell::IFrameMerge "(unknown)" calls=1 time=0 mean=0 max=0 [ms]
[09:13:15.798] D [  tbb   ] WireCell::IDepoSetFilter "ds-filter-switch-84" calls=1 time=0 mean=0 max=0 [ms]
[09:13:15.798] D [  tbb   ] WireCell::IDepoSetFilter "ds-filter-switch-65" calls=1 time=0 mean=0 max=0 [ms]
[09:13:15.798] D [  tbb   ] WireCell::IFrameMerge "(unknown)" calls=1 time=0 mean=0 max=0 [ms]
[09:13:15.798] D [  tbb   ] WireCell::IFrameMerge "(unknown)" calls=1 time=0 mean=0 max=0 [ms]
[09:13:15.798] D [  tbb   ] WireCell::IFrameMerge "(unknown)" calls=1 time=0 mean=0 max=0 [ms]
[09:13:15.798] D [  tbb   ] WireCell::IFrameMerge "(unknown)" calls=1 time=0 mean=0 max=0 [ms]
[09:13:15.798] D [  tbb   ] WireCell::IDepoSetFilter "ds-filter-switch-60" calls=1 time=0 mean=0 max=0 [ms]
[09:13:15.798] D [  tbb   ] WireCell::IDepoSetFilter "ds-filter-switch-59" calls=1 time=0 mean=0 max=0 [ms]
[09:13:15.798] D [  tbb   ] WireCell::IDepoSetFilter "ds-filter-switch-63" calls=1 time=0 mean=0 max=0 [ms]
[09:13:15.798] D [  tbb   ] WireCell::IFrameMerge "(unknown)" calls=1 time=0 mean=0 max=0 [ms]
[09:13:15.798] D [  tbb   ] WireCell::IDepoSetFilter "ds-filter-switch-43" calls=1 time=0 mean=0 max=0 [ms]
[09:13:15.798] D [  tbb   ] WireCell::IFrameMerge "(unknown)" calls=1 time=0 mean=0 max=0 [ms]
[09:13:15.799] D [  tbb   ] WireCell::IFrameMerge "(unknown)" calls=1 time=0 mean=0 max=0 [ms]
[09:13:15.799] D [  tbb   ] WireCell::IDepoSetFilter "ds-filter-switch-70" calls=1 time=0 mean=0 max=0 [ms]
[09:13:15.799] D [  tbb   ] WireCell::IFrameMerge "(unknown)" calls=1 time=0 mean=0 max=0 [ms]
[09:13:15.799] D [  tbb   ] WireCell::IFrameMerge "(unknown)" calls=1 time=0 mean=0 max=0 [ms]
[09:13:15.799] D [  tbb   ] WireCell::IFrameMerge "(unknown)" calls=1 time=0 mean=0 max=0 [ms]
[09:13:15.799] D [  tbb   ] WireCell::IDepoSetFilter "ds-filter-switch-108" calls=1 time=0 mean=0 max=0 [ms]
[09:13:15.799] D [  tbb   ] WireCell::IDepoSetFilter "ds-filter-switch-6" calls=1 time=0 mean=0 max=0 [ms]
[09:13:15.799] D [  tbb   ] WireCell::IDepoSetFilter "ds-filter-switch-55" calls=1 time=0 mean=0 max=0 [ms]
[09:13:15.799] D [  tbb   ] WireCell::IDepoSetFilter "ds-filter-switch-41" calls=1 time=0 mean=0 max=0 [ms]
[09:13:15.799] D [  tbb   ] WireCell::IDepoSetFilter "ds-filter-switch-74" calls=1 time=0 mean=0 max=0 [ms]
[09:13:15.799] D [  tbb   ] WireCell::IFrameMerge "(unknown)" calls=1 time=0 mean=0 max=0 [ms]
[09:13:15.799] D [  tbb   ] WireCell::IDepoSetFilter "ds-filter-switch-4" calls=1 time=0 mean=0 max=0 [ms]
[09:13:15.799] D [  tbb   ] WireCell::IDepoSetFilter "ds-filter-switch-48" calls=1 time=0 mean=0 max=0 [ms]
[09:13:15.799] D [  tbb   ] WireCell::IFrameMerge "(unknown)" calls=1 time=0 mean=0 max=0 [ms]
[09:13:15.799] D [  tbb   ] WireCell::IFrameMerge "(unknown)" calls=1 time=0 mean=0 max=0 [ms]
[09:13:15.799] D [  tbb   ] WireCell::IFrameMerge "(unknown)" calls=1 time=0 mean=0 max=0 [ms]
[09:13:15.799] D [  tbb   ] WireCell::IFrameMerge "(unknown)" calls=1 time=0 mean=0 max=0 [ms]
[09:13:15.799] D [  tbb   ] WireCell::IDepoSetFilter "ds-filter-switch-47" calls=1 time=0 mean=0 max=0 [ms]
[09:13:15.799] D [  tbb   ] WireCell::IFrameMerge "(unknown)" calls=1 time=0 mean=0 max=0 [ms]
[09:13:15.799] D [  tbb   ] WireCell::IDepoSetFilter "ds-filter-switch-40" calls=1 time=0 mean=0 max=0 [ms]
[09:13:15.799] D [  tbb   ] WireCell::IFrameMerge "(unknown)" calls=1 time=0 mean=0 max=0 [ms]
[09:13:15.799] D [  tbb   ] WireCell::IFrameMerge "(unknown)" calls=1 time=0 mean=0 max=0 [ms]
[09:13:15.799] D [  tbb   ] WireCell::IDepoSetFilter "ds-filter-switch-49" calls=1 time=0 mean=0 max=0 [ms]
[09:13:15.799] D [  tbb   ] WireCell::IFrameMerge "(unknown)" calls=1 time=0 mean=0 max=0 [ms]
[09:13:15.799] D [  tbb   ] WireCell::IFrameMerge "(unknown)" calls=1 time=0 mean=0 max=0 [ms]
[09:13:15.799] D [  tbb   ] WireCell::IFrameMerge "(unknown)" calls=1 time=0 mean=0 max=0 [ms]
[09:13:15.799] D [  tbb   ] WireCell::IDepoSetFilter "ds-filter-switch-101" calls=1 time=0 mean=0 max=0 [ms]
[09:13:15.799] D [  tbb   ] WireCell::IFrameMerge "(unknown)" calls=1 time=0 mean=0 max=0 [ms]
[09:13:15.799] D [  tbb   ] WireCell::IDepoSetFilter "ds-filter-switch-46" calls=1 time=0 mean=0 max=0 [ms]
[09:13:15.799] D [  tbb   ] WireCell::IDepoSetFilter "ds-filter-switch-100" calls=1 time=0 mean=0 max=0 [ms]
[09:13:15.799] D [  tbb   ] WireCell::IDepoSetFilter "ds-filter-switch-69" calls=1 time=0 mean=0 max=0 [ms]
[09:13:15.799] D [  tbb   ] WireCell::IDepoSetFilter "ds-filter-switch-13" calls=1 time=0 mean=0 max=0 [ms]
[09:13:15.799] D [  tbb   ] WireCell::IDepoSetFilter "ds-filter-switch-105" calls=1 time=0 mean=0 max=0 [ms]
[09:13:15.799] D [  tbb   ] WireCell::IFrameMerge "(unknown)" calls=1 time=0 mean=0 max=0 [ms]
[09:13:15.799] D [  tbb   ] WireCell::IDepoSetFilter "ds-filter-switch-99" calls=1 time=0 mean=0 max=0 [ms]
[09:13:15.799] D [  tbb   ] WireCell::IDepoSetFilter "ds-filter-switch-3" calls=1 time=0 mean=0 max=0 [ms]
[09:13:15.799] D [  tbb   ] WireCell::IFrameMerge "(unknown)" calls=1 time=0 mean=0 max=0 [ms]
[09:13:15.799] D [  tbb   ] WireCell::IFrameMerge "(unknown)" calls=1 time=0 mean=0 max=0 [ms]
[09:13:15.799] D [  tbb   ] WireCell::IFrameMerge "(unknown)" calls=1 time=0 mean=0 max=0 [ms]
[09:13:15.799] D [  tbb   ] WireCell::IFrameMerge "(unknown)" calls=1 time=0 mean=0 max=0 [ms]
[09:13:15.799] D [  tbb   ] WireCell::IDepoSetFilter "ds-filter-switch-35" calls=1 time=0 mean=0 max=0 [ms]
[09:13:15.799] D [  tbb   ] WireCell::IDepoSetFilter "ds-filter-switch-89" calls=1 time=0 mean=0 max=0 [ms]
[09:13:15.799] D [  tbb   ] WireCell::IFrameMerge "(unknown)" calls=1 time=0 mean=0 max=0 [ms]
[09:13:15.799] D [  tbb   ] WireCell::IDepoSetFilter "ds-filter-switch-109" calls=1 time=0 mean=0 max=0 [ms]
[09:13:15.799] D [  tbb   ] WireCell::IFrameMerge "(unknown)" calls=1 time=0 mean=0 max=0 [ms]
[09:13:15.799] D [  tbb   ] WireCell::IFrameMerge "(unknown)" calls=1 time=0 mean=0 max=0 [ms]
[09:13:15.799] D [  tbb   ] WireCell::IDepoSetFilter "ds-filter-switch-67" calls=1 time=0 mean=0 max=0 [ms]
[09:13:15.799] D [  tbb   ] WireCell::IFrameMerge "(unknown)" calls=1 time=0 mean=0 max=0 [ms]
[09:13:15.799] D [  tbb   ] WireCell::IDepoSetFilter "ds-filter-switch-88" calls=1 time=0 mean=0 max=0 [ms]
[09:13:15.799] D [  tbb   ] WireCell::IFrameMerge "(unknown)" calls=1 time=0 mean=0 max=0 [ms]
[09:13:15.799] D [  tbb   ] WireCell::IDepoSetFilter "ds-filter-switch-87" calls=1 time=0 mean=0 max=0 [ms]
[09:13:15.799] D [  tbb   ] WireCell::IDepoSetFilter "ds-filter-switch-10" calls=1 time=0 mean=0 max=0 [ms]
[09:13:15.799] D [  tbb   ] WireCell::IDepoSetFilter "ds-filter-switch-92" calls=1 time=0 mean=0 max=0 [ms]
[09:13:15.799] D [  tbb   ] WireCell::IFrameMerge "(unknown)" calls=1 time=0 mean=0 max=0 [ms]
[09:13:15.799] D [  tbb   ] WireCell::IFrameMerge "(unknown)" calls=1 time=0 mean=0 max=0 [ms]
[09:13:15.799] D [  tbb   ] WireCell::IDepoSetFilter "ds-filter-switch-58" calls=1 time=0 mean=0 max=0 [ms]
[09:13:15.799] D [  tbb   ] WireCell::IDepoSetFilter "ds-filter-switch-75" calls=1 time=0 mean=0 max=0 [ms]
[09:13:15.799] D [  tbb   ] WireCell::IDepoSetFilter "ds-filter-switch-98" calls=1 time=0 mean=0 max=0 [ms]
[09:13:15.799] D [  tbb   ] WireCell::IFrameMerge "(unknown)" calls=1 time=0 mean=0 max=0 [ms]
[09:13:15.799] D [  tbb   ] WireCell::IDepoSetFilter "ds-filter-switch-14" calls=1 time=0 mean=0 max=0 [ms]
[09:13:15.799] D [  tbb   ] WireCell::IDepoSetFilter "ds-filter-switch-45" calls=1 time=0 mean=0 max=0 [ms]
[09:13:15.799] D [  tbb   ] WireCell::IFrameMerge "(unknown)" calls=1 time=0 mean=0 max=0 [ms]
[09:13:15.799] D [  tbb   ] WireCell::IFrameMerge "(unknown)" calls=1 time=0 mean=0 max=0 [ms]
[09:13:15.799] D [  tbb   ] WireCell::IDepoSetFilter "ds-filter-switch-15" calls=1 time=0 mean=0 max=0 [ms]
[09:13:15.799] D [  tbb   ] WireCell::IDepoSetFilter "ds-filter-switch-8" calls=1 time=0 mean=0 max=0 [ms]
[09:13:15.799] D [  tbb   ] WireCell::IDepoSetFilter "ds-filter-switch-34" calls=1 time=0 mean=0 max=0 [ms]
[09:13:15.799] D [  tbb   ] WireCell::IDepoSetFilter "ds-filter-switch-107" calls=1 time=0 mean=0 max=0 [ms]
[09:13:15.799] D [  tbb   ] WireCell::IFrameMerge "(unknown)" calls=1 time=0 mean=0 max=0 [ms]
[09:13:15.799] D [  tbb   ] WireCell::IDepoSetFilter "ds-filter-switch-61" calls=1 time=0 mean=0 max=0 [ms]
[09:13:15.799] D [  tbb   ] WireCell::IFrameMerge "(unknown)" calls=1 time=0 mean=0 max=0 [ms]
[09:13:15.799] D [  tbb   ] WireCell::IDepoSetFilter "ds-filter-switch-39" calls=1 time=0 mean=0 max=0 [ms]
[09:13:15.799] D [  tbb   ] WireCell::IDepoSetFilter "ds-filter-switch-102" calls=1 time=0 mean=0 max=0 [ms]
[09:13:15.799] D [  tbb   ] WireCell::IDepoSetFilter "ds-filter-switch-103" calls=1 time=0 mean=0 max=0 [ms]
[09:13:15.799] D [  tbb   ] WireCell::IDepoSetFilter "ds-filter-switch-111" calls=1 time=0 mean=0 max=0 [ms]
[09:13:15.799] D [  tbb   ] WireCell::IDepoSetFilter "ds-filter-switch-104" calls=1 time=0 mean=0 max=0 [ms]
[09:13:15.799] D [  tbb   ] WireCell::IDepoSetFilter "ds-filter-switch-2" calls=1 time=0 mean=0 max=0 [ms]
[09:13:15.799] D [  tbb   ] WireCell::IDepoSetFilter "ds-filter-switch-25" calls=1 time=0 mean=0 max=0 [ms]
[09:13:15.799] D [  tbb   ] WireCell::IDepoSetFilter "ds-filter-switch-85" calls=1 time=0 mean=0 max=0 [ms]
[09:13:15.799] D [  tbb   ] WireCell::IFrameMerge "(unknown)" calls=1 time=0 mean=0 max=0 [ms]
[09:13:15.799] D [  tbb   ] WireCell::IDepoSetFilter "ds-filter-switch-79" calls=1 time=0 mean=0 max=0 [ms]
[09:13:15.799] D [  tbb   ] WireCell::IFrameMerge "(unknown)" calls=1 time=0 mean=0 max=0 [ms]
[09:13:15.799] D [  tbb   ] WireCell::IDepoSetFilter "ds-filter-switch-110" calls=1 time=0 mean=0 max=0 [ms]
[09:13:15.799] D [  tbb   ] WireCell::IDepoSetFilter "ds-filter-switch-30" calls=1 time=0 mean=0 max=0 [ms]
[09:13:15.799] D [  tbb   ] WireCell::IFrameMerge "(unknown)" calls=1 time=0 mean=0 max=0 [ms]
[09:13:15.799] D [  tbb   ] WireCell::IDepoSetFilter "ds-filter-switch-91" calls=1 time=0 mean=0 max=0 [ms]
[09:13:15.799] D [  tbb   ] WireCell::IDepoSetFilter "ds-filter-switch-23" calls=1 time=0 mean=0 max=0 [ms]
[09:13:15.799] D [  tbb   ] WireCell::IFrameMerge "(unknown)" calls=1 time=0 mean=0 max=0 [ms]
[09:13:15.799] D [  tbb   ] WireCell::IFrameMerge "(unknown)" calls=1 time=0 mean=0 max=0 [ms]
[09:13:15.799] D [  tbb   ] WireCell::IFrameMerge "(unknown)" calls=1 time=0 mean=0 max=0 [ms]
[09:13:15.799] D [  tbb   ] WireCell::IDepoSetFilter "ds-filter-switch-38" calls=1 time=0 mean=0 max=0 [ms]
[09:13:15.799] D [  tbb   ] WireCell::IFrameMerge "(unknown)" calls=1 time=0 mean=0 max=0 [ms]
[09:13:15.799] D [  tbb   ] WireCell::IDepoSetFilter "ds-filter-switch-94" calls=1 time=0 mean=0 max=0 [ms]
[09:13:15.799] D [  tbb   ] WireCell::IFrameMerge "(unknown)" calls=1 time=0 mean=0 max=0 [ms]
[09:13:15.799] D [  tbb   ] WireCell::IFrameMerge "(unknown)" calls=1 time=0 mean=0 max=0 [ms]
[09:13:15.799] D [  tbb   ] WireCell::IDepoSetFilter "ds-filter-switch-24" calls=1 time=0 mean=0 max=0 [ms]
[09:13:15.799] D [  tbb   ] WireCell::IDepoSetFilter "ds-filter-switch-96" calls=1 time=0 mean=0 max=0 [ms]
[09:13:15.799] D [  tbb   ] WireCell::IFrameMerge "(unknown)" calls=1 time=0 mean=0 max=0 [ms]
[09:13:15.799] D [  tbb   ] WireCell::IDepoSetFilter "ds-filter-switch-93" calls=1 time=0 mean=0 max=0 [ms]
[09:13:15.799] D [  tbb   ] WireCell::IDepoSetFilter "ds-filter-switch-17" calls=1 time=0 mean=0 max=0 [ms]
[09:13:15.799] D [  tbb   ] WireCell::IDepoSetFilter "ds-filter-switch-26" calls=1 time=0 mean=0 max=0 [ms]
[09:13:15.799] D [  tbb   ] WireCell::IDepoSetFilter "ds-filter-switch-18" calls=1 time=0 mean=0 max=0 [ms]
[09:13:15.799] D [  tbb   ] WireCell::IFrameMerge "(unknown)" calls=1 time=0 mean=0 max=0 [ms]
[09:13:15.799] D [  tbb   ] WireCell::IFrameMerge "(unknown)" calls=1 time=0 mean=0 max=0 [ms]
[09:13:15.799] D [  tbb   ] WireCell::IDepoSetFilter "ds-filter-switch-5" calls=1 time=0 mean=0 max=0 [ms]
[09:13:15.799] D [  tbb   ] WireCell::IDepoSetFilter "ds-filter-switch-57" calls=1 time=0 mean=0 max=0 [ms]
[09:13:15.799] D [  tbb   ] WireCell::IFrameMerge "(unknown)" calls=1 time=0 mean=0 max=0 [ms]
[09:13:15.799] D [  tbb   ] WireCell::IFrameMerge "(unknown)" calls=1 time=0 mean=0 max=0 [ms]
[09:13:15.799] D [  tbb   ] WireCell::IDepoSetFilter "ds-filter-switch-78" calls=1 time=0 mean=0 max=0 [ms]
[09:13:15.799] D [  tbb   ] WireCell::IDepoSetFilter "ds-filter-switch-9" calls=1 time=0 mean=0 max=0 [ms]
[09:13:15.799] D [  tbb   ] WireCell::IDepoSetFilter "ds-filter-switch-62" calls=1 time=0 mean=0 max=0 [ms]
[09:13:15.799] D [  tbb   ] WireCell::IDepoSetFilter "ds-filter-switch-19" calls=1 time=0 mean=0 max=0 [ms]
[09:13:15.799] D [  tbb   ] WireCell::IDepoSetFilter "ds-filter-switch-80" calls=1 time=0 mean=0 max=0 [ms]
[09:13:15.799] D [  tbb   ] WireCell::IDepoSetFilter "ds-filter-switch-86" calls=1 time=0 mean=0 max=0 [ms]
[09:13:15.799] D [  tbb   ] WireCell::IDepoSetFilter "ds-filter-switch-95" calls=1 time=0 mean=0 max=0 [ms]
[09:13:15.799] D [  tbb   ] WireCell::IDepoSetFilter "ds-filter-switch-16" calls=1 time=0 mean=0 max=0 [ms]
[09:13:15.799] D [  tbb   ] WireCell::IDepoSetFilter "ds-filter-switch-27" calls=1 time=0 mean=0 max=0 [ms]
[09:13:15.799] D [  tbb   ] WireCell::IDepoSetFilter "ds-filter-switch-97" calls=1 time=0 mean=0 max=0 [ms]
[09:13:15.799] D [  tbb   ] WireCell::IDepoSetFilter "ds-filter-switch-83" calls=1 time=0 mean=0 max=0 [ms]
[09:13:15.799] D [  tbb   ] WireCell::IDepoSetFilter "ds-filter-switch-82" calls=1 time=0 mean=0 max=0 [ms]
[09:13:15.799] D [  tbb   ] WireCell::IDepoSetFilter "ds-filter-switch-81" calls=1 time=0 mean=0 max=0 [ms]
[09:13:15.799] D [  tbb   ] WireCell::IFrameSink "(unknown)" calls=1 time=0 mean=0 max=0 [ms]
[09:13:15.799] D [  tbb   ] WireCell::IDepoSetFanout "sn_mag_fout_2_3" calls=1 time=0 mean=0 max=0 [ms]
[09:13:15.799] D [  tbb   ] WireCell::IDepos2DeposOrFrame "(unknown)" calls=1 time=0 mean=0 max=0 [ms]
[09:13:15.799] D [  tbb   ] WireCell::IDepos2DeposOrFrame "(unknown)" calls=1 time=0 mean=0 max=0 [ms]
[09:13:15.799] D [  tbb   ] WireCell::IDepos2DeposOrFrame "(unknown)" calls=1 time=0 mean=0 max=0 [ms]
[09:13:15.799] D [  tbb   ] WireCell::IDepos2DeposOrFrame "(unknown)" calls=1 time=0 mean=0 max=0 [ms]
[09:13:15.799] D [  tbb   ] WireCell::IDepoSetFanout "sn_mag_fout_1_2" calls=1 time=0 mean=0 max=0 [ms]
[09:13:15.799] D [  tbb   ] WireCell::IDepos2DeposOrFrame "(unknown)" calls=1 time=0 mean=0 max=0 [ms]
[09:13:15.799] D [  tbb   ] WireCell::IDepos2DeposOrFrame "(unknown)" calls=1 time=0 mean=0 max=0 [ms]
[09:13:15.799] D [  tbb   ] WireCell::IDepos2DeposOrFrame "(unknown)" calls=1 time=0 mean=0 max=0 [ms]
[09:13:15.799] D [  tbb   ] WireCell::IDepos2DeposOrFrame "(unknown)" calls=1 time=0 mean=0 max=0 [ms]
[09:13:15.799] D [  tbb   ] WireCell::IDepoSetFanout "sn_mag_fout_2_5" calls=1 time=0 mean=0 max=0 [ms]
[09:13:15.799] D [  tbb   ] WireCell::IDepos2DeposOrFrame "(unknown)" calls=1 time=0 mean=0 max=0 [ms]
[09:13:15.799] D [  tbb   ] WireCell::IDepoSetFanout "sn_mag_fout_1_0" calls=1 time=0 mean=0 max=0 [ms]
[09:13:15.799] D [  tbb   ] WireCell::IDepoSetFanout "sn_mag_fout_2_10" calls=1 time=0 mean=0 max=0 [ms]
[09:13:15.799] D [  tbb   ] WireCell::IDepos2DeposOrFrame "(unknown)" calls=1 time=0 mean=0 max=0 [ms]
[09:13:15.799] D [  tbb   ] WireCell::IDepos2DeposOrFrame "(unknown)" calls=1 time=0 mean=0 max=0 [ms]
[09:13:15.799] D [  tbb   ] WireCell::IDepos2DeposOrFrame "(unknown)" calls=1 time=0 mean=0 max=0 [ms]
[09:13:15.799] D [  tbb   ] WireCell::IDepos2DeposOrFrame "(unknown)" calls=1 time=0 mean=0 max=0 [ms]
[09:13:15.799] D [  tbb   ] WireCell::IDepos2DeposOrFrame "(unknown)" calls=1 time=0 mean=0 max=0 [ms]
[09:13:15.799] D [  tbb   ] WireCell::IDepos2DeposOrFrame "(unknown)" calls=1 time=0 mean=0 max=0 [ms]
[09:13:15.799] D [  tbb   ] WireCell::IDepos2DeposOrFrame "(unknown)" calls=1 time=0 mean=0 max=0 [ms]
[09:13:15.799] D [  tbb   ] WireCell::IDepoSetFanout "sn_mag_fout_2_4" calls=1 time=0 mean=0 max=0 [ms]
[09:13:15.799] D [  tbb   ] WireCell::IDepoSetFanout "sn_mag_fout_2_1" calls=1 time=0 mean=0 max=0 [ms]
[09:13:15.799] D [  tbb   ] WireCell::IDepos2DeposOrFrame "(unknown)" calls=1 time=0 mean=0 max=0 [ms]
[09:13:15.799] D [  tbb   ] WireCell::IDepos2DeposOrFrame "(unknown)" calls=1 time=0 mean=0 max=0 [ms]
[09:13:15.799] D [  tbb   ] WireCell::IDepos2DeposOrFrame "(unknown)" calls=1 time=0 mean=0 max=0 [ms]
[09:13:15.799] D [  tbb   ] WireCell::IDepos2DeposOrFrame "(unknown)" calls=1 time=0 mean=0 max=0 [ms]
[09:13:15.799] D [  tbb   ] WireCell::IDepos2DeposOrFrame "(unknown)" calls=1 time=0 mean=0 max=0 [ms]
[09:13:15.799] D [  tbb   ] WireCell::IDepos2DeposOrFrame "(unknown)" calls=1 time=0 mean=0 max=0 [ms]
[09:13:15.799] D [  tbb   ] WireCell::IDepoSetFanout "sn_mag_fout_2_14" calls=1 time=0 mean=0 max=0 [ms]
[09:13:15.799] D [  tbb   ] WireCell::IDepos2DeposOrFrame "(unknown)" calls=1 time=0 mean=0 max=0 [ms]
[09:13:15.799] D [  tbb   ] WireCell::IDepos2DeposOrFrame "(unknown)" calls=1 time=0 mean=0 max=0 [ms]
[09:13:15.799] D [  tbb   ] WireCell::IDepos2DeposOrFrame "(unknown)" calls=1 time=0 mean=0 max=0 [ms]
[09:13:15.799] D [  tbb   ] WireCell::IDepos2DeposOrFrame "(unknown)" calls=1 time=0 mean=0 max=0 [ms]
[09:13:15.799] D [  tbb   ] WireCell::IDepos2DeposOrFrame "(unknown)" calls=1 time=0 mean=0 max=0 [ms]
[09:13:15.799] D [  tbb   ] WireCell::IDepos2DeposOrFrame "(unknown)" calls=1 time=0 mean=0 max=0 [ms]
[09:13:15.799] D [  tbb   ] WireCell::IDepos2DeposOrFrame "(unknown)" calls=1 time=0 mean=0 max=0 [ms]
[09:13:15.799] D [  tbb   ] WireCell::IDepos2DeposOrFrame "(unknown)" calls=1 time=0 mean=0 max=0 [ms]
[09:13:15.799] D [  tbb   ] WireCell::IDepos2DeposOrFrame "(unknown)" calls=1 time=0 mean=0 max=0 [ms]
[09:13:15.799] D [  tbb   ] WireCell::IDepos2DeposOrFrame "(unknown)" calls=1 time=0 mean=0 max=0 [ms]
[09:13:15.799] D [  tbb   ] WireCell::IDepos2DeposOrFrame "(unknown)" calls=1 time=0 mean=0 max=0 [ms]
[09:13:15.799] D [  tbb   ] WireCell::IDepoSetFanout "sn_mag_fout_2_8" calls=1 time=0 mean=0 max=0 [ms]
[09:13:15.799] D [  tbb   ] WireCell::IDepoSetFanout "sn_mag_fout_2_0" calls=1 time=0 mean=0 max=0 [ms]
[09:13:15.799] D [  tbb   ] WireCell::IDepos2DeposOrFrame "(unknown)" calls=1 time=0 mean=0 max=0 [ms]
[09:13:15.799] D [  tbb   ] WireCell::IDepoSetFanout "sn_mag_fout_2_2" calls=1 time=0 mean=0 max=0 [ms]
[09:13:15.799] D [  tbb   ] WireCell::IDepos2DeposOrFrame "(unknown)" calls=1 time=0 mean=0 max=0 [ms]
[09:13:15.799] D [  tbb   ] WireCell::IDepos2DeposOrFrame "(unknown)" calls=1 time=0 mean=0 max=0 [ms]
[09:13:15.799] D [  tbb   ] WireCell::IDepos2DeposOrFrame "(unknown)" calls=1 time=0 mean=0 max=0 [ms]
[09:13:15.799] D [  tbb   ] WireCell::IDepos2DeposOrFrame "(unknown)" calls=1 time=0 mean=0 max=0 [ms]
[09:13:15.799] D [  tbb   ] WireCell::IDepos2DeposOrFrame "(unknown)" calls=1 time=0 mean=0 max=0 [ms]
[09:13:15.799] D [  tbb   ] WireCell::IDepos2DeposOrFrame "(unknown)" calls=1 time=0 mean=0 max=0 [ms]
[09:13:15.799] D [  tbb   ] WireCell::IDepoSetFanout "sn_mag_fout_1_1" calls=1 time=0 mean=0 max=0 [ms]
[09:13:15.799] D [  tbb   ] WireCell::IDepos2DeposOrFrame "(unknown)" calls=1 time=0 mean=0 max=0 [ms]
[09:13:15.799] D [  tbb   ] WireCell::IDepoSetFanout "sn_mag_fout_2_9" calls=1 time=0 mean=0 max=0 [ms]
[09:13:15.799] D [  tbb   ] WireCell::IDepos2DeposOrFrame "(unknown)" calls=1 time=0 mean=0 max=0 [ms]
[09:13:15.799] D [  tbb   ] WireCell::IDepos2DeposOrFrame "(unknown)" calls=1 time=0 mean=0 max=0 [ms]
[09:13:15.799] D [  tbb   ] WireCell::IDepos2DeposOrFrame "(unknown)" calls=1 time=0 mean=0 max=0 [ms]
[09:13:15.799] D [  tbb   ] WireCell::IDepos2DeposOrFrame "(unknown)" calls=1 time=0 mean=0 max=0 [ms]
[09:13:15.799] D [  tbb   ] WireCell::IDepos2DeposOrFrame "(unknown)" calls=1 time=0 mean=0 max=0 [ms]
[09:13:15.799] D [  tbb   ] WireCell::IDepos2DeposOrFrame "(unknown)" calls=1 time=0 mean=0 max=0 [ms]
[09:13:15.799] D [  tbb   ] WireCell::IDepos2DeposOrFrame "(unknown)" calls=1 time=0 mean=0 max=0 [ms]
[09:13:15.799] D [  tbb   ] WireCell::IDepos2DeposOrFrame "(unknown)" calls=1 time=0 mean=0 max=0 [ms]
[09:13:15.799] D [  tbb   ] WireCell::IDepos2DeposOrFrame "(unknown)" calls=1 time=0 mean=0 max=0 [ms]
[09:13:15.799] D [  tbb   ] WireCell::IDepos2DeposOrFrame "(unknown)" calls=1 time=0 mean=0 max=0 [ms]
[09:13:15.799] D [  tbb   ] WireCell::IDepos2DeposOrFrame "(unknown)" calls=1 time=0 mean=0 max=0 [ms]
[09:13:15.799] D [  tbb   ] WireCell::IDepos2DeposOrFrame "(unknown)" calls=1 time=0 mean=0 max=0 [ms]
[09:13:15.799] D [  tbb   ] WireCell::IDepoSetFanout "sn_mag_fout_2_7" calls=1 time=0 mean=0 max=0 [ms]
[09:13:15.800] D [  tbb   ] WireCell::IDepos2DeposOrFrame "(unknown)" calls=1 time=0 mean=0 max=0 [ms]
[09:13:15.800] D [  tbb   ] WireCell::IDepos2DeposOrFrame "(unknown)" calls=1 time=0 mean=0 max=0 [ms]
[09:13:15.800] D [  tbb   ] WireCell::IDepos2DeposOrFrame "(unknown)" calls=1 time=0 mean=0 max=0 [ms]
[09:13:15.800] D [  tbb   ] WireCell::IDepos2DeposOrFrame "(unknown)" calls=1 time=0 mean=0 max=0 [ms]
[09:13:15.800] D [  tbb   ] WireCell::IDepos2DeposOrFrame "(unknown)" calls=1 time=0 mean=0 max=0 [ms]
[09:13:15.800] D [  tbb   ] WireCell::IDepos2DeposOrFrame "(unknown)" calls=1 time=0 mean=0 max=0 [ms]
[09:13:15.800] D [  tbb   ] WireCell::IDepos2DeposOrFrame "(unknown)" calls=1 time=0 mean=0 max=0 [ms]
[09:13:15.800] D [  tbb   ] WireCell::IDepoSetFanout "sn_mag_fout_2_6" calls=1 time=0 mean=0 max=0 [ms]
[09:13:15.800] D [  tbb   ] WireCell::IDepos2DeposOrFrame "(unknown)" calls=1 time=0 mean=0 max=0 [ms]
[09:13:15.800] D [  tbb   ] WireCell::IDepos2DeposOrFrame "(unknown)" calls=1 time=0 mean=0 max=0 [ms]
[09:13:15.800] D [  tbb   ] WireCell::IDepos2DeposOrFrame "(unknown)" calls=1 time=0 mean=0 max=0 [ms]
[09:13:15.800] D [  tbb   ] WireCell::IDepos2DeposOrFrame "(unknown)" calls=1 time=0 mean=0 max=0 [ms]
[09:13:15.800] D [  tbb   ] WireCell::IDepos2DeposOrFrame "(unknown)" calls=1 time=0 mean=0 max=0 [ms]
[09:13:15.800] D [  tbb   ] WireCell::IDepos2DeposOrFrame "(unknown)" calls=1 time=0 mean=0 max=0 [ms]
[09:13:15.800] D [  tbb   ] WireCell::IDepos2DeposOrFrame "(unknown)" calls=1 time=0 mean=0 max=0 [ms]
[09:13:15.800] D [  tbb   ] WireCell::IDepos2DeposOrFrame "(unknown)" calls=1 time=0 mean=0 max=0 [ms]
[09:13:15.800] D [  tbb   ] WireCell::IDepos2DeposOrFrame "(unknown)" calls=1 time=0 mean=0 max=0 [ms]
[09:13:15.800] D [  tbb   ] WireCell::IDepos2DeposOrFrame "(unknown)" calls=1 time=0 mean=0 max=0 [ms]
[09:13:15.800] D [  tbb   ] WireCell::IDepos2DeposOrFrame "(unknown)" calls=1 time=0 mean=0 max=0 [ms]
[09:13:15.800] D [  tbb   ] WireCell::IDepos2DeposOrFrame "(unknown)" calls=1 time=0 mean=0 max=0 [ms]
[09:13:15.800] D [  tbb   ] WireCell::IDepos2DeposOrFrame "(unknown)" calls=1 time=0 mean=0 max=0 [ms]
[09:13:15.800] D [  tbb   ] WireCell::IDepos2DeposOrFrame "(unknown)" calls=1 time=0 mean=0 max=0 [ms]
[09:13:15.800] D [  tbb   ] WireCell::IDepos2DeposOrFrame "(unknown)" calls=1 time=0 mean=0 max=0 [ms]
[09:13:15.800] D [  tbb   ] WireCell::IDepos2DeposOrFrame "(unknown)" calls=1 time=0 mean=0 max=0 [ms]
[09:13:15.800] D [  tbb   ] WireCell::IDepos2DeposOrFrame "(unknown)" calls=1 time=0 mean=0 max=0 [ms]
[09:13:15.800] D [  tbb   ] WireCell::IDepos2DeposOrFrame "(unknown)" calls=1 time=0 mean=0 max=0 [ms]
[09:13:15.800] D [  tbb   ] WireCell::IDepos2DeposOrFrame "(unknown)" calls=1 time=0 mean=0 max=0 [ms]
[09:13:15.800] D [  tbb   ] WireCell::IDepos2DeposOrFrame "(unknown)" calls=1 time=0 mean=0 max=0 [ms]
[09:13:15.800] D [  tbb   ] WireCell::IDepos2DeposOrFrame "(unknown)" calls=1 time=0 mean=0 max=0 [ms]
[09:13:15.800] D [  tbb   ] WireCell::IDepos2DeposOrFrame "(unknown)" calls=1 time=0 mean=0 max=0 [ms]
[09:13:15.800] D [  tbb   ] WireCell::IDepos2DeposOrFrame "(unknown)" calls=1 time=0 mean=0 max=0 [ms]
[09:13:15.800] D [  tbb   ] WireCell::IDepos2DeposOrFrame "(unknown)" calls=1 time=0 mean=0 max=0 [ms]
[09:13:15.800] D [  tbb   ] WireCell::IDepos2DeposOrFrame "(unknown)" calls=1 time=0 mean=0 max=0 [ms]
[09:13:15.800] D [  tbb   ] WireCell::IDepos2DeposOrFrame "(unknown)" calls=1 time=0 mean=0 max=0 [ms]
[09:13:15.800] D [  tbb   ] WireCell::IDepos2DeposOrFrame "(unknown)" calls=1 time=0 mean=0 max=0 [ms]
[09:13:15.800] D [  tbb   ] WireCell::IDepos2DeposOrFrame "(unknown)" calls=1 time=0 mean=0 max=0 [ms]
[09:13:15.800] D [  tbb   ] WireCell::IDepoSetFanout "sn_mag_fout_2_15" calls=1 time=0 mean=0 max=0 [ms]
[09:13:15.800] D [  tbb   ] WireCell::IDepos2DeposOrFrame "(unknown)" calls=1 time=0 mean=0 max=0 [ms]
[09:13:15.800] D [  tbb   ] WireCell::IDepos2DeposOrFrame "(unknown)" calls=1 time=0 mean=0 max=0 [ms]
[09:13:15.800] D [  tbb   ] WireCell::IDepoSetFanout "sn_mag_fout_2_12" calls=1 time=0 mean=0 max=0 [ms]
[09:13:15.800] D [  tbb   ] WireCell::IDepoSetFanout "sn_mag_fout_2_11" calls=1 time=0 mean=0 max=0 [ms]
[09:13:15.800] D [  tbb   ] WireCell::IDepos2DeposOrFrame "(unknown)" calls=1 time=0 mean=0 max=0 [ms]
[09:13:15.800] D [  tbb   ] WireCell::IDepos2DeposOrFrame "(unknown)" calls=1 time=0 mean=0 max=0 [ms]
[09:13:15.800] D [  tbb   ] WireCell::IDepos2DeposOrFrame "(unknown)" calls=1 time=0 mean=0 max=0 [ms]
[09:13:15.800] D [  tbb   ] WireCell::IDepos2DeposOrFrame "(unknown)" calls=1 time=0 mean=0 max=0 [ms]
[09:13:15.800] D [  tbb   ] WireCell::IDepoSetFanout "sn_mag_fout_1_6" calls=1 time=0 mean=0 max=0 [ms]
[09:13:15.800] D [  tbb   ] WireCell::IDepos2DeposOrFrame "(unknown)" calls=1 time=0 mean=0 max=0 [ms]
[09:13:15.800] D [  tbb   ] WireCell::IDepos2DeposOrFrame "(unknown)" calls=1 time=0 mean=0 max=0 [ms]
[09:13:15.800] D [  tbb   ] WireCell::IDepos2DeposOrFrame "(unknown)" calls=1 time=0 mean=0 max=0 [ms]
[09:13:15.800] D [  tbb   ] WireCell::IDepos2DeposOrFrame "(unknown)" calls=1 time=0 mean=0 max=0 [ms]
[09:13:15.800] D [  tbb   ] WireCell::IDepos2DeposOrFrame "(unknown)" calls=1 time=0 mean=0 max=0 [ms]
[09:13:15.800] D [  tbb   ] WireCell::IDepos2DeposOrFrame "(unknown)" calls=1 time=0 mean=0 max=0 [ms]
[09:13:15.800] D [  tbb   ] WireCell::IDepoSetFanout "sn_mag_fout_2_13" calls=1 time=0 mean=0 max=0 [ms]
[09:13:15.800] D [  tbb   ] WireCell::IDepoSetFanout "sn_mag_fout_1_5" calls=1 time=0 mean=0 max=0 [ms]
[09:13:15.800] D [  tbb   ] WireCell::IDepos2DeposOrFrame "(unknown)" calls=1 time=0 mean=0 max=0 [ms]
[09:13:15.800] D [  tbb   ] WireCell::IDepos2DeposOrFrame "(unknown)" calls=1 time=0 mean=0 max=0 [ms]
[09:13:15.800] D [  tbb   ] WireCell::IDepos2DeposOrFrame "(unknown)" calls=1 time=0 mean=0 max=0 [ms]
[09:13:15.800] D [  tbb   ] WireCell::IDepos2DeposOrFrame "(unknown)" calls=1 time=0 mean=0 max=0 [ms]
[09:13:15.800] D [  tbb   ] WireCell::IDepoSetFanout "sn_mag_fout_1_4" calls=1 time=0 mean=0 max=0 [ms]
[09:13:15.800] D [  tbb   ] WireCell::IDepos2DeposOrFrame "(unknown)" calls=1 time=0 mean=0 max=0 [ms]
[09:13:15.800] D [  tbb   ] WireCell::IDepos2DeposOrFrame "(unknown)" calls=1 time=0 mean=0 max=0 [ms]
[09:13:15.800] D [  tbb   ] WireCell::IDepos2DeposOrFrame "(unknown)" calls=1 time=0 mean=0 max=0 [ms]
[09:13:15.800] D [  tbb   ] WireCell::IDepos2DeposOrFrame "(unknown)" calls=1 time=0 mean=0 max=0 [ms]
[09:13:15.800] D [  tbb   ] WireCell::IDepos2DeposOrFrame "(unknown)" calls=1 time=0 mean=0 max=0 [ms]
[09:13:15.800] D [  tbb   ] WireCell::IDepos2DeposOrFrame "(unknown)" calls=1 time=0 mean=0 max=0 [ms]
[09:13:15.800] D [  tbb   ] WireCell::IDepos2DeposOrFrame "(unknown)" calls=1 time=0 mean=0 max=0 [ms]
[09:13:15.800] D [  tbb   ] WireCell::IDepoSetFanout "sn_mag_fout_1_7" calls=1 time=0 mean=0 max=0 [ms]
[09:13:15.800] D [  tbb   ] WireCell::IDepoSetFilter "(unknown)" calls=1 time=0 mean=0 max=0 [ms]
[09:13:15.800] D [  tbb   ] WireCell::IFrameFilter "(unknown)" calls=1 time=0 mean=0 max=0 [ms]
[09:13:15.800] D [  tbb   ] WireCell::IFrameFilter "digitizer42" calls=0 time=0 mean=0 max=0 [ms]
[09:13:15.800] D [  tbb   ] WireCell::IFrameFilter "digitizer45" calls=0 time=0 mean=0 max=0 [ms]
[09:13:15.800] D [  tbb   ] WireCell::IDepoFramer "ductor94" calls=0 time=0 mean=0 max=0 [ms]
[09:13:15.800] D [  tbb   ] WireCell::IFrameFilter "addnoisecrm58" calls=0 time=0 mean=0 max=0 [ms]
[09:13:15.800] D [  tbb   ] WireCell::IFrameFilter "digitizer43" calls=0 time=0 mean=0 max=0 [ms]
[09:13:15.800] D [  tbb   ] WireCell::IFrameFilter "addnoisecrm45" calls=0 time=0 mean=0 max=0 [ms]
[09:13:15.800] D [  tbb   ] WireCell::IFrameFilter "addnoisecrm108" calls=0 time=0 mean=0 max=0 [ms]
[09:13:15.800] D [  tbb   ] WireCell::IFrameFilter "digitizer46" calls=0 time=0 mean=0 max=0 [ms]
[09:13:15.800] D [  tbb   ] WireCell::IFrameFilter "crm35sigproc35" calls=0 time=0 mean=0 max=0 [ms]
[09:13:15.800] D [  tbb   ] WireCell::IFrameFilter "addnoisecrm42" calls=0 time=0 mean=0 max=0 [ms]
[09:13:15.800] D [  tbb   ] WireCell::IFrameFilter "digitizer34" calls=0 time=0 mean=0 max=0 [ms]
[09:13:15.800] D [  tbb   ] WireCell::IFrameFilter "reframer36" calls=0 time=0 mean=0 max=0 [ms]
[09:13:15.800] D [  tbb   ] WireCell::IFrameFilter "crm34sigproc34" calls=0 time=0 mean=0 max=0 [ms]
[09:13:15.800] D [  tbb   ] WireCell::IFrameFilter "crm46sigproc46" calls=0 time=0 mean=0 max=0 [ms]
[09:13:15.800] D [  tbb   ] WireCell::IFrameFilter "reframer34" calls=0 time=0 mean=0 max=0 [ms]
[09:13:15.800] D [  tbb   ] WireCell::IFrameFilter "digitizer32" calls=0 time=0 mean=0 max=0 [ms]
[09:13:15.800] D [  tbb   ] WireCell::IFrameFilter "crm43sigproc43" calls=0 time=0 mean=0 max=0 [ms]
[09:13:15.800] D [  tbb   ] WireCell::IFrameFilter "addnoisecrm33" calls=0 time=0 mean=0 max=0 [ms]
[09:13:15.800] D [  tbb   ] WireCell::IFrameFilter "reframer48" calls=0 time=0 mean=0 max=0 [ms]
[09:13:15.800] D [  tbb   ] WireCell::IFrameFilter "digitizer33" calls=0 time=0 mean=0 max=0 [ms]
[09:13:15.800] D [  tbb   ] WireCell::IFrameFilter "reframer35" calls=0 time=0 mean=0 max=0 [ms]
[09:13:15.800] D [  tbb   ] WireCell::IFrameFilter "reframer39" calls=0 time=0 mean=0 max=0 [ms]
[09:13:15.800] D [  tbb   ] WireCell::IFrameFilter "digitizer44" calls=0 time=0 mean=0 max=0 [ms]
[09:13:15.800] D [  tbb   ] WireCell::IDepoFramer "ductor102" calls=0 time=0 mean=0 max=0 [ms]
[09:13:15.800] D [  tbb   ] WireCell::IFrameFilter "crm109sigproc109" calls=0 time=0 mean=0 max=0 [ms]
[09:13:15.800] D [  tbb   ] WireCell::IFrameFilter "reframer37" calls=0 time=0 mean=0 max=0 [ms]
[09:13:15.800] D [  tbb   ] WireCell::IFrameFilter "reframer46" calls=0 time=0 mean=0 max=0 [ms]
[09:13:15.800] D [  tbb   ] WireCell::IFrameFilter "addnoisecrm10" calls=0 time=0 mean=0 max=0 [ms]
[09:13:15.800] D [  tbb   ] WireCell::IFrameFilter "crm60sigproc60" calls=0 time=0 mean=0 max=0 [ms]
[09:13:15.800] D [  tbb   ] WireCell::IFrameFilter "crm41sigproc41" calls=0 time=0 mean=0 max=0 [ms]
[09:13:15.800] D [  tbb   ] WireCell::IFrameFilter "crm44sigproc44" calls=0 time=0 mean=0 max=0 [ms]
[09:13:15.800] D [  tbb   ] WireCell::IFrameFilter "crm37sigproc37" calls=0 time=0 mean=0 max=0 [ms]
[09:13:15.800] D [  tbb   ] WireCell::IFrameFilter "crm1sigproc1" calls=0 time=0 mean=0 max=0 [ms]
[09:13:15.800] D [  tbb   ] WireCell::IDepoFramer "ductor41" calls=0 time=0 mean=0 max=0 [ms]
[09:13:15.800] D [  tbb   ] WireCell::IFrameFilter "crm101sigproc101" calls=0 time=0 mean=0 max=0 [ms]
[09:13:15.800] D [  tbb   ] WireCell::IFrameFilter "digitizer37" calls=0 time=0 mean=0 max=0 [ms]
[09:13:15.800] D [  tbb   ] WireCell::IFrameFilter "crm40sigproc40" calls=0 time=0 mean=0 max=0 [ms]
[09:13:15.800] D [  tbb   ] WireCell::IDepoFramer "ductor98" calls=0 time=0 mean=0 max=0 [ms]
[09:13:15.800] D [  tbb   ] WireCell::IDepoFramer "ductor40" calls=0 time=0 mean=0 max=0 [ms]
[09:13:15.800] D [  tbb   ] WireCell::IFrameFilter "crm105sigproc105" calls=0 time=0 mean=0 max=0 [ms]
[09:13:15.800] D [  tbb   ] WireCell::IDepoFramer "ductor38" calls=0 time=0 mean=0 max=0 [ms]
[09:13:15.800] D [  tbb   ] WireCell::IFrameFilter "addnoisecrm6" calls=0 time=0 mean=0 max=0 [ms]
[09:13:15.800] D [  tbb   ] WireCell::IFrameFilter "addnoisecrm18" calls=0 time=0 mean=0 max=0 [ms]
[09:13:15.800] D [  tbb   ] WireCell::IFrameFilter "crm75sigproc75" calls=0 time=0 mean=0 max=0 [ms]
[09:13:15.800] D [  tbb   ] WireCell::IFrameFilter "crm42sigproc42" calls=0 time=0 mean=0 max=0 [ms]
[09:13:15.800] D [  tbb   ] WireCell::IFrameFilter "addnoisecrm22" calls=0 time=0 mean=0 max=0 [ms]
[09:13:15.800] D [  tbb   ] WireCell::IDepoFramer "ductor110" calls=0 time=0 mean=0 max=0 [ms]
[09:13:15.800] D [  tbb   ] WireCell::IFrameFilter "crm45sigproc45" calls=0 time=0 mean=0 max=0 [ms]
[09:13:15.800] D [  tbb   ] WireCell::IDepoFramer "ductor42" calls=0 time=0 mean=0 max=0 [ms]
[09:13:15.800] D [  tbb   ] WireCell::IFrameFilter "addnoisecrm34" calls=0 time=0 mean=0 max=0 [ms]
[09:13:15.800] D [  tbb   ] WireCell::IDepoFramer "ductor45" calls=0 time=0 mean=0 max=0 [ms]
[09:13:15.800] D [  tbb   ] WireCell::IFrameFilter "addnoisecrm107" calls=0 time=0 mean=0 max=0 [ms]
[09:13:15.800] D [  tbb   ] WireCell::IFrameFilter "reframer47" calls=0 time=0 mean=0 max=0 [ms]
[09:13:15.800] D [  tbb   ] WireCell::IFrameFilter "addnoisecrm41" calls=0 time=0 mean=0 max=0 [ms]
[09:13:15.800] D [  tbb   ] WireCell::IDepoFramer "ductor106" calls=0 time=0 mean=0 max=0 [ms]
[09:13:15.800] D [  tbb   ] WireCell::IDepoFramer "ductor35" calls=0 time=0 mean=0 max=0 [ms]
[09:13:15.800] D [  tbb   ] WireCell::IFrameFilter "addnoisecrm44" calls=0 time=0 mean=0 max=0 [ms]
[09:13:15.800] D [  tbb   ] WireCell::IFrameFilter "digitizer41" calls=0 time=0 mean=0 max=0 [ms]
[09:13:15.800] D [  tbb   ] WireCell::IFrameFilter "reframer43" calls=0 time=0 mean=0 max=0 [ms]
[09:13:15.800] D [  tbb   ] WireCell::IFrameFilter "addnoisecrm14" calls=0 time=0 mean=0 max=0 [ms]
[09:13:15.800] D [  tbb   ] WireCell::IDepoFramer "ductor37" calls=0 time=0 mean=0 max=0 [ms]
[09:13:15.800] D [  tbb   ] WireCell::IFrameFilter "digitizer35" calls=0 time=0 mean=0 max=0 [ms]
[09:13:15.800] D [  tbb   ] WireCell::IDepoFramer "ductor99" calls=0 time=0 mean=0 max=0 [ms]
[09:13:15.800] D [  tbb   ] WireCell::IDepoFramer "ductor4" calls=0 time=0 mean=0 max=0 [ms]
[09:13:15.800] D [  tbb   ] WireCell::IFrameFilter "reframer13" calls=0 time=0 mean=0 max=0 [ms]
[09:13:15.800] D [  tbb   ] WireCell::IDepoFramer "ductor13" calls=0 time=0 mean=0 max=0 [ms]
[09:13:15.800] D [  tbb   ] WireCell::IFrameFilter "crm11sigproc11" calls=0 time=0 mean=0 max=0 [ms]
[09:13:15.800] D [  tbb   ] WireCell::IFrameFilter "crm106sigproc106" calls=0 time=0 mean=0 max=0 [ms]
[09:13:15.800] D [  tbb   ] WireCell::IFrameFilter "addnoisecrm19" calls=0 time=0 mean=0 max=0 [ms]
[09:13:15.800] D [  tbb   ] WireCell::IDepoFramer "ductor107" calls=0 time=0 mean=0 max=0 [ms]
[09:13:15.800] D [  tbb   ] WireCell::IFrameFilter "crm19sigproc19" calls=0 time=0 mean=0 max=0 [ms]
[09:13:15.800] D [  tbb   ] WireCell::IDepoFramer "ductor12" calls=0 time=0 mean=0 max=0 [ms]
[09:13:15.800] D [  tbb   ] WireCell::IFrameFilter "digitizer10" calls=0 time=0 mean=0 max=0 [ms]
[09:13:15.800] D [  tbb   ] WireCell::IFrameFilter "addnoisecrm11" calls=0 time=0 mean=0 max=0 [ms]
[09:13:15.800] D [  tbb   ] WireCell::IFrameFilter "reframer22" calls=0 time=0 mean=0 max=0 [ms]
[09:13:15.800] D [  tbb   ] WireCell::IFrameFilter "reframer40" calls=0 time=0 mean=0 max=0 [ms]
[09:13:15.800] D [  tbb   ] WireCell::IFrameFilter "digitizer38" calls=0 time=0 mean=0 max=0 [ms]
[09:13:15.800] D [  tbb   ] WireCell::IFrameFilter "reframer5" calls=0 time=0 mean=0 max=0 [ms]
[09:13:15.800] D [  tbb   ] WireCell::IFrameFilter "digitizer12" calls=0 time=0 mean=0 max=0 [ms]
[09:13:15.800] D [  tbb   ] WireCell::IFrameFilter "reframer16" calls=0 time=0 mean=0 max=0 [ms]
[09:13:15.800] D [  tbb   ] WireCell::IDepoFramer "ductor6" calls=0 time=0 mean=0 max=0 [ms]
[09:13:15.800] D [  tbb   ] WireCell::IFrameFilter "reframer24" calls=0 time=0 mean=0 max=0 [ms]
[09:13:15.800] D [  tbb   ] WireCell::IFrameFilter "addnoisecrm24" calls=0 time=0 mean=0 max=0 [ms]
[09:13:15.800] D [  tbb   ] WireCell::IFrameFilter "crm104sigproc104" calls=0 time=0 mean=0 max=0 [ms]
[09:13:15.800] D [  tbb   ] WireCell::IFrameFilter "addnoisecrm15" calls=0 time=0 mean=0 max=0 [ms]
[09:13:15.800] D [  tbb   ] WireCell::IDepoFramer "ductor103" calls=0 time=0 mean=0 max=0 [ms]
[09:13:15.800] D [  tbb   ] WireCell::IFrameFilter "crm110sigproc110" calls=0 time=0 mean=0 max=0 [ms]
[09:13:15.800] D [  tbb   ] WireCell::IDepoFramer "ductor97" calls=0 time=0 mean=0 max=0 [ms]
[09:13:15.800] D [  tbb   ] WireCell::IFrameFilter "digitizer22" calls=0 time=0 mean=0 max=0 [ms]
[09:13:15.800] D [  tbb   ] WireCell::IFrameFilter "reframer15" calls=0 time=0 mean=0 max=0 [ms]
[09:13:15.800] D [  tbb   ] WireCell::IFrameFilter "addnoisecrm9" calls=0 time=0 mean=0 max=0 [ms]
[09:13:15.800] D [  tbb   ] WireCell::IFrameFilter "crm13sigproc13" calls=0 time=0 mean=0 max=0 [ms]
[09:13:15.800] D [  tbb   ] WireCell::IDepoFramer "ductor60" calls=0 time=0 mean=0 max=0 [ms]
[09:13:15.800] D [  tbb   ] WireCell::IFrameFilter "crm22sigproc22" calls=0 time=0 mean=0 max=0 [ms]
[09:13:15.800] D [  tbb   ] WireCell::IDepoFramer "ductor15" calls=0 time=0 mean=0 max=0 [ms]
[09:13:15.800] D [  tbb   ] WireCell::IDepoFramer "ductor3" calls=0 time=0 mean=0 max=0 [ms]
[09:13:15.800] D [  tbb   ] WireCell::IFrameFilter "crm10sigproc10" calls=0 time=0 mean=0 max=0 [ms]
[09:13:15.800] D [  tbb   ] WireCell::IFrameFilter "reframer3" calls=0 time=0 mean=0 max=0 [ms]
[09:13:15.800] D [  tbb   ] WireCell::IFrameFilter "reframer14" calls=0 time=0 mean=0 max=0 [ms]
[09:13:15.800] D [  tbb   ] WireCell::IDepoFramer "ductor14" calls=0 time=0 mean=0 max=0 [ms]
[09:13:15.800] D [  tbb   ] WireCell::IFrameFilter "crm89sigproc89" calls=0 time=0 mean=0 max=0 [ms]
[09:13:15.800] D [  tbb   ] WireCell::IFrameFilter "digitizer16" calls=0 time=0 mean=0 max=0 [ms]
[09:13:15.800] D [  tbb   ] WireCell::IFrameFilter "digitizer88" calls=0 time=0 mean=0 max=0 [ms]
[09:13:15.800] D [  tbb   ] WireCell::IFrameFilter "reframer81" calls=0 time=0 mean=0 max=0 [ms]
[09:13:15.800] D [  tbb   ] WireCell::IDepoFramer "ductor30" calls=0 time=0 mean=0 max=0 [ms]
[09:13:15.800] D [  tbb   ] WireCell::IDepoFramer "ductor58" calls=0 time=0 mean=0 max=0 [ms]
[09:13:15.800] D [  tbb   ] WireCell::IDepoFramer "ductor10" calls=0 time=0 mean=0 max=0 [ms]
[09:13:15.800] D [  tbb   ] WireCell::IFrameFilter "crm17sigproc17" calls=0 time=0 mean=0 max=0 [ms]
[09:13:15.800] D [  tbb   ] WireCell::IDepoFramer "ductor22" calls=0 time=0 mean=0 max=0 [ms]
[09:13:15.800] D [  tbb   ] WireCell::IFrameFilter "crm18sigproc18" calls=0 time=0 mean=0 max=0 [ms]
[09:13:15.800] D [  tbb   ] WireCell::IFrameFilter "reframer9" calls=0 time=0 mean=0 max=0 [ms]
[09:13:15.800] D [  tbb   ] WireCell::IDepoFramer "ductor82" calls=0 time=0 mean=0 max=0 [ms]
[09:13:15.800] D [  tbb   ] WireCell::IFrameFilter "addnoisecrm30" calls=0 time=0 mean=0 max=0 [ms]
[09:13:15.800] D [  tbb   ] WireCell::IFrameFilter "reframer10" calls=0 time=0 mean=0 max=0 [ms]
[09:13:15.800] D [  tbb   ] WireCell::IFrameFilter "digitizer17" calls=0 time=0 mean=0 max=0 [ms]
[09:13:15.800] D [  tbb   ] WireCell::IDepoFramer "ductor11" calls=0 time=0 mean=0 max=0 [ms]
[09:13:15.800] D [  tbb   ] WireCell::IDepoFramer "ductor105" calls=0 time=0 mean=0 max=0 [ms]
[09:13:15.800] D [  tbb   ] WireCell::IFrameFilter "crm58sigproc58" calls=0 time=0 mean=0 max=0 [ms]
[09:13:15.800] D [  tbb   ] WireCell::IFrameFilter "addnoisecrm17" calls=0 time=0 mean=0 max=0 [ms]
[09:13:15.800] D [  tbb   ] WireCell::IFrameFilter "digitizer18" calls=0 time=0 mean=0 max=0 [ms]
[09:13:15.801] D [  tbb   ] WireCell::IDepoFramer "ductor56" calls=0 time=0 mean=0 max=0 [ms]
[09:13:15.801] D [  tbb   ] WireCell::IDepoFramer "ductor17" calls=0 time=0 mean=0 max=0 [ms]
[09:13:15.801] D [  tbb   ] WireCell::IDepoFramer "ductor7" calls=0 time=0 mean=0 max=0 [ms]
[09:13:15.801] D [  tbb   ] WireCell::IFrameFilter "crm14sigproc14" calls=0 time=0 mean=0 max=0 [ms]
[09:13:15.801] D [  tbb   ] WireCell::IDepoFramer "ductor18" calls=0 time=0 mean=0 max=0 [ms]
[09:13:15.801] D [  tbb   ] WireCell::IFrameFilter "reframer7" calls=0 time=0 mean=0 max=0 [ms]
[09:13:15.801] D [  tbb   ] WireCell::IFrameFilter "digitizer14" calls=0 time=0 mean=0 max=0 [ms]
[09:13:15.801] D [  tbb   ] WireCell::IFrameFilter "reframer18" calls=0 time=0 mean=0 max=0 [ms]
[09:13:15.801] D [  tbb   ] WireCell::IFrameFilter "crm9sigproc9" calls=0 time=0 mean=0 max=0 [ms]
[09:13:15.801] D [  tbb   ] WireCell::IFrameFilter "digitizer24" calls=0 time=0 mean=0 max=0 [ms]
[09:13:15.801] D [  tbb   ] WireCell::IFrameFilter "reframer8" calls=0 time=0 mean=0 max=0 [ms]
[09:13:15.801] D [  tbb   ] WireCell::IFrameFilter "reframer26" calls=0 time=0 mean=0 max=0 [ms]
[09:13:15.801] D [  tbb   ] WireCell::IFrameFilter "digitizer15" calls=0 time=0 mean=0 max=0 [ms]
[09:13:15.801] D [  tbb   ] WireCell::IFrameFilter "reframer19" calls=0 time=0 mean=0 max=0 [ms]
[09:13:15.801] D [  tbb   ] WireCell::IDepoFramer "ductor9" calls=0 time=0 mean=0 max=0 [ms]
[09:13:15.801] D [  tbb   ] WireCell::IFrameFilter "crm16sigproc16" calls=0 time=0 mean=0 max=0 [ms]
[09:13:15.801] D [  tbb   ] WireCell::IFrameFilter "reframer11" calls=0 time=0 mean=0 max=0 [ms]
[09:13:15.801] D [  tbb   ] WireCell::IFrameFilter "reframer42" calls=0 time=0 mean=0 max=0 [ms]
[09:13:15.801] D [  tbb   ] WireCell::IFrameFilter "reframer0" calls=0 time=0 mean=0 max=0 [ms]
[09:13:15.801] D [  tbb   ] WireCell::IFrameFilter "reframer88" calls=0 time=0 mean=0 max=0 [ms]
[09:13:15.801] D [  tbb   ] WireCell::IFrameFilter "crm0sigproc0" calls=0 time=0 mean=0 max=0 [ms]
[09:13:15.801] D [  tbb   ] WireCell::IFrameFilter "digitizer95" calls=0 time=0 mean=0 max=0 [ms]
[09:13:15.801] D [  tbb   ] WireCell::IFrameFilter "digitizer0" calls=0 time=0 mean=0 max=0 [ms]
[09:13:15.801] D [  tbb   ] WireCell::IFrameFilter "reframer27" calls=0 time=0 mean=0 max=0 [ms]
[09:13:15.801] D [  tbb   ] WireCell::IFrameFilter "crm5sigproc5" calls=0 time=0 mean=0 max=0 [ms]
[09:13:15.801] D [  tbb   ] WireCell::IFrameFilter "crm39sigproc39" calls=0 time=0 mean=0 max=0 [ms]
[09:13:15.801] D [  tbb   ] WireCell::IFrameFilter "digitizer25" calls=0 time=0 mean=0 max=0 [ms]
[09:13:15.801] D [  tbb   ] WireCell::IDepoFramer "ductor36" calls=0 time=0 mean=0 max=0 [ms]
[09:13:15.801] D [  tbb   ] WireCell::IFrameFilter "digitizer8" calls=0 time=0 mean=0 max=0 [ms]
[09:13:15.801] D [  tbb   ] WireCell::IFrameFilter "digitizer40" calls=0 time=0 mean=0 max=0 [ms]
[09:13:15.801] D [  tbb   ] WireCell::IFrameFilter "digitizer26" calls=0 time=0 mean=0 max=0 [ms]
[09:13:15.801] D [  tbb   ] WireCell::IFrameFilter "reframer1" calls=0 time=0 mean=0 max=0 [ms]
[09:13:15.801] D [  tbb   ] WireCell::IFrameFilter "crm96sigproc96" calls=0 time=0 mean=0 max=0 [ms]
[09:13:15.801] D [  tbb   ] WireCell::IDepoFramer "ductor89" calls=0 time=0 mean=0 max=0 [ms]
[09:13:15.801] D [  tbb   ] WireCell::IFrameFilter "reframer45" calls=0 time=0 mean=0 max=0 [ms]
[09:13:15.801] D [  tbb   ] WireCell::IDepoFramer "ductor27" calls=0 time=0 mean=0 max=0 [ms]
[09:13:15.801] D [  tbb   ] WireCell::IFrameFilter "digitizer81" calls=0 time=0 mean=0 max=0 [ms]
[09:13:15.801] D [  tbb   ] WireCell::IFrameFilter "digitizer31" calls=0 time=0 mean=0 max=0 [ms]
[09:13:15.801] D [  tbb   ] WireCell::IDepoFramer "ductor33" calls=0 time=0 mean=0 max=0 [ms]
[09:13:15.801] D [  tbb   ] WireCell::IFrameFilter "addnoisecrm32" calls=0 time=0 mean=0 max=0 [ms]
[09:13:15.801] D [  tbb   ] WireCell::IDepoFramer "ductor75" calls=0 time=0 mean=0 max=0 [ms]
[09:13:15.801] D [  tbb   ] WireCell::IFrameFilter "crm82sigproc82" calls=0 time=0 mean=0 max=0 [ms]
[09:13:15.801] D [  tbb   ] WireCell::IFrameFilter "reframer32" calls=0 time=0 mean=0 max=0 [ms]
[09:13:15.801] D [  tbb   ] WireCell::IFrameFilter "digitizer30" calls=0 time=0 mean=0 max=0 [ms]
[09:13:15.801] D [  tbb   ] WireCell::IDepoFramer "ductor32" calls=0 time=0 mean=0 max=0 [ms]
[09:13:15.801] D [  tbb   ] WireCell::IFrameFilter "reframer74" calls=0 time=0 mean=0 max=0 [ms]
[09:13:15.801] D [  tbb   ] WireCell::IFrameFilter "crm26sigproc26" calls=0 time=0 mean=0 max=0 [ms]
[09:13:15.801] D [  tbb   ] WireCell::IFrameFilter "addnoisecrm31" calls=0 time=0 mean=0 max=0 [ms]
[09:13:15.801] D [  tbb   ] WireCell::IDepoFramer "ductor0" calls=0 time=0 mean=0 max=0 [ms]
[09:13:15.801] D [  tbb   ] WireCell::IFrameFilter "crm30sigproc30" calls=0 time=0 mean=0 max=0 [ms]
[09:13:15.801] D [  tbb   ] WireCell::IFrameFilter "reframer30" calls=0 time=0 mean=0 max=0 [ms]
[09:13:15.801] D [  tbb   ] WireCell::IFrameFilter "digitizer1" calls=0 time=0 mean=0 max=0 [ms]
[09:13:15.801] D [  tbb   ] WireCell::IDepoFramer "ductor23" calls=0 time=0 mean=0 max=0 [ms]
[09:13:15.801] D [  tbb   ] WireCell::IFrameFilter "reframer31" calls=0 time=0 mean=0 max=0 [ms]
[09:13:15.801] D [  tbb   ] WireCell::IFrameFilter "digitizer27" calls=0 time=0 mean=0 max=0 [ms]
[09:13:15.801] D [  tbb   ] WireCell::IFrameFilter "digitizer7" calls=0 time=0 mean=0 max=0 [ms]
[09:13:15.801] D [  tbb   ] WireCell::IDepoFramer "ductor91" calls=0 time=0 mean=0 max=0 [ms]
[09:13:15.801] D [  tbb   ] WireCell::IFrameFilter "crm62sigproc62" calls=0 time=0 mean=0 max=0 [ms]
[09:13:15.801] D [  tbb   ] WireCell::IFrameFilter "addnoisecrm3" calls=0 time=0 mean=0 max=0 [ms]
[09:13:15.801] D [  tbb   ] WireCell::IFrameFilter "digitizer11" calls=0 time=0 mean=0 max=0 [ms]
[09:13:15.801] D [  tbb   ] WireCell::IFrameFilter "reframer4" calls=0 time=0 mean=0 max=0 [ms]
[09:13:15.801] D [  tbb   ] WireCell::IFrameFilter "digitizer5" calls=0 time=0 mean=0 max=0 [ms]
[09:13:15.801] D [  tbb   ] WireCell::IFrameFilter "crm6sigproc6" calls=0 time=0 mean=0 max=0 [ms]
[09:13:15.801] D [  tbb   ] WireCell::IFrameFilter "addnoisecrm25" calls=0 time=0 mean=0 max=0 [ms]
[09:13:15.801] D [  tbb   ] WireCell::IFrameFilter "crm7sigproc7" calls=0 time=0 mean=0 max=0 [ms]
[09:13:15.801] D [  tbb   ] WireCell::IFrameFilter "crm98sigproc98" calls=0 time=0 mean=0 max=0 [ms]
[09:13:15.801] D [  tbb   ] WireCell::IFrameFilter "crm103sigproc103" calls=0 time=0 mean=0 max=0 [ms]
[09:13:15.801] D [  tbb   ] WireCell::IDepoFramer "ductor96" calls=0 time=0 mean=0 max=0 [ms]
[09:13:15.801] D [  tbb   ] WireCell::IFrameFilter "crm25sigproc25" calls=0 time=0 mean=0 max=0 [ms]
[09:13:15.801] D [  tbb   ] WireCell::IFrameFilter "reframer25" calls=0 time=0 mean=0 max=0 [ms]
[09:13:15.801] D [  tbb   ] WireCell::IFrameFilter "addnoisecrm26" calls=0 time=0 mean=0 max=0 [ms]
[09:13:15.801] D [  tbb   ] WireCell::IFrameFilter "digitizer23" calls=0 time=0 mean=0 max=0 [ms]
[09:13:15.801] D [  tbb   ] WireCell::IFrameFilter "addnoisecrm8" calls=0 time=0 mean=0 max=0 [ms]
[09:13:15.801] D [  tbb   ] WireCell::IDepoFramer "ductor2" calls=0 time=0 mean=0 max=0 [ms]
[09:13:15.801] D [  tbb   ] WireCell::IFrameFilter "reframer6" calls=0 time=0 mean=0 max=0 [ms]
[09:13:15.801] D [  tbb   ] WireCell::IDepoFramer "ductor1" calls=0 time=0 mean=0 max=0 [ms]
[09:13:15.801] D [  tbb   ] WireCell::IFrameFilter "addnoisecrm1" calls=0 time=0 mean=0 max=0 [ms]
[09:13:15.801] D [  tbb   ] WireCell::IFrameFilter "crm2sigproc2" calls=0 time=0 mean=0 max=0 [ms]
[09:13:15.801] D [  tbb   ] WireCell::IDepoFramer "ductor31" calls=0 time=0 mean=0 max=0 [ms]
[09:13:15.801] D [  tbb   ] WireCell::IFrameFilter "digitizer2" calls=0 time=0 mean=0 max=0 [ms]
[09:13:15.801] D [  tbb   ] WireCell::IFrameFilter "crm8sigproc8" calls=0 time=0 mean=0 max=0 [ms]
[09:13:15.801] D [  tbb   ] WireCell::IFrameFilter "digitizer13" calls=0 time=0 mean=0 max=0 [ms]
[09:13:15.801] D [  tbb   ] WireCell::IFrameFilter "reframer41" calls=0 time=0 mean=0 max=0 [ms]
[09:13:15.801] D [  tbb   ] WireCell::IFrameFilter "reframer33" calls=0 time=0 mean=0 max=0 [ms]
[09:13:15.801] D [  tbb   ] WireCell::IFrameFilter "digitizer39" calls=0 time=0 mean=0 max=0 [ms]
[09:13:15.801] D [  tbb   ] WireCell::IFrameFilter "reframer44" calls=0 time=0 mean=0 max=0 [ms]
[09:13:15.801] D [  tbb   ] WireCell::IDepoFramer "ductor62" calls=0 time=0 mean=0 max=0 [ms]
[09:13:15.801] D [  tbb   ] WireCell::IDepoFramer "ductor26" calls=0 time=0 mean=0 max=0 [ms]
[09:13:15.801] D [  tbb   ] WireCell::IFrameFilter "crm3sigproc3" calls=0 time=0 mean=0 max=0 [ms]
[09:13:15.801] D [  tbb   ] WireCell::IFrameFilter "reframer95" calls=0 time=0 mean=0 max=0 [ms]
[09:13:15.801] D [  tbb   ] WireCell::IFrameFilter "digitizer102" calls=0 time=0 mean=0 max=0 [ms]
[09:13:15.801] D [  tbb   ] WireCell::IFrameFilter "digitizer3" calls=0 time=0 mean=0 max=0 [ms]
[09:13:15.801] D [  tbb   ] WireCell::IDepoFramer "ductor67" calls=0 time=0 mean=0 max=0 [ms]
[09:13:15.801] D [  tbb   ] WireCell::IFrameFilter "addnoisecrm77" calls=0 time=0 mean=0 max=0 [ms]
[09:13:15.801] D [  tbb   ] WireCell::IFrameFilter "addnoisecrm68" calls=0 time=0 mean=0 max=0 [ms]
[09:13:15.801] D [  tbb   ] WireCell::IFrameFilter "digitizer77" calls=0 time=0 mean=0 max=0 [ms]
[09:13:15.801] D [  tbb   ] WireCell::IFrameFilter "reframer70" calls=0 time=0 mean=0 max=0 [ms]
[09:13:15.801] D [  tbb   ] WireCell::IFrameFilter "digitizer68" calls=0 time=0 mean=0 max=0 [ms]
[09:13:15.801] D [  tbb   ] WireCell::IFrameFilter "crm77sigproc77" calls=0 time=0 mean=0 max=0 [ms]
[09:13:15.801] D [  tbb   ] WireCell::IFrameFilter "crm68sigproc68" calls=0 time=0 mean=0 max=0 [ms]
[09:13:15.801] D [  tbb   ] WireCell::IFrameFilter "addnoisecrm67" calls=0 time=0 mean=0 max=0 [ms]
[09:13:15.801] D [  tbb   ] WireCell::IFrameFilter "reframer69" calls=0 time=0 mean=0 max=0 [ms]
[09:13:15.801] D [  tbb   ] WireCell::IFrameFilter "digitizer67" calls=0 time=0 mean=0 max=0 [ms]
[09:13:15.801] D [  tbb   ] WireCell::IDepoFramer "ductor69" calls=0 time=0 mean=0 max=0 [ms]
[09:13:15.801] D [  tbb   ] WireCell::IFrameFilter "addnoisecrm84" calls=0 time=0 mean=0 max=0 [ms]
[09:13:15.801] D [  tbb   ] WireCell::IFrameFilter "addnoisecrm66" calls=0 time=0 mean=0 max=0 [ms]
[09:13:15.801] D [  tbb   ] WireCell::IFrameFilter "digitizer84" calls=0 time=0 mean=0 max=0 [ms]
[09:13:15.801] D [  tbb   ] WireCell::IFrameFilter "reframer77" calls=0 time=0 mean=0 max=0 [ms]
[09:13:15.801] D [  tbb   ] WireCell::IFrameFilter "reframer68" calls=0 time=0 mean=0 max=0 [ms]
[09:13:15.801] D [  tbb   ] WireCell::IFrameFilter "digitizer66" calls=0 time=0 mean=0 max=0 [ms]
[09:13:15.801] D [  tbb   ] WireCell::IFrameFilter "crm84sigproc84" calls=0 time=0 mean=0 max=0 [ms]
[09:13:15.801] D [  tbb   ] WireCell::IDepoFramer "ductor77" calls=0 time=0 mean=0 max=0 [ms]
[09:13:15.801] D [  tbb   ] WireCell::IFrameFilter "crm66sigproc66" calls=0 time=0 mean=0 max=0 [ms]
[09:13:15.801] D [  tbb   ] WireCell::IFrameFilter "digitizer71" calls=0 time=0 mean=0 max=0 [ms]
[09:13:15.801] D [  tbb   ] WireCell::IFrameFilter "crm80sigproc80" calls=0 time=0 mean=0 max=0 [ms]
[09:13:15.801] D [  tbb   ] WireCell::IDepoFramer "ductor73" calls=0 time=0 mean=0 max=0 [ms]
[09:13:15.801] D [  tbb   ] WireCell::IFrameFilter "digitizer72" calls=0 time=0 mean=0 max=0 [ms]
[09:13:15.801] D [  tbb   ] WireCell::IFrameFilter "crm72sigproc72" calls=0 time=0 mean=0 max=0 [ms]
[09:13:15.801] D [  tbb   ] WireCell::IFrameFilter "digitizer79" calls=0 time=0 mean=0 max=0 [ms]
[09:13:15.801] D [  tbb   ] WireCell::IFrameFilter "reframer72" calls=0 time=0 mean=0 max=0 [ms]
[09:13:15.801] D [  tbb   ] WireCell::IFrameFilter "crm79sigproc79" calls=0 time=0 mean=0 max=0 [ms]
[09:13:15.801] D [  tbb   ] WireCell::IDepoFramer "ductor72" calls=0 time=0 mean=0 max=0 [ms]
[09:13:15.801] D [  tbb   ] WireCell::IFrameFilter "addnoisecrm71" calls=0 time=0 mean=0 max=0 [ms]
[09:13:15.801] D [  tbb   ] WireCell::IDepoFramer "ductor66" calls=0 time=0 mean=0 max=0 [ms]
[09:13:15.801] D [  tbb   ] WireCell::IFrameFilter "crm71sigproc71" calls=0 time=0 mean=0 max=0 [ms]
[09:13:15.801] D [  tbb   ] WireCell::IFrameFilter "digitizer78" calls=0 time=0 mean=0 max=0 [ms]
[09:13:15.801] D [  tbb   ] WireCell::IFrameFilter "reframer71" calls=0 time=0 mean=0 max=0 [ms]
[09:13:15.801] D [  tbb   ] WireCell::IFrameFilter "addnoisecrm70" calls=0 time=0 mean=0 max=0 [ms]
[09:13:15.801] D [  tbb   ] WireCell::IFrameFilter "digitizer70" calls=0 time=0 mean=0 max=0 [ms]
[09:13:15.801] D [  tbb   ] WireCell::IFrameFilter "crm70sigproc70" calls=0 time=0 mean=0 max=0 [ms]
[09:13:15.801] D [  tbb   ] WireCell::IFrameFilter "addnoisecrm69" calls=0 time=0 mean=0 max=0 [ms]
[09:13:15.801] D [  tbb   ] WireCell::IFrameFilter "digitizer69" calls=0 time=0 mean=0 max=0 [ms]
[09:13:15.801] D [  tbb   ] WireCell::IFrameFilter "crm69sigproc69" calls=0 time=0 mean=0 max=0 [ms]
[09:13:15.801] D [  tbb   ] WireCell::IFrameFilter "reframer105" calls=0 time=0 mean=0 max=0 [ms]
[09:13:15.801] D [  tbb   ] WireCell::IFrameFilter "addnoisecrm61" calls=0 time=0 mean=0 max=0 [ms]
[09:13:15.801] D [  tbb   ] WireCell::IDepoFramer "ductor61" calls=0 time=0 mean=0 max=0 [ms]
[09:13:15.801] D [  tbb   ] WireCell::IFrameFilter "addnoisecrm105" calls=0 time=0 mean=0 max=0 [ms]
[09:13:15.801] D [  tbb   ] WireCell::IFrameFilter "addnoisecrm60" calls=0 time=0 mean=0 max=0 [ms]
[09:13:15.801] D [  tbb   ] WireCell::IFrameFilter "digitizer105" calls=0 time=0 mean=0 max=0 [ms]
[09:13:15.801] D [  tbb   ] WireCell::IFrameFilter "reframer98" calls=0 time=0 mean=0 max=0 [ms]
[09:13:15.801] D [  tbb   ] WireCell::IFrameFilter "reframer62" calls=0 time=0 mean=0 max=0 [ms]
[09:13:15.801] D [  tbb   ] WireCell::IFrameFilter "digitizer60" calls=0 time=0 mean=0 max=0 [ms]
[09:13:15.801] D [  tbb   ] WireCell::IFrameFilter "addnoisecrm59" calls=0 time=0 mean=0 max=0 [ms]
[09:13:15.801] D [  tbb   ] WireCell::IDepoFramer "ductor59" calls=0 time=0 mean=0 max=0 [ms]
[09:13:15.801] D [  tbb   ] WireCell::IFrameFilter "addnoisecrm62" calls=0 time=0 mean=0 max=0 [ms]
[09:13:15.801] D [  tbb   ] WireCell::IFrameFilter "reframer60" calls=0 time=0 mean=0 max=0 [ms]
[09:13:15.801] D [  tbb   ] WireCell::IFrameFilter "digitizer58" calls=0 time=0 mean=0 max=0 [ms]
[09:13:15.801] D [  tbb   ] WireCell::IFrameFilter "addnoisecrm57" calls=0 time=0 mean=0 max=0 [ms]
[09:13:15.801] D [  tbb   ] WireCell::IFrameFilter "reframer59" calls=0 time=0 mean=0 max=0 [ms]
[09:13:15.801] D [  tbb   ] WireCell::IFrameFilter "digitizer57" calls=0 time=0 mean=0 max=0 [ms]
[09:13:15.801] D [  tbb   ] WireCell::IDepoFramer "ductor57" calls=0 time=0 mean=0 max=0 [ms]
[09:13:15.801] D [  tbb   ] WireCell::IFrameFilter "addnoisecrm56" calls=0 time=0 mean=0 max=0 [ms]
[09:13:15.801] D [  tbb   ] WireCell::IFrameFilter "reframer58" calls=0 time=0 mean=0 max=0 [ms]
[09:13:15.801] D [  tbb   ] WireCell::IFrameFilter "digitizer56" calls=0 time=0 mean=0 max=0 [ms]
[09:13:15.801] D [  tbb   ] WireCell::IFrameFilter "digitizer64" calls=0 time=0 mean=0 max=0 [ms]
[09:13:15.801] D [  tbb   ] WireCell::IFrameFilter "addnoisecrm65" calls=0 time=0 mean=0 max=0 [ms]
[09:13:15.801] D [  tbb   ] WireCell::IFrameFilter "reframer67" calls=0 time=0 mean=0 max=0 [ms]
[09:13:15.801] D [  tbb   ] WireCell::IFrameFilter "digitizer65" calls=0 time=0 mean=0 max=0 [ms]
[09:13:15.801] D [  tbb   ] WireCell::IDepoFramer "ductor65" calls=0 time=0 mean=0 max=0 [ms]
[09:13:15.801] D [  tbb   ] WireCell::IFrameFilter "addnoisecrm91" calls=0 time=0 mean=0 max=0 [ms]
[09:13:15.801] D [  tbb   ] WireCell::IFrameFilter "addnoisecrm64" calls=0 time=0 mean=0 max=0 [ms]
[09:13:15.801] D [  tbb   ] WireCell::IFrameFilter "digitizer91" calls=0 time=0 mean=0 max=0 [ms]
[09:13:15.801] D [  tbb   ] WireCell::IFrameFilter "reframer84" calls=0 time=0 mean=0 max=0 [ms]
[09:13:15.801] D [  tbb   ] WireCell::IFrameFilter "reframer66" calls=0 time=0 mean=0 max=0 [ms]
[09:13:15.801] D [  tbb   ] WireCell::IFrameFilter "crm73sigproc73" calls=0 time=0 mean=0 max=0 [ms]
[09:13:15.801] D [  tbb   ] WireCell::IFrameFilter "crm91sigproc91" calls=0 time=0 mean=0 max=0 [ms]
[09:13:15.801] D [  tbb   ] WireCell::IDepoFramer "ductor84" calls=0 time=0 mean=0 max=0 [ms]
[09:13:15.801] D [  tbb   ] WireCell::IFrameFilter "crm64sigproc64" calls=0 time=0 mean=0 max=0 [ms]
[09:13:15.801] D [  tbb   ] WireCell::IDepoFramer "ductor64" calls=0 time=0 mean=0 max=0 [ms]
[09:13:15.801] D [  tbb   ] WireCell::IFrameFilter "addnoisecrm63" calls=0 time=0 mean=0 max=0 [ms]
[09:13:15.801] D [  tbb   ] WireCell::IFrameFilter "reframer65" calls=0 time=0 mean=0 max=0 [ms]
[09:13:15.801] D [  tbb   ] WireCell::IFrameFilter "digitizer63" calls=0 time=0 mean=0 max=0 [ms]
[09:13:15.801] D [  tbb   ] WireCell::IDepoFramer "ductor63" calls=0 time=0 mean=0 max=0 [ms]
[09:13:15.801] D [  tbb   ] WireCell::IFrameFilter "addnoisecrm98" calls=0 time=0 mean=0 max=0 [ms]
[09:13:15.801] D [  tbb   ] WireCell::IFrameFilter "reframer92" calls=0 time=0 mean=0 max=0 [ms]
[09:13:15.801] D [  tbb   ] WireCell::IFrameFilter "reframer99" calls=0 time=0 mean=0 max=0 [ms]
[09:13:15.801] D [  tbb   ] WireCell::IFrameFilter "addnoisecrm97" calls=0 time=0 mean=0 max=0 [ms]
[09:13:15.801] D [  tbb   ] WireCell::IFrameFilter "addnoisecrm96" calls=0 time=0 mean=0 max=0 [ms]
[09:13:15.801] D [  tbb   ] WireCell::IFrameFilter "digitizer103" calls=0 time=0 mean=0 max=0 [ms]
[09:13:15.801] D [  tbb   ] WireCell::IFrameFilter "reframer96" calls=0 time=0 mean=0 max=0 [ms]
[09:13:15.801] D [  tbb   ] WireCell::IFrameFilter "addnoisecrm95" calls=0 time=0 mean=0 max=0 [ms]
[09:13:15.801] D [  tbb   ] WireCell::IFrameFilter "addnoisecrm94" calls=0 time=0 mean=0 max=0 [ms]
[09:13:15.801] D [  tbb   ] WireCell::IFrameFilter "digitizer100" calls=0 time=0 mean=0 max=0 [ms]
[09:13:15.801] D [  tbb   ] WireCell::IFrameFilter "reframer93" calls=0 time=0 mean=0 max=0 [ms]
[09:13:15.801] D [  tbb   ] WireCell::IFrameFilter "digitizer99" calls=0 time=0 mean=0 max=0 [ms]
[09:13:15.801] D [  tbb   ] WireCell::IFrameFilter "digitizer106" calls=0 time=0 mean=0 max=0 [ms]
[09:13:15.801] D [  tbb   ] WireCell::IFrameFilter "addnoisecrm90" calls=0 time=0 mean=0 max=0 [ms]
[09:13:15.801] D [  tbb   ] WireCell::IFrameFilter "digitizer97" calls=0 time=0 mean=0 max=0 [ms]
[09:13:15.801] D [  tbb   ] WireCell::IFrameFilter "reframer90" calls=0 time=0 mean=0 max=0 [ms]
[09:13:15.801] D [  tbb   ] WireCell::IFrameFilter "digitizer96" calls=0 time=0 mean=0 max=0 [ms]
[09:13:15.802] D [  tbb   ] WireCell::IFrameFilter "reframer89" calls=0 time=0 mean=0 max=0 [ms]
[09:13:15.802] D [  tbb   ] WireCell::IFrameFilter "addnoisecrm87" calls=0 time=0 mean=0 max=0 [ms]
[09:13:15.802] D [  tbb   ] WireCell::IFrameFilter "digitizer94" calls=0 time=0 mean=0 max=0 [ms]
[09:13:15.802] D [  tbb   ] WireCell::IFrameFilter "reframer87" calls=0 time=0 mean=0 max=0 [ms]
[09:13:15.802] D [  tbb   ] WireCell::IFrameFilter "crm94sigproc94" calls=0 time=0 mean=0 max=0 [ms]
[09:13:15.802] D [  tbb   ] WireCell::IFrameFilter "addnoisecrm104" calls=0 time=0 mean=0 max=0 [ms]
[09:13:15.802] D [  tbb   ] WireCell::IFrameFilter "addnoisecrm111" calls=0 time=0 mean=0 max=0 [ms]
[09:13:15.802] D [  tbb   ] WireCell::IFrameFilter "reframer111" calls=0 time=0 mean=0 max=0 [ms]
[09:13:15.802] D [  tbb   ] WireCell::IDepoFramer "ductor111" calls=0 time=0 mean=0 max=0 [ms]
[09:13:15.802] D [  tbb   ] WireCell::IFrameFilter "addnoisecrm110" calls=0 time=0 mean=0 max=0 [ms]
[09:13:15.802] D [  tbb   ] WireCell::IFrameFilter "reframer110" calls=0 time=0 mean=0 max=0 [ms]
[09:13:15.802] D [  tbb   ] WireCell::IFrameFilter "reframer109" calls=0 time=0 mean=0 max=0 [ms]
[09:13:15.802] D [  tbb   ] WireCell::IFrameFilter "reframer108" calls=0 time=0 mean=0 max=0 [ms]
[09:13:15.802] D [  tbb   ] WireCell::IFrameFilter "reframer107" calls=0 time=0 mean=0 max=0 [ms]
[09:13:15.802] D [  tbb   ] WireCell::IFrameFilter "addnoisecrm106" calls=0 time=0 mean=0 max=0 [ms]
[09:13:15.802] D [  tbb   ] WireCell::IDepoFramer "ductor87" calls=0 time=0 mean=0 max=0 [ms]
[09:13:15.802] D [  tbb   ] WireCell::IFrameFilter "digitizer111" calls=0 time=0 mean=0 max=0 [ms]
[09:13:15.802] D [  tbb   ] WireCell::IFrameFilter "reframer104" calls=0 time=0 mean=0 max=0 [ms]
[09:13:15.802] D [  tbb   ] WireCell::IFrameFilter "addnoisecrm103" calls=0 time=0 mean=0 max=0 [ms]
[09:13:15.802] D [  tbb   ] WireCell::IFrameFilter "digitizer110" calls=0 time=0 mean=0 max=0 [ms]
[09:13:15.802] D [  tbb   ] WireCell::IFrameFilter "reframer103" calls=0 time=0 mean=0 max=0 [ms]
[09:13:15.802] D [  tbb   ] WireCell::IFrameFilter "addnoisecrm101" calls=0 time=0 mean=0 max=0 [ms]
[09:13:15.802] D [  tbb   ] WireCell::IFrameFilter "digitizer108" calls=0 time=0 mean=0 max=0 [ms]
[09:13:15.802] D [  tbb   ] WireCell::IFrameFilter "reframer101" calls=0 time=0 mean=0 max=0 [ms]
[09:13:15.802] D [  tbb   ] WireCell::IFrameFilter "addnoisecrm99" calls=0 time=0 mean=0 max=0 [ms]
[09:13:15.802] D [  tbb   ] WireCell::IFrameFilter "digitizer76" calls=0 time=0 mean=0 max=0 [ms]
[09:13:15.802] D [  tbb   ] WireCell::IFrameFilter "digitizer86" calls=0 time=0 mean=0 max=0 [ms]
[09:13:15.802] D [  tbb   ] WireCell::IFrameFilter "reframer79" calls=0 time=0 mean=0 max=0 [ms]
[09:13:15.802] D [  tbb   ] WireCell::IFrameFilter "crm86sigproc86" calls=0 time=0 mean=0 max=0 [ms]
[09:13:15.802] D [  tbb   ] WireCell::IDepoFramer "ductor79" calls=0 time=0 mean=0 max=0 [ms]
[09:13:15.802] D [  tbb   ] WireCell::IFrameFilter "addnoisecrm78" calls=0 time=0 mean=0 max=0 [ms]
[09:13:15.802] D [  tbb   ] WireCell::IFrameFilter "digitizer85" calls=0 time=0 mean=0 max=0 [ms]
[09:13:15.802] D [  tbb   ] WireCell::IFrameFilter "reframer78" calls=0 time=0 mean=0 max=0 [ms]
[09:13:15.802] D [  tbb   ] WireCell::IFrameFilter "crm85sigproc85" calls=0 time=0 mean=0 max=0 [ms]
[09:13:15.802] D [  tbb   ] WireCell::IDepoFramer "ductor78" calls=0 time=0 mean=0 max=0 [ms]
[09:13:15.802] D [  tbb   ] WireCell::IFrameFilter "addnoisecrm76" calls=0 time=0 mean=0 max=0 [ms]
[09:13:15.802] D [  tbb   ] WireCell::IDepoFramer "ductor80" calls=0 time=0 mean=0 max=0 [ms]
[09:13:15.802] D [  tbb   ] WireCell::IFrameFilter "digitizer83" calls=0 time=0 mean=0 max=0 [ms]
[09:13:15.802] D [  tbb   ] WireCell::IFrameFilter "reframer76" calls=0 time=0 mean=0 max=0 [ms]
[09:13:15.802] D [  tbb   ] WireCell::IFrameFilter "addnoisecrm75" calls=0 time=0 mean=0 max=0 [ms]
[09:13:15.802] D [  tbb   ] WireCell::IFrameFilter "digitizer75" calls=0 time=0 mean=0 max=0 [ms]
[09:13:15.802] D [  tbb   ] WireCell::IFrameFilter "digitizer82" calls=0 time=0 mean=0 max=0 [ms]
[09:13:15.802] D [  tbb   ] WireCell::IFrameFilter "reframer75" calls=0 time=0 mean=0 max=0 [ms]
[09:13:15.802] D [  tbb   ] WireCell::IFrameFilter "addnoisecrm74" calls=0 time=0 mean=0 max=0 [ms]
[09:13:15.802] D [  tbb   ] WireCell::IFrameFilter "addnoisecrm73" calls=0 time=0 mean=0 max=0 [ms]
[09:13:15.802] D [  tbb   ] WireCell::IFrameFilter "digitizer73" calls=0 time=0 mean=0 max=0 [ms]
[09:13:15.802] D [  tbb   ] WireCell::IFrameFilter "digitizer90" calls=0 time=0 mean=0 max=0 [ms]
[09:13:15.802] D [  tbb   ] WireCell::IFrameFilter "digitizer93" calls=0 time=0 mean=0 max=0 [ms]
[09:13:15.802] D [  tbb   ] WireCell::IFrameFilter "reframer86" calls=0 time=0 mean=0 max=0 [ms]
[09:13:15.802] D [  tbb   ] WireCell::IFrameFilter "crm93sigproc93" calls=0 time=0 mean=0 max=0 [ms]
[09:13:15.802] D [  tbb   ] WireCell::IDepoFramer "ductor86" calls=0 time=0 mean=0 max=0 [ms]
[09:13:15.802] D [  tbb   ] WireCell::IFrameFilter "addnoisecrm85" calls=0 time=0 mean=0 max=0 [ms]
[09:13:15.802] D [  tbb   ] WireCell::IFrameFilter "digitizer92" calls=0 time=0 mean=0 max=0 [ms]
[09:13:15.802] D [  tbb   ] WireCell::IFrameFilter "reframer85" calls=0 time=0 mean=0 max=0 [ms]
[09:13:15.802] D [  tbb   ] WireCell::IFrameFilter "crm92sigproc92" calls=0 time=0 mean=0 max=0 [ms]
[09:13:15.802] D [  tbb   ] WireCell::IDepoFramer "ductor85" calls=0 time=0 mean=0 max=0 [ms]
[09:13:15.802] D [  tbb   ] WireCell::IFrameFilter "crm56sigproc56" calls=0 time=0 mean=0 max=0 [ms]
[09:13:15.802] D [  tbb   ] WireCell::IFrameFilter "reframer83" calls=0 time=0 mean=0 max=0 [ms]
[09:13:15.802] D [  tbb   ] WireCell::IFrameFilter "addnoisecrm82" calls=0 time=0 mean=0 max=0 [ms]
[09:13:15.802] D [  tbb   ] WireCell::IFrameFilter "digitizer89" calls=0 time=0 mean=0 max=0 [ms]
[09:13:15.802] D [  tbb   ] WireCell::IFrameFilter "reframer82" calls=0 time=0 mean=0 max=0 [ms]
[09:13:15.802] D [  tbb   ] WireCell::IFrameFilter "addnoisecrm81" calls=0 time=0 mean=0 max=0 [ms]
[09:13:15.802] D [  tbb   ] WireCell::IFrameFilter "addnoisecrm80" calls=0 time=0 mean=0 max=0 [ms]
[09:13:15.802] D [  tbb   ] WireCell::IFrameFilter "digitizer87" calls=0 time=0 mean=0 max=0 [ms]
[09:13:15.802] D [  tbb   ] WireCell::IFrameFilter "reframer80" calls=0 time=0 mean=0 max=0 [ms]
[09:13:15.802] D [  tbb   ] WireCell::IFrameFilter "crm87sigproc87" calls=0 time=0 mean=0 max=0 [ms]
[09:13:15.802] D [  tbb   ] WireCell::IFrameFilter "reframer2" calls=0 time=0 mean=0 max=0 [ms]
[09:13:15.802] D [  tbb   ] WireCell::IFrameFilter "addnoisecrm49" calls=0 time=0 mean=0 max=0 [ms]
[09:13:15.802] D [  tbb   ] WireCell::IFrameFilter "crm111sigproc111" calls=0 time=0 mean=0 max=0 [ms]
[09:13:15.802] D [  tbb   ] WireCell::IDepoFramer "ductor104" calls=0 time=0 mean=0 max=0 [ms]
[09:13:15.802] D [  tbb   ] WireCell::IFrameFilter "addnoisecrm16" calls=0 time=0 mean=0 max=0 [ms]
[09:13:15.802] D [  tbb   ] WireCell::IFrameFilter "digitizer104" calls=0 time=0 mean=0 max=0 [ms]
[09:13:15.802] D [  tbb   ] WireCell::IFrameFilter "reframer97" calls=0 time=0 mean=0 max=0 [ms]
[09:13:15.802] D [  tbb   ] WireCell::IFrameFilter "crm107sigproc107" calls=0 time=0 mean=0 max=0 [ms]
[09:13:15.802] D [  tbb   ] WireCell::IDepoFramer "ductor100" calls=0 time=0 mean=0 max=0 [ms]
[09:13:15.802] D [  tbb   ] WireCell::IFrameFilter "addnoisecrm12" calls=0 time=0 mean=0 max=0 [ms]
[09:13:15.802] D [  tbb   ] WireCell::IFrameFilter "addnoisecrm88" calls=0 time=0 mean=0 max=0 [ms]
[09:13:15.802] D [  tbb   ] WireCell::IFrameFilter "crm33sigproc33" calls=0 time=0 mean=0 max=0 [ms]
[09:13:15.802] D [  tbb   ] WireCell::IFrameFilter "digitizer9" calls=0 time=0 mean=0 max=0 [ms]
[09:13:15.802] D [  tbb   ] WireCell::IFrameFilter "addnoisecrm35" calls=0 time=0 mean=0 max=0 [ms]
[09:13:15.802] D [  tbb   ] WireCell::IFrameFilter "crm57sigproc57" calls=0 time=0 mean=0 max=0 [ms]
[09:13:15.802] D [  tbb   ] WireCell::IFrameFilter "digitizer107" calls=0 time=0 mean=0 max=0 [ms]
[09:13:15.802] D [  tbb   ] WireCell::IFrameFilter "reframer100" calls=0 time=0 mean=0 max=0 [ms]
[09:13:15.802] D [  tbb   ] WireCell::IFrameFilter "crm32sigproc32" calls=0 time=0 mean=0 max=0 [ms]
[09:13:15.802] D [  tbb   ] WireCell::IFrameFilter "addnoisecrm37" calls=0 time=0 mean=0 max=0 [ms]
[09:13:15.802] D [  tbb   ] WireCell::IFrameFilter "digitizer80" calls=0 time=0 mean=0 max=0 [ms]
[09:13:15.802] D [  tbb   ] WireCell::IFrameFilter "reframer73" calls=0 time=0 mean=0 max=0 [ms]
[09:13:15.802] D [  tbb   ] WireCell::IFrameFilter "crm99sigproc99" calls=0 time=0 mean=0 max=0 [ms]
[09:13:15.802] D [  tbb   ] WireCell::IDepoFramer "ductor90" calls=0 time=0 mean=0 max=0 [ms]
[09:13:15.802] D [  tbb   ] WireCell::IFrameFilter "addnoisecrm2" calls=0 time=0 mean=0 max=0 [ms]
[09:13:15.802] D [  tbb   ] WireCell::IFrameFilter "crm31sigproc31" calls=0 time=0 mean=0 max=0 [ms]
[09:13:15.802] D [  tbb   ] WireCell::IFrameFilter "digitizer109" calls=0 time=0 mean=0 max=0 [ms]
[09:13:15.802] D [  tbb   ] WireCell::IFrameFilter "reframer102" calls=0 time=0 mean=0 max=0 [ms]
[09:13:15.802] D [  tbb   ] WireCell::IDepoFramer "ductor24" calls=0 time=0 mean=0 max=0 [ms]
[09:13:15.802] D [  tbb   ] WireCell::IDepoFramer "ductor46" calls=0 time=0 mean=0 max=0 [ms]
[09:13:15.802] D [  tbb   ] WireCell::IDepoFramer "ductor43" calls=0 time=0 mean=0 max=0 [ms]
[09:13:15.802] D [  tbb   ] WireCell::IFrameFilter "crm74sigproc74" calls=0 time=0 mean=0 max=0 [ms]
[09:13:15.802] D [  tbb   ] WireCell::IFrameFilter "reframer106" calls=0 time=0 mean=0 max=0 [ms]
[09:13:15.802] D [  tbb   ] WireCell::IDepoFramer "ductor92" calls=0 time=0 mean=0 max=0 [ms]
[09:13:15.802] D [  tbb   ] WireCell::IFrameFilter "addnoisecrm4" calls=0 time=0 mean=0 max=0 [ms]
[09:13:15.802] D [  tbb   ] WireCell::IFrameFilter "crm61sigproc61" calls=0 time=0 mean=0 max=0 [ms]
[09:13:15.802] D [  tbb   ] WireCell::IFrameFilter "addnoisecrm102" calls=0 time=0 mean=0 max=0 [ms]
[09:13:15.802] D [  tbb   ] WireCell::IFrameFilter "reframer61" calls=0 time=0 mean=0 max=0 [ms]
[09:13:15.802] D [  tbb   ] WireCell::IFrameFilter "digitizer59" calls=0 time=0 mean=0 max=0 [ms]
[09:13:15.802] D [  tbb   ] WireCell::IDepoFramer "ductor19" calls=0 time=0 mean=0 max=0 [ms]
[09:13:15.802] D [  tbb   ] WireCell::IDepoFramer "ductor49" calls=0 time=0 mean=0 max=0 [ms]
[09:13:15.802] D [  tbb   ] WireCell::IDepoFramer "ductor25" calls=0 time=0 mean=0 max=0 [ms]
[09:13:15.802] D [  tbb   ] WireCell::IFrameFilter "digitizer19" calls=0 time=0 mean=0 max=0 [ms]
[09:13:15.802] D [  tbb   ] WireCell::IDepoFramer "ductor83" calls=0 time=0 mean=0 max=0 [ms]
[09:13:15.802] D [  tbb   ] WireCell::IFrameFilter "reframer23" calls=0 time=0 mean=0 max=0 [ms]
[09:13:15.802] D [  tbb   ] WireCell::IFrameFilter "crm36sigproc36" calls=0 time=0 mean=0 max=0 [ms]
[09:13:15.802] D [  tbb   ] WireCell::IDepoFramer "ductor39" calls=0 time=0 mean=0 max=0 [ms]
[09:13:15.802] D [  tbb   ] WireCell::IFrameFilter "crm95sigproc95" calls=0 time=0 mean=0 max=0 [ms]
[09:13:15.802] D [  tbb   ] WireCell::IDepoFramer "ductor88" calls=0 time=0 mean=0 max=0 [ms]
[09:13:15.802] D [  tbb   ] WireCell::IFrameFilter "addnoisecrm0" calls=0 time=0 mean=0 max=0 [ms]
[09:13:15.802] D [  tbb   ] WireCell::IDepoFramer "ductor5" calls=0 time=0 mean=0 max=0 [ms]
[09:13:15.802] D [  tbb   ] WireCell::IFrameFilter "crm12sigproc12" calls=0 time=0 mean=0 max=0 [ms]
[09:13:15.802] D [  tbb   ] WireCell::IDepoFramer "ductor16" calls=0 time=0 mean=0 max=0 [ms]
[09:13:15.802] D [  tbb   ] WireCell::IFrameFilter "crm90sigproc90" calls=0 time=0 mean=0 max=0 [ms]
[09:13:15.802] D [  tbb   ] WireCell::IFrameFilter "reframer12" calls=0 time=0 mean=0 max=0 [ms]
[09:13:15.802] D [  tbb   ] WireCell::IFrameFilter "addnoisecrm23" calls=0 time=0 mean=0 max=0 [ms]
[09:13:15.802] D [  tbb   ] WireCell::IFrameFilter "addnoisecrm27" calls=0 time=0 mean=0 max=0 [ms]
[09:13:15.802] D [  tbb   ] WireCell::IFrameFilter "crm88sigproc88" calls=0 time=0 mean=0 max=0 [ms]
[09:13:15.802] D [  tbb   ] WireCell::IDepoFramer "ductor81" calls=0 time=0 mean=0 max=0 [ms]
[09:13:15.802] D [  tbb   ] WireCell::IDepoFramer "ductor109" calls=0 time=0 mean=0 max=0 [ms]
[09:13:15.802] D [  tbb   ] WireCell::IFrameFilter "digitizer74" calls=0 time=0 mean=0 max=0 [ms]
[09:13:15.802] D [  tbb   ] WireCell::IDepoFramer "ductor34" calls=0 time=0 mean=0 max=0 [ms]
[09:13:15.802] D [  tbb   ] WireCell::IDepoFramer "ductor108" calls=0 time=0 mean=0 max=0 [ms]
[09:13:15.802] D [  tbb   ] WireCell::IFrameFilter "reframer38" calls=0 time=0 mean=0 max=0 [ms]
[09:13:15.802] D [  tbb   ] WireCell::IDepoFramer "ductor50" calls=0 time=0 mean=0 max=0 [ms]
[09:13:15.802] D [  tbb   ] WireCell::IFrameFilter "digitizer4" calls=0 time=0 mean=0 max=0 [ms]
[09:13:15.802] D [  tbb   ] WireCell::IDepoFramer "ductor44" calls=0 time=0 mean=0 max=0 [ms]
[09:13:15.802] D [  tbb   ] WireCell::IFrameFilter "digitizer6" calls=0 time=0 mean=0 max=0 [ms]
[09:13:15.802] D [  tbb   ] WireCell::IFrameFilter "crm38sigproc38" calls=0 time=0 mean=0 max=0 [ms]
[09:13:15.802] D [  tbb   ] WireCell::IFrameFilter "crm102sigproc102" calls=0 time=0 mean=0 max=0 [ms]
[09:13:15.802] D [  tbb   ] WireCell::IDepoFramer "ductor95" calls=0 time=0 mean=0 max=0 [ms]
[09:13:15.802] D [  tbb   ] WireCell::IFrameFilter "addnoisecrm7" calls=0 time=0 mean=0 max=0 [ms]
[09:13:15.802] D [  tbb   ] WireCell::IFrameFilter "digitizer36" calls=0 time=0 mean=0 max=0 [ms]
[09:13:15.802] D [  tbb   ] WireCell::IFrameFilter "crm97sigproc97" calls=0 time=0 mean=0 max=0 [ms]
[09:13:15.802] D [  tbb   ] WireCell::IFrameFilter "crm108sigproc108" calls=0 time=0 mean=0 max=0 [ms]
[09:13:15.802] D [  tbb   ] WireCell::IDepoFramer "ductor101" calls=0 time=0 mean=0 max=0 [ms]
[09:13:15.802] D [  tbb   ] WireCell::IFrameFilter "addnoisecrm13" calls=0 time=0 mean=0 max=0 [ms]
[09:13:15.802] D [  tbb   ] WireCell::IDepoFramer "ductor68" calls=0 time=0 mean=0 max=0 [ms]
[09:13:15.802] D [  tbb   ] WireCell::IFrameFilter "crm23sigproc23" calls=0 time=0 mean=0 max=0 [ms]
[09:13:15.802] D [  tbb   ] WireCell::IFrameFilter "crm15sigproc15" calls=0 time=0 mean=0 max=0 [ms]
[09:13:15.802] D [  tbb   ] WireCell::IDepoFramer "ductor8" calls=0 time=0 mean=0 max=0 [ms]
[09:13:15.802] D [  tbb   ] WireCell::IFrameFilter "crm24sigproc24" calls=0 time=0 mean=0 max=0 [ms]
[09:13:15.802] D [  tbb   ] WireCell::IFrameFilter "addnoisecrm79" calls=0 time=0 mean=0 max=0 [ms]
[09:13:15.802] D [  tbb   ] WireCell::IFrameFilter "addnoisecrm93" calls=0 time=0 mean=0 max=0 [ms]
[09:13:15.802] D [  tbb   ] WireCell::IFrameFilter "crm51sigproc51" calls=0 time=0 mean=0 max=0 [ms]
[09:13:15.802] D [  tbb   ] WireCell::IDepoFramer "ductor51" calls=0 time=0 mean=0 max=0 [ms]
[09:13:15.802] D [  tbb   ] WireCell::IFrameFilter "addnoisecrm86" calls=0 time=0 mean=0 max=0 [ms]
[09:13:15.802] D [  tbb   ] WireCell::IFrameFilter "addnoisecrm50" calls=0 time=0 mean=0 max=0 [ms]
[09:13:15.802] D [  tbb   ] WireCell::IFrameFilter "reframer52" calls=0 time=0 mean=0 max=0 [ms]
[09:13:15.802] D [  tbb   ] WireCell::IFrameFilter "digitizer50" calls=0 time=0 mean=0 max=0 [ms]
[09:13:15.802] D [  tbb   ] WireCell::IFrameFilter "crm50sigproc50" calls=0 time=0 mean=0 max=0 [ms]
[09:13:15.802] D [  tbb   ] WireCell::IFrameFilter "reframer51" calls=0 time=0 mean=0 max=0 [ms]
[09:13:15.802] D [  tbb   ] WireCell::IFrameFilter "digitizer49" calls=0 time=0 mean=0 max=0 [ms]
[09:13:15.802] D [  tbb   ] WireCell::IFrameFilter "crm49sigproc49" calls=0 time=0 mean=0 max=0 [ms]
[09:13:15.802] D [  tbb   ] WireCell::IFrameFilter "digitizer51" calls=0 time=0 mean=0 max=0 [ms]
[09:13:15.802] D [  tbb   ] WireCell::IFrameFilter "addnoisecrm48" calls=0 time=0 mean=0 max=0 [ms]
[09:13:15.802] D [  tbb   ] WireCell::IFrameFilter "reframer50" calls=0 time=0 mean=0 max=0 [ms]
[09:13:15.802] D [  tbb   ] WireCell::IFrameFilter "digitizer48" calls=0 time=0 mean=0 max=0 [ms]
[09:13:15.802] D [  tbb   ] WireCell::IFrameFilter "crm48sigproc48" calls=0 time=0 mean=0 max=0 [ms]
[09:13:15.802] D [  tbb   ] WireCell::IDepoFramer "ductor48" calls=0 time=0 mean=0 max=0 [ms]
[09:13:15.802] D [  tbb   ] WireCell::IFrameFilter "addnoisecrm47" calls=0 time=0 mean=0 max=0 [ms]
[09:13:15.802] D [  tbb   ] WireCell::IFrameFilter "reframer49" calls=0 time=0 mean=0 max=0 [ms]
[09:13:15.802] D [  tbb   ] WireCell::IFrameFilter "digitizer47" calls=0 time=0 mean=0 max=0 [ms]
[09:13:15.802] D [  tbb   ] WireCell::IFrameFilter "crm47sigproc47" calls=0 time=0 mean=0 max=0 [ms]
[09:13:15.802] D [  tbb   ] WireCell::IFrameFilter "digitizer53" calls=0 time=0 mean=0 max=0 [ms]
[09:13:15.802] D [  tbb   ] WireCell::IFrameFilter "reframer57" calls=0 time=0 mean=0 max=0 [ms]
[09:13:15.802] D [  tbb   ] WireCell::IFrameFilter "digitizer55" calls=0 time=0 mean=0 max=0 [ms]
[09:13:15.802] D [  tbb   ] WireCell::IDepoFramer "ductor55" calls=0 time=0 mean=0 max=0 [ms]
[09:13:15.802] D [  tbb   ] WireCell::IFrameFilter "addnoisecrm72" calls=0 time=0 mean=0 max=0 [ms]
[09:13:15.802] D [  tbb   ] WireCell::IFrameFilter "addnoisecrm54" calls=0 time=0 mean=0 max=0 [ms]
[09:13:15.802] D [  tbb   ] WireCell::IFrameFilter "crm54sigproc54" calls=0 time=0 mean=0 max=0 [ms]
[09:13:15.802] D [  tbb   ] WireCell::IDepoFramer "ductor54" calls=0 time=0 mean=0 max=0 [ms]
[09:13:15.802] D [  tbb   ] WireCell::IFrameFilter "addnoisecrm53" calls=0 time=0 mean=0 max=0 [ms]
[09:13:15.802] D [  tbb   ] WireCell::IFrameFilter "reframer55" calls=0 time=0 mean=0 max=0 [ms]
[09:13:15.802] D [  tbb   ] WireCell::IDepoFramer "ductor47" calls=0 time=0 mean=0 max=0 [ms]
[09:13:15.802] D [  tbb   ] WireCell::IFrameFilter "crm53sigproc53" calls=0 time=0 mean=0 max=0 [ms]
[09:13:15.802] D [  tbb   ] WireCell::IDepoFramer "ductor53" calls=0 time=0 mean=0 max=0 [ms]
[09:13:15.802] D [  tbb   ] WireCell::IFrameFilter "addnoisecrm52" calls=0 time=0 mean=0 max=0 [ms]
[09:13:15.802] D [  tbb   ] WireCell::IFrameFilter "reframer54" calls=0 time=0 mean=0 max=0 [ms]
[09:13:15.802] D [  tbb   ] WireCell::IFrameFilter "digitizer52" calls=0 time=0 mean=0 max=0 [ms]
[09:13:15.802] D [  tbb   ] WireCell::IFrameFilter "crm52sigproc52" calls=0 time=0 mean=0 max=0 [ms]
[09:13:15.802] D [  tbb   ] WireCell::IDepoFramer "ductor52" calls=0 time=0 mean=0 max=0 [ms]
[09:13:15.802] D [  tbb   ] WireCell::IFrameFilter "addnoisecrm51" calls=0 time=0 mean=0 max=0 [ms]
[09:13:15.802] D [  tbb   ] WireCell::IFrameFilter "reframer53" calls=0 time=0 mean=0 max=0 [ms]
[09:13:15.802] D [  tbb   ] WireCell::IFrameFilter "addnoisecrm83" calls=0 time=0 mean=0 max=0 [ms]
[09:13:15.803] D [  tbb   ] WireCell::IFrameFilter "reframer17" calls=0 time=0 mean=0 max=0 [ms]
[09:13:15.803] D [  tbb   ] WireCell::IFrameFilter "crm67sigproc67" calls=0 time=0 mean=0 max=0 [ms]
[09:13:15.803] D [  tbb   ] WireCell::IFrameFilter "addnoisecrm92" calls=0 time=0 mean=0 max=0 [ms]
[09:13:15.803] D [  tbb   ] WireCell::IFrameFilter "addnoisecrm38" calls=0 time=0 mean=0 max=0 [ms]
[09:13:15.803] D [  tbb   ] WireCell::IFrameFilter "addnoisecrm36" calls=0 time=0 mean=0 max=0 [ms]
[09:13:15.803] D [  tbb   ] WireCell::IFrameFilter "reframer56" calls=0 time=0 mean=0 max=0 [ms]
[09:13:15.803] D [  tbb   ] WireCell::IFrameFilter "digitizer54" calls=0 time=0 mean=0 max=0 [ms]
[09:13:15.803] D [  tbb   ] WireCell::IFrameFilter "addnoisecrm109" calls=0 time=0 mean=0 max=0 [ms]
[09:13:15.803] D [  tbb   ] WireCell::IFrameFilter "crm27sigproc27" calls=0 time=0 mean=0 max=0 [ms]
[09:13:15.803] D [  tbb   ] WireCell::IFrameFilter "addnoisecrm39" calls=0 time=0 mean=0 max=0 [ms]
[09:13:15.803] D [  tbb   ] WireCell::IFrameFilter "addnoisecrm55" calls=0 time=0 mean=0 max=0 [ms]
[09:13:15.803] D [  tbb   ] WireCell::IFrameFilter "crm100sigproc100" calls=0 time=0 mean=0 max=0 [ms]
[09:13:15.803] D [  tbb   ] WireCell::IDepoFramer "ductor93" calls=0 time=0 mean=0 max=0 [ms]
[09:13:15.803] D [  tbb   ] WireCell::IFrameFilter "addnoisecrm5" calls=0 time=0 mean=0 max=0 [ms]
[09:13:15.803] D [  tbb   ] WireCell::IFrameFilter "digitizer98" calls=0 time=0 mean=0 max=0 [ms]
[09:13:15.803] D [  tbb   ] WireCell::IFrameFilter "reframer91" calls=0 time=0 mean=0 max=0 [ms]
[09:13:15.803] D [  tbb   ] WireCell::IFrameFilter "reframer64" calls=0 time=0 mean=0 max=0 [ms]
[09:13:15.803] D [  tbb   ] WireCell::IFrameFilter "digitizer62" calls=0 time=0 mean=0 max=0 [ms]
[09:13:15.803] D [  tbb   ] WireCell::IFrameFilter "crm59sigproc59" calls=0 time=0 mean=0 max=0 [ms]
[09:13:15.803] D [  tbb   ] WireCell::IDepoFramer "ductor70" calls=0 time=0 mean=0 max=0 [ms]
[09:13:15.803] D [  tbb   ] WireCell::IFrameFilter "crm76sigproc76" calls=0 time=0 mean=0 max=0 [ms]
[09:13:15.803] D [  tbb   ] WireCell::IFrameFilter "addnoisecrm100" calls=0 time=0 mean=0 max=0 [ms]
[09:13:15.803] D [  tbb   ] WireCell::IFrameFilter "reframer63" calls=0 time=0 mean=0 max=0 [ms]
[09:13:15.803] D [  tbb   ] WireCell::IFrameFilter "digitizer61" calls=0 time=0 mean=0 max=0 [ms]
[09:13:15.803] D [  tbb   ] WireCell::IFrameFilter "addnoisecrm46" calls=0 time=0 mean=0 max=0 [ms]
[09:13:15.803] D [  tbb   ] WireCell::IFrameFilter "addnoisecrm43" calls=0 time=0 mean=0 max=0 [ms]
[09:13:15.803] D [  tbb   ] WireCell::IFrameFilter "crm78sigproc78" calls=0 time=0 mean=0 max=0 [ms]
[09:13:15.803] D [  tbb   ] WireCell::IDepoFramer "ductor71" calls=0 time=0 mean=0 max=0 [ms]
[09:13:15.803] D [  tbb   ] WireCell::IFrameFilter "crm81sigproc81" calls=0 time=0 mean=0 max=0 [ms]
[09:13:15.803] D [  tbb   ] WireCell::IDepoFramer "ductor74" calls=0 time=0 mean=0 max=0 [ms]
[09:13:15.803] D [  tbb   ] WireCell::IFrameFilter "crm4sigproc4" calls=0 time=0 mean=0 max=0 [ms]
[09:13:15.803] D [  tbb   ] WireCell::IFrameFilter "crm83sigproc83" calls=0 time=0 mean=0 max=0 [ms]
[09:13:15.803] D [  tbb   ] WireCell::IDepoFramer "ductor76" calls=0 time=0 mean=0 max=0 [ms]
[09:13:15.803] D [  tbb   ] WireCell::IFrameFilter "addnoisecrm40" calls=0 time=0 mean=0 max=0 [ms]
[09:13:15.803] D [  tbb   ] WireCell::IFrameFilter "digitizer101" calls=0 time=0 mean=0 max=0 [ms]
[09:13:15.803] D [  tbb   ] WireCell::IFrameFilter "reframer94" calls=0 time=0 mean=0 max=0 [ms]
[09:13:15.803] D [  tbb   ] WireCell::IFrameFilter "crm65sigproc65" calls=0 time=0 mean=0 max=0 [ms]
[09:13:15.803] D [  tbb   ] WireCell::IFrameFilter "addnoisecrm89" calls=0 time=0 mean=0 max=0 [ms]
[09:13:15.803] D [  tbb   ] WireCell::IFrameFilter "crm63sigproc63" calls=0 time=0 mean=0 max=0 [ms]
[09:13:15.803] D [  tbb   ] WireCell::IFrameFilter "crm55sigproc55" calls=0 time=0 mean=0 max=0 [ms]
wclsFrameSaver: saving 121 traces tagged "gauss"
FrameSaver: q=16047.5 n=2531 tag=gauss
wclsFrameSaver: saving 186 traces tagged "wiener"
FrameSaver: q=16404 n=2137 tag=wiener
wclsFrameSaver: no traces tagged "dnnsp"
FrameSaver: q=0 n=0 tag=dnnsp
05-May-2026 09:13:15 CDT  Opened output file with pattern "detsim.root"
05-May-2026 09:13:16 CDT  Closed output file "detsim.root"
05-May-2026 09:13:16 CDT  Closed input file "g4.root"

================================================================================================================================
TimeTracker printout (sec)                        Min           Avg           Max         Median          RMS         nEvts   
================================================================================================================================
Full event                                      26.618        26.618        26.618        26.618           0            1     
--------------------------------------------------------------------------------------------------------------------------------
source:RootInput(read)                        0.000329643   0.000329643   0.000329643   0.000329643        0            1     
simulate:rns:RandomNumberSaver                0.000127937   0.000127937   0.000127937   0.000127937        0            1     
simulate:tpcrawdecoder:WireCellToolkit          26.516        26.516        26.516        26.516           0            1     
[art]:TriggerResults:TriggerResultInserter    9.1225e-05    9.1225e-05    9.1225e-05    9.1225e-05         0            1     
end_path:out1:RootOutput                      1.4697e-05    1.4697e-05    1.4697e-05    1.4697e-05         0            1     
end_path:out1:RootOutput(write)                0.101109      0.101109      0.101109      0.101109          0            1     
================================================================================================================================

====================================================================================================
MemoryTracker summary (base-10 MB units used)

  Peak virtual memory usage (VmPeak)  : 3141.61 MB
  Peak resident set size usage (VmHWM): 1380.61 MB
====================================================================================================
Art has completed and will exit with status 0.
